UJAHR,UMONAT,USTUNDE,UWOCHENTAG,UKATEGORIE,UART,UTYP1,ULICHTVERH,IstRad,IstPKW,IstFuss,IstKrad,XGCSWGS84,YGCSWGS84
2019,7,18,1,3,5,3,0,1,1,0,0,7.590529678000053,51.97372694400008
2019,7,14,5,3,4,2,0,1,1,0,0,7.637002667000047,51.953792272000044
2019,7,8,5,2,5,3,0,1,1,0,0,6.974017625000045,50.95621313500004
2019,7,8,7,3,3,7,0,1,1,0,0,7.62263581600007,51.89674801400008
2019,7,18,4,3,2,1,0,1,0,0,0,7.623520488000054,51.946368551000035
2019,7,14,4,3,5,6,0,1,0,0,0,7.626322803000051,51.93261072400003
2019,7,6,4,3,0,1,0,1,0,0,0,6.955610873000069,50.95737266200007
2019,7,0,4,3,0,1,2,1,0,0,0,6.920397465000065,50.95372489700003
2019,7,13,3,3,1,7,0,1,0,0,0,7.642509265000058,51.956608146000065
2019,7,6,3,2,5,3,0,1,1,0,0,7.659894028000053,51.934171579000065
2019,7,16,3,3,5,2,0,1,1,0,0,7.633126219000076,51.90818021800004
2019,7,9,3,3,1,5,0,1,0,0,0,6.835289143000068,50.938367509000045
2019,7,17,3,3,4,2,0,1,1,0,0,7.862134447000074,51.671700143000066
2019,7,17,3,2,0,1,0,1,0,0,0,7.83505109400005,51.70444074000005
2019,7,16,5,3,1,3,0,1,1,0,0,7.050273920000052,50.94292542900007
2019,7,4,5,2,9,1,2,1,0,0,0,6.894983579000041,50.937214235000056
2019,7,17,2,3,5,3,0,1,1,0,0,7.603182566000044,51.879589416000044
2019,7,22,5,3,0,1,2,1,0,0,0,6.91609360700005,50.93067068100004
2019,7,11,2,2,0,1,0,1,0,0,0,7.105898952000075,50.88107173800006
2019,7,20,2,3,2,2,0,1,0,0,0,6.936317723000059,50.94182714300007
2019,7,18,2,3,6,4,0,1,0,1,0,6.966632472000072,50.92356108900003
2019,7,20,5,3,1,5,0,1,1,0,0,7.777508527000066,51.69215543100006
2019,7,13,7,2,0,1,0,1,0,0,0,7.695406763000051,51.989277048000076
2019,7,13,7,3,0,1,0,1,0,0,0,6.954722868000033,50.99590837300008
2019,7,16,7,2,5,3,0,1,1,0,0,6.932533971000055,50.943697763000046
2019,7,17,7,3,0,1,0,1,0,0,0,6.937656487000027,50.936485351000044
2019,7,11,6,3,5,3,0,1,0,0,0,7.648686103000046,51.95506900300006
2019,7,8,2,3,5,3,0,1,1,0,0,7.631177721000029,51.94750814300005
2019,7,13,2,2,5,2,0,1,0,0,0,7.64097971700005,51.96172399400007
2019,7,9,6,3,5,3,0,1,1,0,0,6.852773814000045,50.977481613000066
2019,7,16,2,3,5,2,0,1,0,0,0,7.027678368000068,50.942797760000076
2019,7,15,2,2,0,7,0,1,0,0,0,6.925812275000055,50.945996414000035
2019,7,9,2,3,3,3,0,1,0,0,0,6.918463096000039,50.93663010700004
2019,7,6,2,3,5,3,0,1,1,0,0,6.939353185000073,50.92703465000005
2019,7,16,1,3,3,6,0,1,0,0,0,7.634404194000069,51.96204934800005
2019,7,16,1,2,0,2,0,1,0,1,0,6.865734627000052,50.97081359100008
2019,7,20,4,3,1,5,0,1,1,0,0,7.865516092000064,51.69143845600007
2019,8,18,6,2,0,1,0,1,0,0,0,6.926610772000061,50.94271708000008
2019,7,17,3,3,3,6,0,1,0,0,0,7.641523308000046,51.956995763000066
2019,7,16,3,3,5,3,0,1,1,0,0,7.083498165000037,50.869512248000035
2019,7,17,3,3,5,3,0,1,0,0,0,7.111160744000074,50.84747238300008
2019,7,16,3,3,5,3,0,1,1,0,0,6.918673044000059,51.01827701000008
2019,7,17,3,3,2,6,0,1,1,0,0,6.903145515000063,50.93720995800004
2019,7,10,3,3,0,3,0,1,1,0,0,6.882575177000035,50.93758242300004
2019,7,15,3,3,5,3,0,1,0,0,0,6.962735764000058,50.930332400000054
2019,8,20,5,2,6,7,0,1,0,1,0,7.543069567000032,51.95482978900003
2019,7,20,3,3,0,1,0,1,0,0,0,7.854032440000026,51.690957093000065
2019,8,14,5,3,0,1,0,1,0,0,0,6.95482947000005,50.99861009600005
2019,8,9,2,3,0,1,0,1,0,0,0,7.006703793000042,50.96946705700003
2019,8,19,4,2,3,1,0,1,0,0,0,7.570000753000045,51.98534373000007
2019,8,1,1,3,5,6,2,1,1,0,0,7.640775564000023,51.97127143600005
2019,8,10,1,3,0,1,0,1,0,0,0,7.603037258000029,52.018260001000044
2019,8,12,4,2,5,2,0,1,1,0,0,6.952444917000037,50.969833839000046
2019,8,14,4,3,3,6,0,1,1,0,0,6.921934917000044,50.91058013900005
2019,8,19,4,3,6,4,0,1,0,1,0,6.939969096000027,50.94053992900007
2019,8,17,1,3,2,6,0,1,1,0,0,6.844885647000069,50.91795123700007
2019,8,15,7,3,5,3,0,1,1,0,0,7.662159147000068,51.99488702100007
2019,8,15,3,3,2,6,0,1,0,0,0,6.886548377000054,50.93762891000006
2019,8,16,1,3,5,2,0,1,1,0,0,7.619666024000026,51.95735476300007
2019,8,17,1,3,0,1,0,1,0,0,0,7.024998467000046,50.96544851900006
2019,8,23,1,3,0,1,2,1,0,0,0,6.959033491000071,50.950972257000046
2019,8,16,3,2,5,3,0,1,1,0,0,7.675388919000056,51.94942112500007
2019,8,14,7,3,0,7,0,1,0,0,0,7.614490566000029,52.00192464600008
2019,8,12,7,3,6,7,0,1,1,1,0,7.625629113000059,51.93529095500003
2019,8,15,3,3,6,4,0,1,0,1,0,7.00384843300003,50.96186069700008
2019,8,17,3,3,6,4,0,1,0,1,0,6.908697308000058,50.93710395900007
2019,8,17,3,2,0,1,0,1,0,0,0,6.920338444000038,50.93210017200005
2019,8,15,3,2,1,1,0,1,1,0,0,7.789384906000066,51.66653579500007
2019,8,9,6,3,5,3,0,1,1,0,0,7.622046148000038,51.893911400000036
2019,8,7,2,3,0,1,0,1,0,0,0,7.625104708000038,51.904402117000075
2019,8,11,2,3,2,6,0,1,1,0,0,6.931061627000076,50.918950531000064
2019,8,17,6,3,5,3,0,1,1,0,0,7.825214538000068,51.69614373700006
2019,8,10,6,3,5,3,0,1,1,0,0,7.826895092000029,51.677392016000056
2019,8,19,4,3,0,1,0,1,0,0,0,6.939108984000029,50.93721227900005
2019,8,16,2,3,5,3,0,1,1,0,0,7.857745891000036,51.69169206200007
2019,8,19,4,2,5,3,0,1,0,0,0,6.898310151000032,50.93732262300006
2019,8,17,4,3,3,6,0,1,0,0,0,7.626856082000074,51.95556494200008
2019,8,7,6,3,3,6,0,1,0,0,0,7.635545659000059,51.95290444700004
2019,8,6,6,3,5,3,0,1,1,0,0,7.694989449000047,51.911066755000036
2019,8,17,6,3,5,3,0,1,1,0,0,6.847831489000043,50.91842778100005
2019,8,14,6,3,5,2,0,1,1,0,0,6.903558839000027,50.93702091700004
2019,8,11,6,2,3,6,0,1,0,0,0,6.908372192000059,50.90846814900004
2019,8,16,5,3,2,6,0,1,0,0,0,7.646048728000039,51.963162976000035
2019,8,19,5,3,6,4,1,1,0,1,0,6.939069245000042,50.93703214200008
2019,8,15,7,3,0,1,0,1,0,0,0,6.91736015400005,50.94977826200005
2019,8,7,2,3,5,3,0,1,1,0,0,7.641458509000074,51.97664058400005
2019,8,19,2,3,5,2,0,1,1,0,0,7.046551109000063,50.97009394300005
2019,8,15,2,3,1,5,0,1,1,0,0,6.950417967000021,50.955657521000035
2019,8,7,2,3,5,2,0,1,0,0,0,6.951019397000039,50.973147776000076
2019,8,9,2,3,5,7,0,1,1,0,0,6.853822034000075,50.91970209900006
2019,8,15,2,2,1,5,0,1,1,0,0,6.939408339000067,50.934195714000055
2019,8,13,2,3,7,7,0,1,0,0,0,6.930755353000052,50.93658395400007
2019,8,15,2,2,5,3,0,1,1,0,0,7.75476117900007,51.71244014900003
2019,8,12,2,3,5,7,0,1,1,0,0,7.828028327000027,51.67022219900008
2019,8,13,3,3,1,2,0,1,1,0,0,6.952444917000037,50.969833839000046
2019,8,17,3,3,3,6,0,1,0,0,0,6.904121792000069,50.90142890000004
2019,8,20,6,3,3,6,1,1,0,0,1,6.936505627000031,50.936503611000035
2019,8,14,6,3,5,3,0,1,1,0,0,6.928696647000038,50.959978171000046
2019,8,19,5,2,3,6,0,1,1,0,0,6.926666055000055,50.94567641200007
2019,8,23,6,3,6,6,2,1,0,1,0,6.955961114000047,50.935143538000034
2019,8,23,6,3,3,2,2,1,1,0,0,6.908275881000066,50.93692581100004
2019,8,16,4,3,5,3,0,1,1,0,0,7.594482139000036,51.98853758300004
2019,8,16,4,3,0,1,0,1,0,0,0,6.940834266000024,50.93119763000004
2019,8,21,6,3,0,6,2,1,1,0,0,7.103366141000038,50.85902088000006
2019,8,11,6,3,0,1,0,1,0,0,0,6.896663437000029,50.92559579700003
2019,8,16,2,3,2,7,0,1,1,0,0,6.917414457000064,50.949743150000074
2019,8,11,1,3,0,7,0,1,0,0,0,7.085707121000041,50.92216929600005
2019,8,16,1,3,0,6,0,1,0,0,0,6.979396693000069,50.95903856100006
2019,8,15,2,2,5,3,0,1,1,0,0,7.094943795000063,50.846082110000054
2019,8,3,1,3,0,7,2,1,0,0,0,6.969117345000029,50.904287546000035
2019,8,15,1,3,5,3,0,1,1,0,0,7.882968868000035,51.69767332200007
2019,8,21,7,3,3,7,2,1,1,0,0,7.625269398000057,51.95181226300008
2019,8,23,7,3,0,7,2,1,0,0,0,7.668406365000067,51.996720819000075
2019,8,10,7,2,0,1,0,1,0,0,0,7.673377983000023,51.97013868200003
2019,8,21,7,2,0,1,2,1,0,0,0,7.618726314000071,51.88552341500008
2019,8,10,7,3,5,3,0,1,0,0,1,6.886449163000066,50.93374035100004
2019,8,21,7,3,9,7,2,1,0,0,0,6.966517174000046,50.95021223800006
2019,8,15,6,3,0,1,0,1,0,0,0,7.620761663000053,51.96665102000003
2019,8,7,5,3,5,3,0,1,1,0,0,7.647101382000074,51.98560691100005
2019,8,14,4,3,1,3,0,1,1,0,0,6.916772149000053,50.916960876000076
2019,8,13,4,3,5,2,0,1,0,0,0,6.95624551800006,50.93502867800004
2019,8,16,5,3,5,2,0,1,1,0,0,7.012733893000075,50.97406611400004
2019,8,10,5,3,0,2,0,1,0,0,0,7.614605694000034,51.96758388200004
2019,8,9,4,3,3,2,0,1,1,0,0,7.813798046000045,51.67937640500003
2019,8,15,5,3,5,3,0,1,1,0,0,6.923158163000039,50.85671711900005
2019,8,9,3,3,2,6,0,1,0,0,0,7.602851792000024,51.95524155800007
2019,8,7,5,2,3,3,0,1,1,0,0,7.613277488000051,51.993349617000035
2019,8,9,3,3,5,3,0,1,1,0,0,7.08165845700006,50.881516876000035
2019,8,15,3,3,0,5,0,1,1,0,0,6.940391306000038,50.93574904800005
2019,8,19,3,3,6,7,0,1,0,1,0,6.941888430000063,50.944609643000035
2019,8,13,5,3,5,3,0,1,1,0,0,7.658517066000059,51.99577724300008
2019,8,16,5,3,1,6,0,1,1,0,0,6.911987759000056,50.953259166000066
2019,8,10,5,3,3,6,0,1,0,0,0,7.635366679000072,51.962010820000046
2019,8,12,6,3,3,6,0,1,0,0,0,7.626816660000031,51.95554604200004
2019,8,18,6,3,0,3,0,1,1,0,0,6.976698322000061,50.93966705200006
2019,8,1,6,3,0,1,2,1,0,0,0,6.933297054000036,50.943365768000035
2019,8,18,6,3,0,7,0,1,0,0,0,6.966083393000076,50.881199638000055
2019,8,15,6,2,0,1,0,1,0,0,0,6.940610999000057,50.93113157500005
2019,8,11,7,3,0,3,0,1,1,0,0,7.588850119000028,51.96527482100004
2019,8,16,6,3,0,7,0,1,0,0,0,7.632889250000062,51.953645032000054
2019,8,23,7,3,8,1,2,1,0,0,0,6.940166636000072,50.94147469200004
2019,9,19,1,2,5,3,0,1,1,0,0,7.654408942000032,51.96656007400003
2019,9,21,1,3,6,4,2,1,0,1,0,6.90993067200003,50.95444654900007
2019,9,4,1,2,5,3,2,1,1,0,0,6.926734328000066,50.942608058000076
2019,9,7,4,3,2,6,0,1,1,0,0,7.057184695000046,50.910570765000045
2019,9,5,4,3,8,6,2,1,1,0,0,6.979562921000024,50.88741195600005
2019,9,12,4,3,0,1,0,1,0,0,0,6.833511350000038,50.938388762000045
2019,9,10,6,3,5,3,0,1,1,0,0,6.829178340000055,50.943002370000045
2019,9,18,6,3,0,7,0,1,0,0,0,6.888916578000021,50.93738718900005
2019,9,15,3,3,0,1,0,1,0,0,0,6.926610772000061,50.94271708000008
2019,9,13,2,3,5,3,0,1,1,0,0,7.646774672000049,51.957027907000054
2019,9,19,2,3,5,3,1,1,1,0,0,6.882137583000031,50.93778771700005
2019,9,14,1,3,3,3,0,1,1,0,0,7.619797829000049,51.954726942000036
2019,9,17,3,3,5,3,0,1,0,0,0,7.076686553000059,50.923693222000054
2019,9,11,3,3,3,2,0,1,1,0,0,7.078896394000026,50.92348838000004
2019,9,17,3,3,4,6,0,1,0,0,0,6.955056558000024,50.95856071400004
2019,9,16,3,3,5,2,0,1,1,0,0,6.89483046600003,50.937398923000046
2019,9,14,3,3,1,3,0,1,0,0,0,6.873698668000031,50.93787019300004
2019,9,13,2,3,5,2,0,1,1,0,0,7.633373236000068,51.953375427000026
2019,9,10,1,3,3,2,0,1,1,0,0,6.972617164000042,50.930406807000054
2019,9,19,1,3,4,6,0,1,0,0,0,6.960739474000036,50.935548932000074
2019,9,16,5,3,3,2,0,1,1,0,0,7.647176159000026,51.90447914400005
2019,9,15,5,3,0,1,0,1,0,0,0,7.020933188000072,50.979081860000065
2019,9,19,5,3,1,3,1,1,0,0,0,6.938981978000072,50.93641287300005
2019,9,20,7,3,5,3,2,1,1,0,0,7.003386707000061,50.961888145000046
2019,9,4,7,3,5,3,2,1,1,0,0,6.926610772000061,50.94271708000008
2019,9,1,7,3,0,1,2,1,0,0,0,6.940272783000069,50.941897752000045
2019,9,17,7,3,6,6,0,1,0,1,0,7.813541959000077,51.68448226600003
2019,9,6,6,3,3,2,1,1,0,0,0,7.624509960000069,51.955610067000066
2019,9,16,4,3,5,3,0,1,1,0,0,7.060651128000075,50.90655843300004
2019,9,10,4,3,3,6,0,1,1,0,0,6.854522069000041,50.998923743000034
2019,9,5,4,2,4,6,2,1,0,0,0,6.82625943000005,51.05629523500005
2019,9,12,6,2,0,7,0,1,0,0,0,6.926577785000063,50.93103142100006
2019,9,11,4,3,3,2,0,1,0,0,0,6.886147494000056,50.964285364000034
2019,9,8,4,3,5,2,0,1,1,0,0,6.912628253000037,50.945707490000075
2019,9,17,3,2,5,2,0,1,1,0,0,6.912880568000048,50.936784888000034
2019,9,18,3,3,1,5,0,1,1,0,0,6.958792728000049,50.92112065600003
2019,9,8,3,3,0,1,0,1,0,0,0,7.812009968000041,51.68077615800007
2019,9,18,2,3,4,3,0,1,1,0,0,6.85613773700004,50.92900498900008
2019,9,11,6,3,0,6,0,1,0,0,0,7.806938298000034,51.681590294000046
2019,9,16,5,3,5,3,0,1,1,0,0,7.569157521000022,51.94234200300008
2019,9,15,5,2,5,3,0,1,1,0,0,7.72367980000007,51.91363119200008
2019,9,20,5,3,5,3,2,1,1,0,0,6.91461083300004,50.94849307700008
2019,9,12,5,3,5,3,0,1,1,0,0,6.956731407000063,50.90383085900004
2019,9,8,4,3,2,2,0,1,1,0,0,7.721174032000022,51.97900112100007
2019,9,15,4,3,3,2,0,1,0,0,0,6.849961930000063,51.042920363000064
2019,9,15,4,3,0,2,0,1,1,0,0,6.91128397500006,50.93682842700008
2019,9,15,4,3,0,7,0,1,0,0,0,6.865946258000065,50.937031395000076
2019,9,6,1,3,0,1,2,1,0,0,0,6.914659383000071,50.90344901900005
2019,9,9,7,3,1,6,0,1,1,0,0,7.625386927000022,51.95220808300007
2019,9,16,1,3,0,1,0,1,0,0,0,7.632805339000072,51.973084709000034
2019,9,8,6,3,5,7,0,1,1,0,0,6.951253196000039,50.97260648400004
2019,9,14,6,3,5,3,0,1,1,0,0,7.677194101000055,51.97387663600006
2019,9,18,1,3,5,3,1,1,1,0,0,7.053004356000031,50.87774370400007
2019,9,11,7,3,4,2,0,1,1,0,0,7.850086481000062,51.68410929700008
2019,9,14,6,3,4,1,0,1,0,0,0,7.706344456000068,51.973732806000044
2019,9,15,7,3,3,1,0,1,0,0,0,7.637728665000054,51.972175750000076
2019,9,14,6,3,6,6,0,1,0,1,0,7.619451629000025,51.95298333300008
2019,9,18,6,3,0,1,0,1,0,0,0,6.858808074000024,50.97567336700007
2019,9,17,7,3,1,5,0,1,1,0,0,6.923664636000069,50.94692525900007
2019,9,15,6,3,0,3,0,1,1,0,0,7.635696709000058,51.901028659000076
2019,9,16,4,3,0,3,0,1,1,0,0,7.099783667000054,50.90940171800003
2019,9,12,4,3,5,3,0,1,1,0,0,6.900548627000035,50.957577137000044
2019,9,9,4,2,0,7,0,1,0,0,0,6.90336067100003,50.93702548500005
2019,9,18,4,3,5,3,0,1,1,0,0,7.883494808000023,51.68589756000006
2019,9,18,3,3,1,5,0,1,1,0,0,6.953667841000026,50.964779977000035
2019,9,10,3,3,6,7,0,1,0,1,0,6.907442787000036,50.927237611000066
2019,9,8,2,3,6,4,0,1,0,1,0,7.619070822000026,51.95246022300006
2019,9,7,2,3,5,2,0,1,1,0,0,7.631835419000026,51.95005232900007
2019,9,13,2,3,5,2,0,1,1,0,0,6.999692699000036,50.95488070400006
2019,9,14,2,3,8,1,0,1,0,0,0,6.926892249000048,50.93046198300004
2019,9,7,4,3,5,3,0,1,1,0,0,7.638857257000041,51.90158376800008
2019,9,5,4,3,5,3,2,1,1,0,0,7.616665904000058,51.93964869400003
2019,9,13,4,3,5,2,0,1,1,0,0,7.655723010000031,51.96796578500005
2019,9,8,6,3,0,3,0,1,1,0,0,7.624959277000073,51.95087558000006
2019,9,22,6,3,0,7,2,1,1,0,0,6.917506630000048,50.94968355300006
2019,9,9,6,3,0,1,0,1,0,0,0,6.930174815000044,50.92480949800006
2019,9,0,1,3,3,6,2,1,1,0,0,6.916600674000051,50.95027136300007
2019,9,2,1,3,0,7,2,1,0,0,0,6.903120991000037,50.95669075600006
2019,9,17,5,3,5,3,0,1,1,0,0,7.527222347000077,51.92026830300006
2019,9,14,5,2,5,7,0,1,1,0,0,7.604101728000046,51.94846800500005
2019,9,9,5,2,5,2,0,1,1,0,0,7.627326967000045,51.898897032000036
2019,9,19,5,3,0,7,2,1,1,0,0,6.90798688700005,50.933097461000045
2019,10,14,4,3,6,7,0,1,0,1,0,7.823209834000068,51.674600532000056
2019,10,12,4,3,1,5,0,1,1,0,0,7.805830662000062,51.659606557000075
2019,10,16,4,3,3,6,0,1,0,0,0,7.817083755000056,51.678022991000034
2019,10,5,3,3,5,3,2,1,1,0,0,6.872668674000067,51.001912950000076
2019,10,16,3,3,5,3,0,1,1,0,0,6.927597516000049,50.929009257000075
2019,10,17,3,3,0,1,0,1,0,0,0,6.940613359000054,50.93112613900007
2019,10,20,4,3,0,4,1,1,0,1,0,7.611670160000074,51.98245679200005
2019,10,23,4,3,4,6,2,1,0,0,0,7.639085898000076,51.94914522900007
2019,10,10,4,3,6,4,0,1,0,1,0,7.626007809000043,51.954143825000074
2019,10,14,4,3,5,3,0,1,1,0,0,7.588850119000028,51.96527482100004
2019,10,8,4,3,5,3,0,1,1,0,0,6.932753830000024,50.948554399000045
2019,10,8,4,3,5,2,0,1,1,0,0,6.939048433000039,50.935430094000026
2019,10,15,4,3,1,2,0,1,1,0,0,6.940199263000068,50.94162654200005
2019,9,17,2,3,3,5,0,1,1,0,0,6.953020690000074,50.95635590200004
2019,9,3,2,3,3,2,2,1,1,0,0,6.890417554000067,50.92467867000005
2019,10,21,1,3,5,7,2,1,1,0,0,7.646622808000075,51.964891402000035
2019,10,10,3,3,0,2,0,1,1,0,0,7.588145603000044,51.97042157200008
2019,10,8,3,3,3,6,0,1,0,0,0,7.619843095000022,51.95501409500008
2019,10,20,7,2,5,3,2,1,1,0,0,7.036945210000056,50.996510415000046
2019,10,14,3,3,1,5,0,1,1,0,0,6.915718736000031,50.95084135800005
2019,10,9,3,3,5,3,0,1,0,0,1,6.890716055000041,50.911656942000036
2019,10,16,6,3,5,3,0,1,1,0,0,7.590189830000043,51.97370329300003
2019,10,7,6,3,1,5,1,1,1,0,0,7.107362463000072,50.876820440000074
2019,10,7,2,3,5,3,1,1,1,0,0,7.624972137000043,51.93704603400005
2019,10,10,2,3,0,7,0,1,0,1,0,7.605390872000044,51.97423254200004
2019,10,13,2,3,1,7,0,1,1,0,0,6.917358992000061,50.94977901300007
2019,10,8,2,3,5,2,0,1,1,0,0,6.943557440000063,50.92774994900003
2019,10,14,6,3,5,3,0,1,1,0,0,7.809372304000021,51.690686612000036
2019,10,22,5,3,0,7,2,1,0,0,0,7.617744228000049,51.96106319300003
2019,10,7,5,3,8,2,0,1,1,0,0,6.888916578000021,50.93738718900005
2019,10,22,5,3,0,1,2,1,0,0,0,6.921944806000056,50.93658198300005
2019,10,17,7,2,0,1,0,1,0,0,0,7.65654156100004,51.93648969600008
2019,10,5,7,3,0,7,2,1,0,1,0,6.82001802800005,50.95515145200005
2019,10,17,7,3,5,2,0,1,1,0,0,6.93996506600007,50.94052435400005
2019,10,16,5,3,3,3,0,1,1,0,0,7.756974944000035,51.68948652800003
2019,10,7,4,3,3,6,0,1,0,0,0,7.645948553000039,51.95575233500006
2019,10,9,4,3,0,1,0,1,0,0,0,6.922798415000045,50.93292227400008
2019,10,15,6,3,3,2,0,1,1,0,0,7.687416745000064,51.993081018000055
2019,10,12,6,3,0,7,0,1,0,0,0,7.002245459000051,50.98016804700006
2019,10,14,6,2,1,5,0,1,0,0,0,6.921832488000064,50.94769062900008
2019,10,16,6,3,0,4,0,1,0,1,0,6.908454954000035,50.93749210200008
2019,10,16,6,3,5,2,0,1,1,0,0,6.915024085000027,50.92030376800005
2019,10,14,6,3,0,4,0,1,0,1,0,6.932621428000061,50.93656096800004
2019,10,3,5,2,0,1,2,1,0,0,0,7.59198536100007,51.939587336000045
2019,10,8,3,3,5,2,0,1,1,0,0,7.034495501000038,50.96738901200007
2019,10,17,5,3,0,3,0,1,1,0,0,6.981408153000075,50.93728093400006
2019,10,7,5,3,0,2,0,1,1,0,0,6.955747191000057,50.95711777900004
2019,10,15,2,3,6,7,0,1,0,1,0,7.63594114700004,51.95939329400005
2019,10,14,2,3,0,7,0,1,0,0,0,7.001914200000044,50.910850534000076
2019,10,17,2,3,3,6,0,1,0,0,0,6.908828765000067,50.92776163700006
2019,10,14,2,3,4,6,0,1,0,0,0,6.941140080000025,50.905072870000026
2019,10,14,2,3,0,1,0,1,0,0,0,6.908163827000067,50.935074248000035
2019,10,17,4,3,6,1,1,1,0,1,0,7.620351514000049,51.97461958700006
2019,10,10,4,3,6,4,0,1,0,1,0,7.640885731000026,51.95726918400004
2019,10,21,4,3,4,6,2,1,0,0,0,7.675984797000069,51.97063016700008
2019,10,19,4,3,1,7,2,1,1,0,0,7.628859128000045,51.92703137800004
2019,10,7,4,3,1,5,1,1,1,0,0,6.920136308000053,50.90888101200005
2019,10,17,4,3,5,2,0,1,1,0,0,6.931692849000058,50.919894286000044
2019,10,16,2,3,5,2,0,1,1,0,0,7.817051187000061,51.67815224800006
2019,10,23,1,3,5,3,2,1,1,0,0,7.604598714000076,51.93727167800006
2019,10,16,1,3,0,7,0,1,0,0,0,6.894431998000073,50.96041070200005
2019,10,13,1,3,0,1,0,1,0,0,0,6.916073655000048,50.93066272600004
2019,10,5,7,2,0,1,2,1,0,0,0,7.640869225000074,51.96172575800006
2019,10,11,7,3,0,1,0,1,0,0,0,6.908355828000026,50.93712204500008
2019,10,14,7,3,5,3,0,1,1,0,0,6.948185899000066,50.94759578500003
2019,10,11,6,2,6,2,0,1,0,1,0,7.642345431000024,51.90390282200008
2019,10,14,6,3,1,5,0,1,1,0,0,6.929433018000054,50.94470512500004
2019,10,0,5,2,0,1,2,1,0,0,0,6.934237888000041,50.95001962500004
2019,10,0,4,3,3,6,2,1,1,0,0,6.957163808000075,50.95294607900007
2019,10,10,4,3,0,2,0,1,0,0,0,6.934349129000054,50.93304152800005
2019,10,8,3,3,5,2,0,1,0,0,0,7.632947175000027,51.913609026000074
2019,10,2,3,3,7,2,2,1,0,0,0,7.626400722000028,51.95544181400004
2019,10,12,3,3,5,3,0,1,1,0,0,6.927592566000044,50.92901727200007
2019,10,14,2,3,5,3,0,1,1,0,0,7.618278797000073,51.97452042500004
2019,10,8,5,3,0,3,0,1,0,0,1,6.949022950000028,50.93542911900005
2019,10,7,1,3,0,3,0,1,1,0,0,7.607051562000038,51.882312332000026
2019,10,2,1,2,0,1,2,1,0,0,0,6.93972370900002,50.93958775200008
2019,10,18,2,3,5,3,2,1,1,0,0,7.624527316000069,51.93944056700008
2019,10,1,1,2,5,3,2,1,1,0,0,7.800236864000055,51.70377185000007
2019,10,19,7,3,0,6,2,1,0,1,0,6.911231550000025,50.95374403800008
2019,10,18,7,3,5,3,0,1,0,0,0,7.817064505000076,51.67524189900007
2019,10,12,2,3,3,7,0,1,1,0,0,7.612428957000077,51.952435097000034
2019,10,9,2,3,2,6,0,1,1,0,0,6.990343334000045,50.89151334100006
2019,10,9,6,3,0,7,0,1,1,0,0,7.597797417000038,51.97864326500007
2019,10,13,6,3,5,3,0,1,1,0,0,7.095448949000058,50.858720867000045
2019,10,16,6,2,5,3,0,1,1,0,0,6.984145128000023,50.921213332000036
2019,10,16,6,2,0,7,0,1,0,0,0,6.938590608000027,50.99682907300007
2019,10,11,6,3,5,2,0,1,1,0,0,6.900403205000032,50.93709350100005
2019,10,12,6,3,0,7,0,1,1,0,0,6.924953634000076,50.93358507000005
2019,10,16,2,3,5,2,0,1,1,0,0,7.635723904000031,51.959474700000044
2019,10,11,3,2,0,1,0,1,0,0,0,6.900043821000054,50.95775909000008
2019,10,12,3,3,5,3,0,1,1,0,0,7.798521247000053,51.65536513200004
2019,10,9,4,3,5,3,0,1,1,0,0,7.778844968000044,51.66565268800008
2019,10,19,5,3,4,2,2,1,1,0,0,7.804779350000047,51.67188654600005
2019,10,15,4,3,6,7,0,1,0,1,0,6.888916578000021,50.93738718900005
2019,10,13,4,3,0,7,0,1,1,0,0,6.961746504000075,50.93619766300003
2019,10,8,5,3,0,1,0,1,0,0,0,6.99674535500003,50.96393666200004
2019,10,17,5,3,0,1,1,1,0,0,0,6.835268919000043,51.05227970400006
2019,10,5,5,3,5,3,1,1,1,0,0,6.915637225000069,50.97097808700005
2019,11,12,2,3,3,2,0,1,1,0,0,7.033240564000039,50.938636245000055
2019,11,7,2,3,5,2,0,1,0,0,0,7.001743239000064,50.88120971600006
2019,11,12,2,3,5,3,0,1,1,0,0,6.951147844000047,50.93540245200006
2019,11,11,2,2,5,3,0,1,1,0,0,7.793275894000033,51.67895611100005
2019,11,8,2,3,5,3,0,1,1,0,0,7.817439593000074,51.68039642400004
2019,11,8,2,3,5,7,0,1,1,0,0,7.817232544000035,51.67220764400008
2019,11,9,1,3,0,1,0,1,0,0,0,7.801351113000067,51.700238685000045
2019,11,16,7,3,5,2,0,1,0,0,0,7.617611551000039,51.96187819600004
2019,11,8,3,3,0,7,0,1,1,0,0,7.864212594000037,51.65980123700007
2019,11,10,2,3,5,3,0,1,1,0,0,7.646198694000077,51.98297076000006