UJAHR,UMONAT,USTUNDE,UWOCHENTAG,UKATEGORIE,UART,UTYP1,ULICHTVERH,IstRad,IstPKW,IstFuss,IstKrad,XGCSWGS84,YGCSWGS84
2019,11,12,5,3,1,5,0,1,1,0,0,7.082660266000062,50.880614096000045
2019,11,18,5,3,5,3,2,1,0,0,0,6.929933948000041,50.92520148400007
2019,11,21,5,3,0,5,2,1,1,0,0,6.940274288000069,50.94190330500004
2019,11,21,4,3,6,7,2,1,0,1,0,7.633431765000069,51.959204138000075
2019,11,17,6,3,5,2,2,1,1,0,0,7.614041241000052,51.96722818000006
2019,11,6,4,3,5,2,1,1,1,0,0,7.08763669800004,50.982164209000075
2019,11,13,6,2,5,3,0,1,1,0,0,7.629127565000033,51.92640708700003
2019,11,10,6,3,5,2,0,1,0,0,0,7.634283866000033,51.95970556100008
2019,11,20,4,2,5,2,2,1,1,0,0,6.928338091000057,50.94507292900005
2019,11,15,4,3,3,2,0,1,1,0,0,7.771847397000045,51.696757611000066
2019,11,8,4,3,5,2,0,1,1,0,0,7.868029388000025,51.691239204000055
2019,11,11,3,3,6,4,0,1,0,1,0,7.642068659000074,51.90384872300007
2019,11,13,3,3,5,3,0,1,1,0,0,7.590551554000058,51.97374148600005
2019,11,9,3,3,0,2,0,1,1,0,0,7.589920428000028,51.96533792100007
2019,11,16,3,3,6,4,0,1,0,1,0,7.018962649000059,50.94918893300007
2019,11,12,6,3,5,3,0,1,1,0,0,7.783722822000073,51.66557783500008
2019,11,22,3,2,7,1,2,1,0,0,0,6.912456827000028,50.95295639100004
2019,11,20,6,3,8,1,2,1,1,0,0,7.786569180000072,51.62622384200006
2019,11,17,3,3,5,3,2,1,1,0,0,6.856638585000042,50.92027217100008
2019,11,9,3,3,0,1,0,1,0,0,0,6.890614299000049,50.92468862800007
2019,11,16,3,3,2,6,1,1,0,0,0,6.984502102000022,50.90065558500004
2019,11,7,3,3,3,2,0,1,1,0,0,6.933033685000055,50.93548073800008
2019,11,16,5,3,5,2,1,1,0,0,0,7.67713357100007,51.95603398700007
2019,11,15,2,3,5,3,0,1,1,0,0,7.710961698000062,51.917324482000026
2019,11,7,2,3,5,3,0,1,1,0,0,7.606230315000062,51.949441583000066
2019,11,10,2,2,0,7,2,1,0,0,0,7.062859963000051,50.90522135800006
2019,11,19,4,2,8,7,2,1,0,0,0,7.700836690000074,51.92325447400003
2019,11,16,4,3,5,2,0,1,1,0,0,7.028232359000072,50.984884495000074
2019,11,15,4,3,5,2,0,1,1,0,0,6.926125831000036,50.86015192000008
2019,11,19,1,3,5,2,2,1,1,0,0,7.632698831000027,51.95372357400004
2019,11,2,1,3,0,7,2,1,0,0,0,6.973444867000069,50.905063907000056
2019,11,6,4,3,5,3,1,1,0,0,0,7.785176991000071,51.63838951400004
2019,11,19,4,3,1,5,2,1,1,0,0,7.784604596000065,51.66562390400003
2019,11,20,3,3,5,3,2,1,1,0,0,6.901405809000039,50.99377023200003
2019,11,18,3,3,2,2,2,1,1,0,0,6.908228679000047,50.93692772000003
2019,11,15,3,3,5,2,0,1,1,0,0,6.925991074000024,50.93673692100003
2019,11,14,7,3,6,4,0,1,0,1,0,6.896712903000037,50.95929490200007
2019,11,7,7,3,8,1,0,1,0,0,0,6.908496842000034,50.92765220700005
2019,11,9,7,3,1,5,0,1,1,0,0,7.780453864000037,51.688921135000044
2019,11,9,2,3,4,2,0,1,1,0,0,7.632705664000071,51.95372075500006
2019,11,19,6,3,5,2,2,1,0,0,0,7.623102488000029,51.944927506000056
2019,11,8,2,3,5,3,0,1,1,0,0,7.601775314000065,51.96673752000004
2019,11,20,2,3,5,2,2,1,1,0,0,7.645682553000029,51.96767995000005
2019,11,15,2,3,0,1,0,1,0,0,0,7.601311279000072,51.96502577100006
2019,11,16,2,3,5,2,2,1,1,0,0,7.570323659000053,51.92494084700007
2019,11,15,2,3,3,6,1,1,0,0,0,7.624171112000056,51.94080904600003
2019,11,14,6,3,6,4,0,1,0,1,0,6.898605356000076,50.95841476100003
2019,11,7,2,3,5,3,2,1,1,0,0,6.959420047000037,50.921079657000064
2019,11,17,5,2,6,7,2,1,0,1,0,7.644614281000031,51.90418041200007
2019,11,16,5,3,5,3,0,1,1,0,0,6.966777246000049,50.921847738000054
2019,11,12,7,3,5,2,0,1,1,0,0,7.631348888000048,51.95399147900008
2019,11,16,7,2,0,1,0,1,0,0,0,7.630366288000062,51.92348261400008
2019,11,14,7,3,0,5,0,1,1,0,0,7.631146973000057,51.94731165500008
2019,11,17,7,3,5,7,2,1,1,0,0,7.584922950000021,51.92712800800007
2019,11,10,7,3,6,4,0,1,0,1,0,7.626106318000041,51.95447823100005
2019,11,16,4,3,5,2,1,1,0,0,0,7.622490648000053,51.89377168000004
2019,11,19,4,3,1,7,2,1,1,0,0,6.957055482000044,50.95146850000003
2019,11,7,6,2,0,1,0,1,0,0,0,7.022176635000051,50.980019285000026
2019,11,13,6,3,0,7,0,1,0,0,0,6.885050430000035,50.93768270700008
2019,11,14,6,3,4,7,0,1,0,1,0,6.894453399000042,50.93740622000007
2019,11,12,3,3,2,2,0,1,1,0,0,7.616786758000046,51.95413020700005
2019,11,12,3,3,0,7,0,1,1,0,0,6.858780034000063,50.932898272000045
2019,11,20,3,3,0,3,2,1,1,0,0,6.960314742000037,50.93586810900007
2019,11,7,5,3,5,2,0,1,1,0,0,7.623131817000058,51.944236931000034
2019,11,9,4,3,3,2,0,1,0,0,0,7.793465352000055,51.68851548900005
2019,11,20,3,3,2,2,2,1,1,0,0,7.656398797000065,51.96986870300003
2019,11,12,3,3,5,3,0,1,1,0,0,7.54264665900007,51.99157957800003
2019,11,13,3,3,0,6,0,1,0,0,0,6.933123057000046,50.94344631800004
2019,11,16,2,2,3,1,1,1,0,0,0,7.617790444000036,51.962996942000075
2019,11,8,2,3,0,2,0,1,1,0,0,7.588870361000033,51.965273919000026
2019,11,12,2,3,5,2,0,1,1,0,0,7.62629430100003,51.90963273700004
2019,11,16,2,2,5,2,1,1,1,0,0,7.628517561000024,51.964679036000064
2019,11,17,2,3,5,3,2,1,1,0,0,7.099791849000042,50.90941170200006
2019,11,17,2,3,6,6,1,1,0,1,0,6.993247375000067,51.011204193000026
2019,11,10,2,3,0,7,0,1,0,0,0,6.929100208000023,50.96047658900005
2019,11,17,2,3,2,6,2,1,0,0,0,7.884117210000056,51.68852726600005
2019,11,16,5,3,0,3,0,1,1,0,0,7.671733410000059,51.92471080400003
2019,11,14,5,3,0,1,0,1,0,0,0,7.104171787000041,50.88586629800005
2019,11,17,5,3,5,2,2,1,1,0,0,7.015532394000047,50.95168098200003
2019,11,16,5,3,5,3,1,1,1,0,0,7.01274729000005,50.97409725400007
2019,11,9,5,3,1,5,0,1,1,0,0,6.912947264000025,50.94649269900003
2019,11,9,5,3,3,2,0,1,1,0,0,7.744293930000026,51.66209401500004
2019,11,18,4,3,5,2,2,1,1,0,0,7.625705804000063,51.93425706700003
2019,11,9,4,3,5,2,0,1,1,0,0,7.63109769600004,51.95296026300008
2019,11,18,4,2,0,1,2,1,0,0,0,6.894390225000052,50.92510428200006
2019,11,9,4,3,6,7,0,1,0,1,0,6.929522921000057,50.92627299600008
2019,11,6,6,3,5,3,2,1,1,0,0,7.798503805000053,51.655380999000045
2019,12,7,2,3,1,3,1,1,1,0,0,7.607042589000059,51.97378663500007
2019,12,16,2,2,2,6,1,1,0,0,0,7.581526116000021,51.93508682100003
2019,12,9,2,2,0,1,0,1,0,0,0,6.91166240900003,50.92891359300006
2019,11,16,7,3,5,2,0,1,1,0,0,6.951206131000049,50.97271579800008
2019,11,9,6,3,5,2,0,1,1,0,0,7.623743413000057,51.96594725600005
2019,12,15,4,3,3,3,0,1,1,0,0,7.670395656000039,51.999808270000074
2019,12,8,4,3,5,2,0,1,1,0,0,7.662681482000039,51.93236714300008
2019,12,15,4,3,5,3,0,1,0,0,1,6.921491012000047,50.909815363000064
2019,12,17,4,2,1,5,1,1,1,0,0,7.817090232000055,51.68112990100008
2019,12,7,6,2,0,3,1,1,1,0,0,7.77401031200003,51.66911060700005
2019,12,18,3,3,5,7,2,1,1,0,0,7.664792739000063,51.90582044400003
2019,12,7,3,3,5,2,1,1,1,0,0,7.049825746000067,50.87338179100004
2019,12,10,3,2,0,1,0,1,0,0,0,6.909724908000044,50.938513502000035
2019,12,11,5,3,0,1,0,1,0,0,0,7.003471726000043,50.93803342400008
2019,12,18,5,3,1,5,1,1,1,0,0,7.001530132000028,50.93777033600003
2019,12,20,5,2,5,3,2,1,0,0,0,7.029165886000044,50.96629429600006
2019,12,8,5,3,0,5,0,1,1,0,0,6.957193850000067,50.953264310000066
2019,12,22,5,3,1,5,2,1,0,0,0,6.939761115000067,50.93973297600007
2019,12,16,2,3,5,3,1,1,1,0,0,7.813344531000041,51.67993044100007
2019,12,14,2,3,5,3,0,1,1,0,0,7.871737401000075,51.69093502100003
2019,12,16,1,3,9,7,0,1,0,0,0,6.95416496200005,50.935110165000026
2019,12,10,7,3,5,3,0,1,1,0,0,7.625929598000028,51.955665476000036
2019,12,10,7,3,6,6,0,1,0,1,0,7.639162746000068,51.96175127400005
2019,12,13,7,3,5,3,0,1,1,0,0,6.957082635000063,50.951869472000055
2019,12,12,7,3,0,1,0,1,0,0,0,6.920386833000066,50.95371437600005
2019,12,12,7,2,9,7,0,1,1,0,0,7.806639579000034,51.68157306900008
2019,12,7,3,3,0,1,1,1,0,0,0,7.805617742000038,51.660500031000026
2019,12,9,6,3,1,7,2,1,1,0,0,7.615131736000024,51.993220594000036
2019,12,12,6,3,3,2,0,1,1,0,0,7.619309696000073,51.95278571700004
2019,12,8,6,3,0,3,0,1,1,0,0,6.99286759000006,50.93677584400007
2019,12,15,6,3,0,1,1,1,0,0,0,6.931052925000074,51.00549604500003
2019,12,9,6,3,6,4,0,1,0,1,0,6.912540277000062,50.95290092700003
2019,12,7,6,3,0,1,2,1,0,0,0,6.969697739000026,50.88311900200006
2019,12,11,6,3,5,3,0,1,1,0,0,6.930148231000032,50.909143964000066
2019,12,7,6,3,0,1,2,1,0,0,0,6.930403684000055,50.91832567500006
2019,12,9,2,3,1,1,0,1,1,0,0,6.892128039000056,50.96161159500008
2019,12,9,2,3,5,2,0,1,1,0,0,6.914812038000036,50.95142781800007
2019,12,6,2,3,5,3,2,1,0,0,0,6.932757098000025,50.94874867300007
2019,12,16,2,3,5,3,2,1,1,0,0,6.910511047000057,50.89945379100004
2019,12,7,4,3,5,2,2,1,1,0,0,7.689347851000036,51.91016395400004
2019,12,12,4,3,0,3,0,1,0,0,0,7.577720002000035,51.99047234600005
2019,12,7,4,3,5,2,2,1,1,0,0,7.694949350000059,51.91106083400007
2019,12,7,4,2,4,6,1,1,0,0,0,6.996744302000025,50.96393698500003
2019,12,6,3,3,3,2,2,1,1,0,0,7.667904831000044,51.951664797000035
2019,12,10,3,3,6,5,0,1,0,1,0,7.625783217000048,51.95341015000008
2019,12,7,3,3,0,1,2,1,0,0,0,7.610114119000059,51.967558576000044
2019,12,7,5,3,5,7,2,1,1,0,0,7.640270366000038,51.899814571000036
2019,12,15,3,3,5,2,0,1,1,0,0,6.924786644000051,50.93655050600006
2019,12,17,5,3,5,3,2,1,1,0,0,7.616882621000059,51.96636001400003
2019,12,15,5,2,5,3,0,1,1,0,0,7.006779422000022,50.97097585300003
2019,12,16,1,3,0,2,0,1,0,0,0,6.95443442800007,50.96119582400007
2019,12,20,1,3,0,7,2,1,0,0,0,6.925481120000029,50.939827646000026
2019,12,7,3,3,5,2,2,1,1,0,0,7.655874222000023,51.968257676000064
2019,12,16,7,2,8,1,2,1,1,0,0,6.89215527500005,50.99204428300004
2019,12,20,3,3,8,1,2,1,0,0,0,6.933810207000022,50.94313522600004
2019,12,16,3,3,6,4,2,1,0,1,0,6.916041588000041,50.95063270400004
2019,12,16,7,3,5,2,0,1,1,0,0,7.821885292000047,51.69496170300005
2019,12,13,6,3,5,3,0,1,1,0,0,7.731559387000061,51.92129689300003
2019,12,8,6,2,6,7,1,1,0,1,0,7.624899740000046,51.90809731200005
2019,12,12,6,3,0,1,0,1,0,0,0,7.647491556000034,51.95986018900004
2019,12,14,2,3,5,3,0,1,0,0,0,7.612171844000045,51.96726945700004
2019,12,16,2,3,5,2,2,1,1,0,0,6.989424787000075,50.883887540000046
2019,12,21,2,3,5,3,2,1,1,0,0,6.942780174000063,50.93578481900005
2019,12,12,2,3,1,5,0,1,1,0,0,6.940353995000066,50.94219733800003
2019,12,10,6,3,5,2,0,1,1,0,0,6.932621428000061,50.93656096800004
2019,12,7,5,3,5,2,1,1,1,0,0,7.569157521000022,51.94234200300008
2019,12,18,5,2,5,3,2,1,1,0,0,7.633740283000066,51.96209596600005
2019,12,21,5,3,1,1,2,1,0,0,0,6.952744491000033,50.95641110100007
2019,12,12,5,3,0,1,0,1,0,0,0,6.934980346000032,50.950640957000076
2019,12,18,5,3,5,3,2,1,1,0,0,6.936467654000069,50.90675478400004
2019,12,9,6,3,5,3,0,1,1,0,0,7.631099531000075,51.95291726200003
2019,12,15,6,3,5,3,0,1,1,0,0,7.631823028000042,51.950002718000064
2019,12,11,6,3,5,2,0,1,0,0,0,7.633956836000039,51.953072415000065
2019,12,7,6,3,5,2,1,1,1,0,0,7.641453614000056,51.96173754600005
2019,12,18,6,3,0,5,2,1,0,0,0,7.626389023000058,51.95540407000004
2019,12,15,6,3,5,2,0,1,1,0,0,7.621303699000066,51.95522744600004
2019,12,8,4,2,4,6,0,1,0,0,0,6.977234613000064,50.95331078400005
2019,12,8,4,2,5,3,0,1,0,0,0,6.881219704000046,50.96645723000006
2019,12,14,4,3,5,3,0,1,1,0,0,6.997220820000052,50.86549502400004
2019,12,17,6,3,5,7,2,1,1,0,0,6.915246539000066,50.951146523000034
2019,12,0,4,3,4,6,2,1,1,0,0,6.942146193000042,50.944871084000056
2019,12,17,6,3,2,2,2,1,1,0,0,7.100871894000022,50.89967622200004
2019,12,8,6,3,4,2,1,1,1,0,0,6.939367454000035,50.92704781000003
2019,12,9,5,3,1,7,0,1,1,0,0,6.913632793000033,50.94737612500006
2019,12,9,5,3,5,3,0,1,1,0,0,6.970309014000065,50.880526100000054
2019,12,15,2,3,2,4,0,1,1,1,0,7.004148814000075,50.938140487000055
2019,12,15,2,3,5,3,0,1,1,0,0,7.005636010000046,50.96444012100005
2019,12,16,2,3,0,5,2,1,1,0,0,6.922720075000029,50.94732131000006
2019,12,11,7,3,5,3,0,1,1,0,0,7.687405369000032,51.99307516700003
2019,1,16,6,2,0,1,0,1,0,0,0,7.001389388000064,50.94673890900003
2019,1,17,6,3,1,5,2,1,1,0,0,7.013128648000077,50.86544094100003
2019,1,13,6,3,1,5,0,1,1,0,0,6.940456065000035,50.91109707100003
2019,1,14,6,3,5,3,0,1,1,0,0,6.955861811000034,50.94260277300003
2019,1,12,5,3,5,3,0,1,0,0,0,6.926048388000027,50.91663814600008
2019,1,21,4,3,4,6,2,1,0,0,0,6.954271910000045,50.98520032600004
2019,1,0,3,3,0,7,2,1,0,1,0,6.985644815000057,50.98657200100007
2019,1,8,2,3,5,2,0,1,0,0,0,6.918018700000062,50.92865731200004
2019,1,18,3,3,5,3,2,1,0,0,0,6.924278714000025,50.91770345900005
2019,1,17,2,3,5,3,2,1,1,0,0,7.809543162000068,51.68712441000008
2019,1,7,3,3,0,3,2,1,1,0,0,6.898591812000063,50.93483502600003
2019,1,8,2,2,5,3,0,1,1,0,0,7.621060354000065,51.97006899100006
2019,1,10,3,3,4,2,0,1,1,0,0,7.649280561000069,51.90774014400006
2019,1,10,2,3,5,3,0,1,1,0,0,6.869504355000061,50.93224133100006
2019,1,12,3,3,1,3,0,1,1,0,0,6.96829523100007,50.91207737900004
2019,1,22,2,3,1,1,2,1,1,0,0,7.577665778000039,51.96997924200008
2019,1,14,3,3,0,7,0,1,0,0,0,6.925920807000068,50.94680967700003
2019,1,11,2,3,5,2,0,1,0,0,0,6.941558763000046,50.91086689700006
2019,1,12,7,2,5,3,0,1,1,0,0,7.618317944000069,51.96934856900003
2019,1,9,4,3,1,5,0,1,1,0,0,6.96175541100007,50.926862080000035
2019,1,19,2,3,0,1,2,1,0,0,0,7.605967754000062,51.98285841300003
2019,1,18,3,3,0,5,2,1,1,0,0,7.638774253000065,51.95529194300008
2019,1,9,3,3,5,3,0,1,1,0,0,6.958834778000039,50.92348725900007
2019,1,17,3,3,5,3,2,1,1,0,0,7.004517988000032,50.86489327000004
2019,1,17,3,3,5,3,2,1,1,0,0,7.875564682000061,51.677197232000026
2019,1,11,2,3,4,6,0,1,0,0,0,7.566349145000061,51.97285243600004
2019,1,16,2,3,3,6,0,1,0,0,0,7.614836221000076,51.95782757500007
2019,1,11,1,3,5,3,0,1,1,0,0,6.898563091000028,50.93539494800007
2019,1,13,7,3,5,3,0,1,1,0,0,7.632836160000068,51.92851595900004
2019,1,20,7,3,0,1,2,1,0,0,0,6.900734724000074,50.93438883300007
2019,1,21,7,3,1,6,2,1,1,0,0,7.791497419000052,51.68907474000008
2019,1,10,6,2,0,1,0,1,0,0,0,7.633907129000022,51.95990057600005
2019,1,8,7,3,5,2,0,1,1,0,0,7.649856800000066,51.99396093800004
2019,1,8,7,3,5,2,0,1,1,0,0,6.920844314000021,50.99521500600008
2019,1,14,6,2,0,1,0,1,0,0,0,7.670740680000051,51.92209846000003
2019,1,13,6,3,0,1,0,1,0,0,0,7.682245866000073,51.915945065000074
2019,1,9,6,3,0,1,0,1,0,0,0,7.034661956000036,50.97134747100006
2019,1,8,6,3,0,1,0,1,0,0,0,6.852981192000073,51.001101670000025
2019,1,8,6,2,0,1,0,1,0,0,0,6.904022207000025,50.97698645500003
2019,1,16,6,3,0,7,1,1,1,0,0,6.990765656000065,50.886189467000065
2019,1,9,6,3,0,1,0,1,0,0,0,6.922671145000038,50.90498292700005
2019,1,20,6,3,1,5,2,1,1,0,0,6.904933558000039,50.91990112900004
2019,1,7,5,2,5,2,2,1,0,0,1,7.633639462000076,51.965486447000046
2019,1,11,5,3,7,7,0,1,0,0,0,7.563148591000072,51.97046682300004
2019,1,18,4,3,0,1,2,1,0,0,0,6.923258045000068,50.93686311300007
2019,1,15,4,3,0,7,0,1,0,0,0,6.898970059000021,50.95263129700004
2019,1,13,4,3,3,2,0,1,1,0,0,7.758440456000074,51.69782923100007
2019,1,7,4,3,3,6,1,1,0,0,0,7.80388873000004,51.67693720500006
2019,1,9,3,3,5,2,0,1,0,0,0,7.00125323900005,50.93378870400005
2019,1,17,3,2,5,2,0,1,0,0,0,6.939190977000067,50.958165629000064
2019,1,7,5,3,0,1,1,1,0,0,0,6.864124826000023,50.91588233500005
2019,1,22,5,3,5,2,2,1,0,0,0,6.961425122000037,50.91450868800007
2019,1,18,5,2,1,5,2,1,1,0,0,6.930981053000039,50.92612606100005
2019,1,16,5,2,0,1,0,1,0,0,0,6.956152431000021,50.94174459700008
2019,1,5,4,3,4,7,2,1,1,0,0,7.670930697000074,51.949879399000054
2019,1,14,4,3,6,6,0,1,1,1,0,7.023654579000038,50.94395674300006
2019,1,17,4,3,5,2,2,1,1,0,0,6.907854593000025,50.94629600300004
2019,1,14,3,2,0,7,0,1,1,0,0,6.917389881000077,50.95375272600006
2019,1,7,3,3,5,3,2,1,1,0,0,6.897335243000043,50.92424676500008
2019,1,16,3,3,5,3,1,1,1,0,0,7.766442523000023,51.70226308400004
2019,1,12,2,3,3,5,0,1,1,0,0,7.005762674000039,50.94931221600007
2019,1,16,2,3,0,3,0,1,1,0,0,6.838421882000034,50.96221909900004
2019,1,9,4,3,0,2,0,1,1,0,0,7.606688655000028,51.95952772000004
2019,1,8,3,3,0,1,0,1,0,0,0,7.606875107000064,51.97591547600007
2019,1,13,3,3,1,5,0,1,1,0,0,6.940008371000033,50.90147412200008
2019,1,8,2,3,6,4,0,1,0,1,0,7.581159463000063,51.96679724200004
2019,1,7,2,3,1,7,2,1,1,0,0,6.853636337000069,50.94202357300003
2019,1,22,2,3,1,1,2,1,1,0,0,7.771764955000037,51.666602244000046
2019,1,21,1,3,6,4,2,1,0,1,0,6.995753345000026,50.959262315000046
2019,1,0,1,3,0,1,2,1,0,0,0,6.952941977000023,50.962786046000076
2019,1,18,1,3,0,5,2,1,1,0,0,6.956242584000052,50.93347882900008
2019,1,10,7,3,5,3,0,1,1,0,0,7.623639295000032,51.96636505100008
2019,1,7,7,3,5,3,1,1,1,0,0,6.983098448000021,50.96911700900006
2019,2,22,3,3,6,7,2,1,0,1,0,7.803774783000051,51.68478375600006
2019,2,8,2,3,0,2,0,1,0,0,0,6.949755890000063,50.95809577800003
2019,2,11,1,3,0,7,0,1,0,0,0,7.01443779400006,50.89666896400007
2019,2,10,1,3,1,5,0,1,1,0,0,7.024333879000039,50.97997635400003
2019,2,12,1,2,0,1,0,1,0,0,0,6.897285999000076,51.00831815500004
2019,2,17,1,3,0,7,2,1,0,0,0,7.761666118000051,51.712485033000064
2019,2,17,7,3,0,7,1,1,0,0,0,6.919436706000056,50.952173894000055
2019,2,9,7,3,0,1,0,1,0,0,0,6.91921714700004,50.92135953600007
2019,2,13,6,2,6,6,0,1,0,1,0,7.656703695000033,51.958660706000046
2019,2,18,6,3,0,7,2,1,0,0,0,6.911431127000071,50.934459496000045
2019,2,6,6,3,4,6,2,1,1,0,0,6.895456912000043,50.92099818200006
2019,2,18,6,3,1,5,2,1,1,0,0,6.950314709000054,50.94515105900007
2019,2,12,6,3,0,1,0,1,1,0,0,6.956977123000058,50.94919801100008
2019,1,9,5,3,6,4,0,1,0,1,0,7.624592895000035,51.95691309500006
2019,2,8,2,3,1,5,0,1,1,0,0,7.011167736000061,50.956910109000034
2019,2,17,2,3,5,2,1,1,1,0,0,6.963415492000024,50.90772915500003
2019,2,18,2,3,0,7,2,1,1,0,0,6.938832292000029,50.946200987000054
2019,2,3,7,3,5,3,2,1,0,0,0,6.910697109000068,50.955262823000055
2019,2,12,2,3,0,3,0,1,1,0,0,7.531775634000042,51.95664871200006
2019,2,7,6,3,5,2,1,1,1,0,0,6.897974394000073,50.946026062000044
2019,2,10,6,3,0,7,0,1,1,0,0,6.916532501000063,50.914734087000056
2019,2,15,5,3,0,3,0,1,1,0,0,7.613298120000025,51.98292145900007
2019,2,15,5,3,0,4,0,1,0,1,0,7.049772143000041,50.941907453000056
2019,2,6,4,3,0,1,1,1,0,0,0,7.053619342000047,50.91045049100006
2019,2,10,4,3,1,1,0,1,1,0,0,7.823199342000066,51.66529958800004
2019,2,8,3,3,3,2,0,1,1,0,0,7.631755506000047,51.950774667000076
2019,2,16,3,3,5,3,0,1,1,0,0,6.995801389000064,50.93729190200003
2019,2,16,3,3,0,7,0,1,0,0,0,6.891050393000057,50.97048899400005
2019,2,9,6,3,0,5,0,1,1,0,0,6.946460083000034,50.94356642900004
2019,2,16,5,3,5,3,0,1,0,0,0,7.577618746000042,51.928039572000046
2019,2,8,5,3,1,7,0,1,1,0,0,7.65397732100007,51.93276475500005
2019,2,6,5,3,5,2,2,1,0,0,0,7.620505612000045,51.95759667600004
2019,2,10,5,2,5,2,0,1,1,0,0,7.055668153000056,50.967213782000044
2019,2,9,5,3,5,2,0,1,1,0,0,6.900648673000035,50.93583134600004
2019,2,6,5,2,1,5,2,1,1,0,0,6.905019892000041,50.97058567100004
2019,2,7,5,3,5,2,0,1,1,0,0,6.939129986000069,50.90504998400007
2019,2,13,4,3,1,5,0,1,1,0,0,7.007260545000065,50.96533954000006
2019,2,8,4,3,5,3,0,1,1,0,0,6.832791766000071,50.94639076200008
2019,2,15,4,3,0,1,0,1,0,0,0,6.927313987000048,50.90905107700007
2019,2,18,4,3,1,2,2,1,1,0,0,6.94745284000004,50.93367891400004
2019,2,18,3,3,5,3,2,1,1,0,0,7.662781682000059,51.90562038400003
2019,2,7,3,3,0,1,0,1,0,0,0,6.884174177000034,51.03775315100006
2019,2,8,3,2,0,3,0,1,1,0,0,6.888769222000065,51.02775503600003
2019,2,19,3,3,4,6,2,1,1,0,0,6.94804289800004,50.92654173600005
2019,2,7,3,3,1,4,0,1,0,1,0,7.619823649000068,51.94516555200005
2019,2,13,3,2,2,7,0,1,0,0,0,7.621349057000032,51.97763981700007
2019,2,15,3,3,3,2,0,1,1,0,0,6.88860399400005,50.94701779400003
2019,2,12,3,3,1,5,0,1,0,0,0,6.992671552000047,50.89496318000005
2019,2,16,2,3,5,3,0,1,1,0,0,7.569157521000022,51.94234200300008
2019,2,16,2,3,0,3,0,1,1,0,0,7.577858133000063,51.966544499000065
2019,2,14,2,3,5,3,0,1,0,0,0,7.606122006000021,51.88286541800005
2019,2,12,2,2,5,3,0,1,1,0,0,7.583272599000054,51.92745059200007
2019,2,20,2,3,0,5,2,1,1,0,0,7.000716289000025,50.93858057500006
2019,2,9,2,3,3,6,0,1,0,0,0,6.973864882000044,50.94444879500003
2019,2,18,2,2,5,2,0,1,1,0,0,6.950771597000028,50.96265451700003
2019,2,13,2,3,0,7,0,1,0,0,0,6.969055953000066,50.91866505300004
2019,2,17,1,3,5,2,0,1,1,0,0,7.754044963000069,51.929576275000045
2019,2,13,1,3,0,6,0,1,0,0,0,7.613462385000048,52.079277940000054
2019,2,18,1,3,3,2,2,1,1,0,0,6.957422612000073,50.95092533900004
2019,2,16,7,3,5,3,0,1,1,0,0,7.597144547000028,51.992340324000054
2019,2,13,7,3,6,4,0,1,0,1,0,7.007589997000025,50.96985249000005
2019,2,19,7,3,6,4,1,1,0,1,0,6.944037029000072,50.93849807400005
2019,2,16,6,3,9,7,0,1,0,0,0,7.666313864000074,51.962790677000044
2019,2,15,6,3,3,6,0,1,1,0,0,7.730277146000049,51.92454260800008
2019,2,13,6,3,5,7,0,1,1,0,0,7.589113916000031,51.93601425600008
2019,2,16,1,3,4,3,0,1,0,0,0,7.101644761000046,50.863931541000056
2019,2,2,1,3,1,7,2,1,1,0,0,6.947733352000057,50.96318261600004
2019,2,10,7,3,1,5,0,1,1,0,0,7.613756284000033,51.954367138000066
2019,2,12,7,3,0,7,0,1,0,0,0,6.984261946000061,50.94588453600005
2019,2,13,7,3,0,1,0,1,0,0,0,6.932706257000064,50.93194624200004
2019,2,13,5,3,5,5,0,1,1,0,0,7.627713046000054,51.96370156000006
2019,2,10,5,3,1,1,0,1,1,0,0,7.014791919000061,50.95441126000003
2019,2,18,5,2,0,1,2,1,0,0,0,6.964257302000021,50.93148542100005
2019,2,19,4,3,5,3,2,1,1,0,0,7.658478460000026,51.90603483800004
2019,2,7,4,3,0,7,0,1,0,0,0,7.610316487000034,51.934161919000076
2019,2,13,4,3,5,2,0,1,1,0,0,7.066350390000025,50.897058310000034
2019,2,16,4,3,5,3,0,1,1,0,0,7.043240018000063,50.982284683000046
2019,2,20,4,3,4,6,2,1,1,0,0,6.933921889000033,50.937507803000074
2019,2,8,5,3,5,3,0,1,1,0,0,7.005480900000066,50.884766772000035
2019,2,21,5,2,6,6,2,1,0,1,0,6.940863017000027,50.936805581000044
2019,2,18,4,2,5,3,1,1,0,0,1,7.621646787000032,51.94968813300005
2019,2,7,4,3,6,4,0,1,0,1,0,7.637302987000055,51.95587281300004
2019,2,7,4,3,0,1,0,1,1,0,0,7.536328621000052,51.95281763700007