UJAHR,UMONAT,USTUNDE,UWOCHENTAG,UKATEGORIE,UART,UTYP1,ULICHTVERH,IstRad,IstPKW,IstFuss,IstKrad,XGCSWGS84,YGCSWGS84
2019,2,16,4,3,3,6,0,1,1,0,0,6.94450249700003,50.98096207100008
2019,2,8,4,3,0,5,0,1,1,0,0,6.881304321000073,50.955635381000036
2019,2,9,3,3,5,3,0,1,1,0,0,7.674507048000066,51.92446432500003
2019,2,19,3,3,5,2,1,1,1,0,0,6.974066632000074,50.940273045000026
2019,2,13,3,3,0,3,0,1,1,0,0,6.836227831000031,50.96135060600005
2019,2,14,3,2,0,7,0,1,0,1,0,7.006050353000035,50.89204114100005
2019,2,15,3,2,5,2,0,1,1,0,0,6.909424487000024,50.905034224000076
2019,2,17,2,2,3,2,0,1,0,0,0,6.972986872000035,50.96018801400004
2019,2,15,2,3,5,2,0,1,1,0,0,6.965588022000077,50.90033721800006
2019,2,15,2,3,3,2,0,1,1,0,0,6.918002958000045,50.92865343200003
2019,2,16,2,3,1,5,0,1,1,0,0,6.916578254000058,50.92261291400007
2019,2,11,5,3,5,2,0,1,1,0,0,6.974633727000025,50.96266038500005
2019,3,16,4,3,3,1,0,1,0,0,0,7.65472941400003,51.931587497000066
2019,3,14,4,3,0,5,0,1,1,0,0,6.908239840000022,50.94366586600006
2019,3,16,4,3,5,2,0,1,1,0,0,6.928934809000054,50.86348079700008
2019,3,15,3,3,0,7,0,1,0,0,0,6.936342401000047,50.92854325400003
2019,3,8,3,3,5,2,0,1,1,0,0,6.957064174000038,50.93001774900006
2019,3,14,2,3,5,6,0,1,0,0,0,7.633655443000066,51.965490353000064
2019,3,12,2,3,0,1,0,1,0,0,0,6.90561729600006,50.967131692000066
2019,3,14,7,2,0,1,0,1,0,0,0,6.86413131300003,50.932107243000075
2019,3,10,6,3,2,7,0,1,1,0,0,6.953991918000043,50.873476579000055
2019,3,13,6,2,5,3,0,1,1,0,0,6.931856760000073,50.911532917000045
2019,2,7,5,3,1,5,1,1,1,0,0,7.59770854900006,51.95871784600007
2019,3,8,5,3,5,7,0,1,1,0,0,6.943041516000051,50.93515845400003
2019,3,9,6,3,5,3,0,1,1,0,0,7.819194510000045,51.68025294700004
2019,3,10,3,3,0,7,0,1,0,0,0,6.957708076000074,50.95448823300006
2019,3,13,3,2,5,3,0,1,0,0,0,6.926995284000043,50.956715306000035
2019,3,9,3,3,0,1,0,1,0,0,0,6.934626469000023,50.92764296900003
2019,3,15,2,2,5,3,0,1,1,0,0,7.074408488000074,50.89196055800005
2019,3,15,2,3,1,5,0,1,1,0,0,7.877765932000045,51.68363060100006
2019,3,10,7,3,5,2,0,1,1,0,0,6.978847169000062,50.93222085700006
2019,3,10,7,3,5,3,0,1,1,0,0,6.978863588000024,50.93221462900004
2019,3,15,7,3,0,7,0,1,1,0,0,7.819544992000033,51.67970725200007
2019,3,7,6,3,4,6,0,1,0,0,0,7.661344475000021,51.962852085000065
2019,3,15,6,3,6,6,0,1,0,1,0,6.934075657000051,50.91457193900004
2019,3,15,5,3,5,3,0,1,1,0,0,6.960376348000068,50.91855203600005
2019,3,8,7,3,5,7,0,1,1,0,0,7.657288719000064,51.96909041500004
2019,3,9,6,3,5,3,0,1,1,0,0,6.868203110000025,50.92874204100008
2019,3,13,6,3,5,2,0,1,1,0,0,6.933187237000027,50.91361049500006
2019,3,11,6,3,5,3,0,1,1,0,0,6.948997506000069,50.935437414000035
2019,3,14,5,3,6,4,0,1,0,1,0,7.595626029000073,51.961295508000035
2019,3,14,4,3,5,3,0,1,1,0,0,7.635798764000072,51.95944664900003
2019,3,19,4,3,0,7,2,1,0,0,0,6.926027162000025,50.951313861000074
2019,3,12,5,3,0,7,0,1,0,0,0,7.668452284000068,51.94955922500003
2019,3,11,5,3,0,1,0,1,0,0,0,6.941101451000066,50.91178346100003
2019,3,17,4,3,5,3,0,1,1,0,0,6.880264282000042,50.98673680700006
2019,3,7,4,3,4,3,0,1,0,0,0,6.899235631000067,50.939613818000055
2019,3,21,4,3,6,7,2,1,0,1,0,6.934731578000026,50.94034486100003
2019,3,16,4,3,5,2,0,1,1,0,0,6.958054570000058,50.92651779600004
2019,3,18,4,3,1,5,0,1,1,0,0,7.814711014000068,51.67789726500007
2019,3,18,3,3,1,5,0,1,1,0,0,7.641888656000049,51.96277139600005
2019,3,14,3,3,5,2,0,1,1,0,0,7.06175472700005,50.88566500700006
2019,3,8,3,3,5,3,0,1,1,0,0,7.048331739000048,50.97285114200008
2019,3,20,3,3,0,3,2,1,0,0,0,6.961372580000045,50.96106981400004
2019,3,7,3,3,5,2,0,1,1,0,0,6.889780508000058,50.935592675000066
2019,3,12,3,3,0,1,0,1,0,0,0,6.925884155000063,50.916738344000066
2019,3,12,3,3,0,1,0,1,0,0,0,6.921133487000077,50.91436414400005
2019,3,16,3,3,0,7,0,1,0,0,0,6.950340179000023,50.91989880300008
2019,3,5,2,3,5,3,2,1,1,0,0,7.630613390000065,51.93269030400006
2019,3,8,3,3,5,3,0,1,1,0,0,6.88595095200003,50.94735026300003
2019,3,7,3,2,5,3,0,1,0,0,0,6.929815868000048,50.93111055600008
2019,3,9,3,3,1,5,0,1,1,0,0,6.951402807000022,50.919662438000046
2019,3,16,2,3,1,5,0,1,1,0,0,7.631727802000057,51.94962144800007
2019,3,16,2,3,4,6,0,1,0,0,0,7.643231653000044,51.969065311000065
2019,3,8,2,3,5,3,0,1,1,0,0,7.039335094000023,50.967358544000035
2019,3,21,2,3,5,2,2,1,1,0,0,7.073938811000062,50.97532341300007
2019,3,16,2,3,5,3,0,1,0,0,0,6.934590585000024,50.94793071300006
2019,3,14,2,3,5,3,0,1,1,0,0,6.920888453000032,50.91774017200004
2019,3,8,2,3,5,3,0,1,1,0,0,6.940674372000046,50.94658620000007
2019,3,7,2,3,0,1,0,1,0,0,0,7.805832958000053,51.670705704000056
2019,3,7,1,3,0,7,0,1,0,0,0,6.917308606000063,50.94682824500006
2019,3,9,1,3,0,1,0,1,0,0,0,6.935043364000023,50.93145133500008
2019,3,15,6,3,5,7,0,1,1,0,0,7.607697497000061,51.94135094300003
2019,3,7,6,2,5,3,0,1,1,0,0,7.712164975000064,51.91099696300006
2019,3,14,6,3,0,1,0,1,0,0,0,6.989115051000056,50.988314924000065
2019,3,14,6,3,5,2,0,1,1,0,0,6.960627361000036,50.98178677800007
2019,3,11,6,3,0,1,0,1,0,0,0,6.930184136000037,50.99438089200004
2019,3,17,6,3,5,3,0,1,1,0,0,6.889772093000033,50.935565187000066
2019,3,14,6,3,5,3,0,1,1,0,0,6.887440975000061,50.96024853400007
2019,3,8,6,3,0,1,0,1,0,0,0,6.957025428000065,50.90086724000008
2019,3,11,6,3,2,7,0,1,1,0,0,6.960516575000042,50.917955403000065
2019,3,13,7,2,0,1,0,1,0,0,0,7.608109679000052,51.987695286000076
2019,3,17,7,3,0,1,0,1,0,0,0,7.059616915000049,50.93367032200007
2019,3,17,7,3,0,1,0,1,0,0,0,6.936686938000037,50.93397329700008
2019,3,8,6,3,3,6,0,1,0,0,0,7.655761434000056,51.96757709800005
2019,3,1,6,3,1,7,2,1,1,0,0,7.619903212000054,51.97192217700007
2019,3,15,6,3,5,3,0,1,1,0,0,7.038666373000069,50.96624761500004
2019,3,9,6,3,6,2,0,1,1,1,0,7.075624697000023,50.972172071000045
2019,3,18,6,3,0,1,1,1,0,0,0,6.938283965000039,50.91174389200006
2019,3,12,5,2,0,7,0,1,0,0,0,6.995068115000038,50.929521614000066
2019,3,15,5,2,0,1,0,1,0,0,0,6.919020040000021,50.94831912400008
2019,3,20,5,3,1,5,2,1,1,0,0,6.958639542000071,50.92435173500007
2019,3,15,4,3,4,2,0,1,1,0,0,7.688926356000025,51.912464560000046
2019,3,12,4,3,1,5,0,1,0,0,0,7.000748889000022,50.93628189700007
2019,4,19,5,3,4,6,0,1,1,0,0,7.62472411300007,51.939457418000075
2019,4,20,5,3,0,1,1,1,0,0,0,7.00125323900005,50.93378870400005
2019,4,18,5,3,0,3,0,1,1,0,0,6.973847578000061,50.89632324300004
2019,4,17,4,2,0,1,0,1,0,0,0,7.64628336800007,51.97827346100007
2019,4,21,4,3,0,2,2,1,1,0,0,7.003660457000024,50.95540268600007
2019,4,11,4,3,4,1,0,1,1,0,0,6.932853716000068,50.99195810200007
2019,4,10,4,3,4,2,0,1,1,0,0,6.950441001000058,50.945262022000065
2019,4,14,3,3,5,3,0,1,1,0,0,6.940965858000027,50.95844436100003
2019,4,7,3,2,3,2,0,1,1,0,0,6.894358878000048,50.94637962500008
2019,4,18,3,3,1,5,0,1,1,0,0,6.946300568000027,50.94544844200004
2019,4,16,3,3,5,3,0,1,1,0,0,6.961892589000058,50.94816608500008
2019,4,14,2,3,1,5,0,1,1,0,0,7.616150499000071,51.95526463300007
2019,4,14,2,3,3,6,0,1,1,0,0,7.045204892000072,50.97206315100004
2019,4,7,2,3,5,3,0,1,0,0,0,6.933738723000033,50.96459548900003
2019,4,11,2,3,5,3,0,1,1,0,0,6.914441531000023,50.956040845000075
2019,4,16,2,3,3,5,0,1,1,0,0,6.975023600000043,50.90737910800004
2019,4,19,2,3,1,3,0,1,1,0,0,7.614126217000035,51.974177878000035
2019,4,19,2,3,5,7,1,1,1,0,0,6.999773584000025,50.943026168000074
2019,4,12,2,3,2,6,0,1,1,0,0,6.876642891000074,50.96280830300003
2019,4,16,2,3,1,6,0,1,1,0,0,6.960766055000022,50.910718108000026
2019,4,7,2,3,1,5,0,1,1,0,0,6.948779074000072,50.93630756500005
2019,4,20,2,3,5,2,0,1,1,0,0,6.94422964000006,50.94017149200005
2019,4,17,1,3,0,7,0,1,0,1,0,7.621421077000036,51.92229270800004
2019,4,18,1,3,4,2,0,1,1,0,0,7.029294965000076,50.95637510100005
2019,4,16,1,3,1,5,0,1,1,0,0,6.944622164000066,50.960852156000044
2019,4,15,7,3,6,7,0,1,0,1,0,7.025669730000061,50.93493250100005
2019,4,10,7,2,0,1,0,1,0,0,0,6.944177109000066,50.98314016200004
2019,4,16,7,3,6,6,0,1,0,1,0,6.926173200000051,50.92378978700003
2019,4,16,7,3,0,1,0,1,0,0,0,6.94558145700006,50.92516249100004
2019,4,15,7,3,6,4,0,1,0,1,0,6.956607045000055,50.94727099700003
2019,4,18,6,3,2,3,0,1,1,0,0,7.624954514000024,51.95085992500003
2019,4,16,6,3,3,2,0,1,0,0,0,7.623353792000046,51.96693110600006
2019,4,7,6,3,2,3,0,1,1,0,0,6.958592513000042,50.99254334600005
2019,4,7,6,3,0,1,0,1,0,0,0,6.966057481000064,50.91527957400007
2019,4,16,6,3,3,6,0,1,1,0,0,6.946913245000076,50.91435457700004
2019,4,17,6,3,3,5,0,1,1,0,0,6.95394116600005,50.94157885700008
2019,4,22,7,3,1,2,2,1,1,0,0,6.915589258000068,50.95180346700005
2019,4,16,7,3,5,3,0,1,1,0,0,6.938655122000057,50.932523493000076
2019,4,11,7,2,5,3,0,1,1,0,0,7.883361480000076,51.68710548400003
2019,4,7,6,3,5,2,0,1,1,0,0,7.64098264200004,51.96699560900004
2019,4,21,6,2,5,3,2,1,1,0,0,7.101644761000046,50.863931541000056
2019,4,19,6,3,5,3,0,1,1,0,0,7.008541433000062,50.97039575900004
2019,4,12,6,2,0,1,0,1,0,0,0,6.909226889000024,50.95146619500008
2019,4,16,6,3,5,3,0,1,0,0,0,7.762066687000072,51.69440637200006
2019,4,16,5,2,5,2,0,1,1,0,0,7.068775438000046,50.89219537300005
2019,4,13,5,3,0,6,0,1,0,1,0,6.845783429000051,50.93184056900003
2019,4,9,5,3,2,6,0,1,0,0,0,6.925613220000059,50.95151832000005
2019,4,21,5,3,5,4,1,1,0,1,0,7.004609186000039,50.89213651400007
2019,4,7,5,3,6,7,0,1,0,1,0,6.942887266000071,50.938371353000036
2019,4,20,5,3,5,2,1,1,0,0,0,6.970173124000041,50.918670330000054
2019,4,7,4,3,5,3,0,1,1,0,0,7.608270168000047,51.98844732800006
2019,4,7,4,3,3,6,0,1,0,0,0,7.054403426000022,50.88613338600004
2019,4,7,4,3,0,7,0,1,0,0,0,6.995117970000024,50.939514718000055
2019,4,7,4,3,0,7,0,1,0,0,0,6.995154654000032,50.939555229000064
2019,4,16,4,3,0,1,0,1,0,0,0,6.921286545000044,50.98522175100004
2019,4,16,4,3,1,5,0,1,0,0,1,6.825334491000035,50.93596348300008
2019,4,19,4,3,0,7,0,1,1,0,0,6.925873866000075,50.94675516700005
2019,4,7,3,3,5,2,0,1,1,0,0,7.619067690000065,52.042309215000046
2019,4,16,3,2,5,3,0,1,1,0,0,6.883369094000045,51.02348972800007
2019,4,17,3,2,5,2,0,1,1,0,0,6.909066067000026,50.920439447000035
2019,4,14,3,3,1,5,0,1,1,0,0,6.955914806000067,50.94278308400004
2019,4,13,7,3,5,3,0,1,0,0,0,7.597634197000048,51.95851274200004
2019,4,8,4,2,5,3,0,1,0,0,0,7.620494175000033,51.95758723200004
2019,4,6,4,3,5,2,0,1,1,0,0,7.630317363000074,51.96698128600008
2019,4,16,4,3,5,1,0,1,0,0,0,7.631261344000052,51.953899714000045
2019,4,12,4,2,1,5,0,1,1,0,0,6.870978500000035,50.99511053700007
2019,4,12,4,2,0,3,0,1,1,0,0,6.888153752000051,50.96926015300005
2019,4,17,4,3,3,2,0,1,0,0,0,6.917917448000026,50.95468406100008
2019,4,17,3,3,0,7,0,1,0,0,0,7.036790694000047,50.97149546600008
2019,4,10,3,3,8,1,0,1,0,0,0,6.852936148000026,51.00277808800007
2019,4,16,3,3,8,7,0,1,0,0,0,6.857770990000063,50.931956908000075
2019,4,14,3,3,6,4,0,1,0,1,0,6.956654246000028,50.94773747600004
2019,4,0,3,3,1,7,2,1,1,0,0,6.956815400000039,50.920880097000065
2019,4,16,3,3,0,7,0,1,0,0,0,6.94888975300006,50.93487159600005
2019,4,22,2,2,0,1,2,1,1,0,0,6.859531830000037,50.94128336800003
2019,4,17,2,3,0,5,0,1,1,0,0,6.936190830000044,50.95700699100007
2019,4,13,2,2,4,2,0,1,1,0,0,6.904939698000021,50.934378776000074
2019,4,8,5,3,5,2,0,1,1,0,0,7.068791256000054,50.89216725400007
2019,4,14,5,3,0,7,0,1,0,0,0,6.969117121000068,50.94087280100007
2019,4,19,5,3,5,3,0,1,1,0,0,7.014963739000052,50.95090454700005
2019,4,7,5,3,5,2,0,1,1,0,0,6.932488947000024,50.913861593000036
2019,4,16,3,3,5,3,0,1,1,0,0,6.904823865000026,50.945620234000046
2019,4,9,3,3,6,7,0,1,0,1,0,6.954008011000042,50.927127410000026
2019,4,6,2,2,0,2,0,1,1,0,0,6.91804976100002,50.98866305400003
2019,4,18,2,3,1,5,0,1,1,0,0,6.941221748000032,50.94645189700003
2019,4,18,1,2,0,7,0,1,0,1,0,6.973847832000047,50.924838745000045
2019,4,23,7,2,8,1,2,1,0,0,0,7.027346753000074,50.99225325500004
2019,4,21,7,3,0,1,2,1,0,0,0,6.906733737000025,50.95901277000007
2019,4,14,6,3,0,1,0,1,0,0,0,6.900422093000032,50.994387294000035
2019,4,9,6,3,0,3,0,1,1,0,0,6.850879124000073,50.94808462800006
2019,4,19,6,3,0,4,0,1,0,1,0,6.968458804000022,50.91173285700006
2019,4,16,3,3,5,2,0,1,1,0,0,6.844526209000037,51.064148024000076
2019,4,18,5,3,5,7,0,1,1,0,0,7.577074596000045,51.96619489200003
2019,4,17,7,3,5,2,0,1,1,0,0,6.990013770000076,50.93054222200004
2019,4,17,7,3,0,1,0,1,0,0,0,6.919499970000061,50.91264258000007
2019,4,13,7,3,3,2,0,1,0,0,0,6.95844074200005,50.92515022100008
2019,4,23,7,3,0,1,2,1,0,0,0,6.945432806000042,50.933526724000046
2019,4,9,3,3,5,3,0,1,1,0,0,7.592411044000073,51.99039653500006
2019,4,18,6,3,3,2,0,1,0,0,0,7.628022258000044,51.96200257000004
2019,4,18,6,2,0,1,0,1,0,0,0,7.050511372000074,50.90240025500003
2019,4,12,6,3,2,2,0,1,1,0,0,6.900734724000074,50.93438883300007
2019,4,9,6,3,5,3,0,1,1,0,0,6.891386984000064,50.93456355200004
2019,4,3,5,3,0,6,2,1,1,0,0,7.609227275000023,51.96800852100006
2019,4,17,5,2,0,1,0,1,0,0,0,6.934630385000048,50.92764426800005
2019,4,17,5,3,0,1,0,1,0,0,0,6.925376959000062,50.91704777900003
2019,4,15,5,3,5,3,0,1,1,0,0,6.946894884000074,50.92847953900008
2019,4,15,4,2,7,1,0,1,0,0,0,7.575263632000031,51.92609717000005
2019,4,23,4,2,5,3,2,1,1,0,0,7.635826638000026,51.96048269700003
2019,4,16,4,3,0,7,0,1,0,0,0,6.989557355000045,50.92119954900005
2019,4,12,4,3,0,7,0,1,0,0,0,6.917457341000045,50.98284920400005
2019,4,17,4,2,5,2,0,1,1,0,0,6.853600531000041,50.99968388700006
2019,4,18,4,3,5,3,0,1,1,0,0,6.890179752000051,51.02833066800008
2019,4,18,4,3,1,5,0,1,1,0,0,6.873560919000056,50.95798719700008
2019,4,8,4,3,4,6,0,1,0,0,0,6.93269104500007,50.924343289000035
2019,4,14,4,3,3,6,0,1,1,0,0,6.942072572000029,50.940102796000076
2019,4,8,4,3,5,3,0,1,1,0,0,6.948591518000058,50.93380134600005
2019,4,18,4,3,0,2,0,1,0,0,0,7.809932176000075,51.681738100000075
2019,4,14,3,3,3,6,0,1,1,0,0,7.634957390000068,51.959719163000045
2019,5,19,4,3,0,7,0,1,0,0,0,7.655711728000028,51.96236311300004
2019,5,15,4,3,4,6,0,1,0,0,0,7.634744395000041,51.97047728600006
2019,5,19,4,3,0,7,0,1,0,0,0,7.081491927000059,50.876009933000034
2019,5,14,4,3,5,3,0,1,0,0,0,6.972989590000054,50.92639685000006
2019,5,14,4,3,6,7,0,1,0,1,0,6.860735559000034,50.95962553100003
2019,5,14,4,3,5,3,0,1,1,0,0,7.819434096000066,51.673003907000066
2019,4,17,3,3,0,5,0,1,1,0,0,7.614100599000039,51.931318944000054
2019,4,18,3,3,4,7,0,1,1,0,0,7.621873438000023,51.95808743300006
2019,4,13,3,3,0,6,0,1,1,0,0,7.595661480000047,52.00071238400005
2019,4,19,3,3,5,3,0,1,1,0,0,6.91804976100002,50.98866305400003
2019,4,12,3,3,4,6,0,1,1,0,0,6.830879922000065,50.96143554300005
2019,4,15,3,3,6,6,0,1,0,1,0,6.971353724000039,50.91471568900005
2019,4,7,3,2,5,3,0,1,1,0,0,6.960527040000045,50.94361471900004
2019,4,18,3,2,7,1,0,1,0,0,0,6.967581235000068,50.92137274600003
2019,4,21,3,3,4,6,2,1,1,1,0,7.813055160000033,51.69409482200007
2019,4,6,2,3,5,3,1,1,1,0,0,7.001992238000071,51.007566445000066
2019,4,17,2,3,6,4,0,1,0,1,0,7.045537000000024,50.99760745300006
2019,4,14,1,3,0,7,0,1,0,0,0,6.963040607000039,50.97200848600005
2019,4,15,1,3,0,1,0,1,0,0,0,7.800837277000028,51.68570983300003
2019,5,12,2,3,3,2,0,1,1,0,0,7.599323239000057,51.97087126300005
2019,5,8,2,3,0,3,0,1,1,0,0,7.605123732000038,51.96058959700008
2019,5,8,2,3,0,5,0,1,1,0,0,6.890064275000043,50.94684418600008
2019,5,17,2,3,0,1,1,1,0,0,0,6.914770058000045,50.920264821000046
2019,5,7,2,3,3,6,0,1,0,0,0,6.914637895000055,50.90826653700003
2019,5,12,7,3,3,6,0,1,0,0,0,7.621102885000028,51.95809206900003
2019,5,16,7,3,2,6,0,1,1,0,0,7.618754156000023,51.94975016500007
2019,5,8,7,2,5,3,0,1,1,0,0,7.601686255000061,51.96354492900008
2019,5,20,7,3,0,1,0,1,0,0,0,6.937828686000046,50.92946288700006
2019,5,8,6,2,5,2,0,1,1,0,0,6.960867699000062,50.90858980100006
2019,5,13,6,3,6,7,0,1,0,1,0,7.824136630000055,51.68285997400005
2019,5,13,5,2,5,2,0,1,0,0,0,7.634989641000061,51.93904148400003
2019,5,16,5,3,0,7,0,1,1,0,0,7.616105223000034,51.961940508000055
2019,5,10,5,3,5,2,0,1,0,0,0,7.641465531000051,51.96381341800003
2019,5,7,5,3,3,3,0,1,1,0,0,6.952756936000071,50.970057903000054
2019,5,17,5,3,5,3,0,1,1,0,0,6.956208930000059,50.97356447300007
2019,5,21,5,3,5,3,2,1,1,0,0,6.948539371000038,50.933775386000036
2019,5,12,6,3,5,3,0,1,0,0,0,7.598623576000023,51.99858659600005
2019,5,14,6,2,0,1,0,1,0,0,0,7.100097701000038,50.857085909000034
2019,5,12,6,3,5,3,0,1,1,0,0,7.012555594000048,50.97374539500004
2019,5,22,6,3,0,1,2,1,0,0,0,6.956701009000028,50.97405401800006
2019,5,12,6,2,0,1,0,1,0,0,0,6.900710124000057,50.93477839900004
2019,5,8,6,2,5,7,0,1,1,0,0,6.898885043000064,50.95257659400005
2019,5,11,6,3,5,2,0,1,1,0,0,6.906365317000052,50.94544526200008
2019,5,10,6,3,1,1,0,1,1,0,0,6.941111098000022,50.911770336000075
2019,5,12,6,3,0,1,0,1,0,0,0,6.936054671000022,50.928430218000074
2019,5,12,6,3,5,3,0,1,1,0,0,6.91800941200006,50.92865502300003
2019,5,15,5,3,6,4,0,1,0,1,0,7.070515977000071,50.88845916500003
2019,5,14,5,3,0,7,0,1,0,0,0,6.994689962000052,50.91627237600005
2019,5,12,4,3,1,5,0,1,1,0,0,6.922880493000037,50.94470686900007
2019,5,16,4,3,0,5,0,1,1,0,0,6.919966025000065,50.92030080200004
2019,5,19,4,3,0,2,0,1,0,0,1,7.826765763000026,51.67961083600005
2019,5,20,7,3,0,7,0,1,1,0,0,7.785886769000058,51.669658827000035
2019,5,15,3,3,0,7,0,1,1,0,0,7.612466881000046,51.95392996000004
2019,5,11,3,3,5,3,0,1,1,0,0,6.912865977000024,50.98404697400008
2019,5,8,3,3,5,3,0,1,1,0,0,6.896719526000027,50.936107003000075
2019,5,9,3,3,6,7,0,1,0,1,0,6.920715074000043,50.911149084000044
2019,5,20,3,3,0,7,0,1,0,0,0,6.934606531000043,50.937055678000036
2019,5,7,3,3,5,3,0,1,0,0,0,7.629540127000041,51.96084459200006
2019,5,6,3,3,5,3,0,1,0,0,0,7.626552943000036,51.956530617000055
2019,5,7,3,3,0,3,0,1,0,0,0,7.570407595000063,51.93098505000006
2019,5,16,3,3,0,7,0,1,0,0,0,7.02446900800004,50.93433951500003
2019,5,15,3,3,1,5,0,1,1,0,0,6.998072405000073,50.88670680600006
2019,5,7,3,3,0,7,0,1,0,0,0,6.938141105000057,50.94648818100006
2019,5,20,3,3,0,1,0,1,0,0,0,6.942413117000058,50.932095667000056
2019,5,16,2,3,3,6,0,1,1,0,0,7.579188387000045,51.96783999300004
2019,5,16,2,2,3,2,0,1,1,0,0,7.021154422000052,50.97437983300006
2019,5,10,2,3,1,5,0,1,1,0,0,6.95713704700006,50.961155732000066
2019,5,14,2,3,0,5,0,1,1,0,0,6.907618513000045,50.950284527000065
2019,5,13,2,3,4,2,0,1,1,0,0,6.963820583000029,50.90626819900007
2019,5,8,2,3,4,6,0,1,0,0,0,6.953145287000041,50.939015866000034
2019,5,20,1,2,0,3,0,1,1,0,0,7.090735960000075,50.85687365300004
2019,5,21,1,2,9,1,2,1,0,0,0,6.95615325700004,50.93556201000007
2019,5,15,7,3,5,3,0,1,1,0,0,7.622387587000048,51.94601738600005
2019,5,21,6,2,0,1,2,1,0,0,0,7.647948068000062,51.96804811900006
2019,5,13,6,3,2,6,0,1,1,0,0,7.621332712000026,51.95827430800006
2019,5,13,6,3,0,5,0,1,1,1,0,7.000788472000068,50.93165512600007
2019,5,7,6,3,0,1,0,1,0,0,0,6.944650962000026,50.98709136800005
2019,5,16,6,3,5,3,0,1,1,0,0,6.916083693000076,50.96856661600003
2019,5,17,7,3,0,7,0,1,0,0,1,7.070145960000048,50.97210966500006
2019,5,18,5,3,5,2,0,1,1,0,0,7.633639462000076,51.965486447000046
2019,5,15,5,3,6,4,0,1,0,1,0,7.62506335300003,51.93412021300003
2019,5,14,5,3,3,2,0,1,1,0,0,7.64496914700004,51.954524262000064
2019,5,16,7,3,3,2,0,1,1,0,0,6.944184581000059,50.92418821700005
2019,5,16,5,3,1,5,0,1,1,0,0,7.097849977000067,50.87589120400003
2019,5,7,5,3,5,3,0,1,1,0,0,7.029135738000036,50.94189664400005
2019,5,10,5,3,5,3,0,1,1,0,0,7.035388885000032,51.00019372500003
2019,5,10,5,3,1,5,0,1,1,0,0,6.99098366100003,50.88610528900006
2019,5,19,5,2,0,1,0,1,0,0,0,6.940781352000045,50.91235463000004
2019,5,15,5,3,0,7,0,1,0,0,0,6.928902632000074,50.92546005000003
2019,5,15,5,3,3,2,0,1,1,0,0,6.950543787000072,50.93909227300003
2019,5,23,5,3,0,1,2,1,0,0,0,7.804195875000062,51.667823285000054
2019,5,7,4,3,5,7,0,1,1,0,0,7.61162123500003,51.99793615400006
2019,5,20,4,3,5,3,0,1,1,0,0,7.632893961000036,51.96064927500004
2019,5,19,4,3,0,5,0,1,1,0,0,6.976705950000053,51.000913480000065
2019,5,8,4,3,1,5,0,1,1,0,0,6.897820986000056,50.92420019900004
2019,5,14,4,2,0,1,0,1,0,0,0,6.934621899000035,50.927641453000035
2019,5,20,4,3,0,7,0,1,0,0,0,6.941134027000032,50.940332710000064
2019,5,16,3,3,0,5,0,1,1,0,0,6.952282995000076,50.95112058900003
2019,5,8,3,3,5,3,0,1,1,0,0,6.956006328000058,50.94253641100005
2019,5,7,2,3,0,1,0,1,0,0,0,7.61838748100007,51.98019106000004
2019,5,5,2,2,0,1,0,1,0,0,0,7.643717043000038,51.937809737000066
2019,5,13,2,3,3,6,0,1,1,0,0,7.62538472500006,51.964097974000026
2019,5,8,2,3,6,1,0,1,0,1,0,7.632478072000026,51.920092261000036
2019,5,16,4,3,5,3,0,1,1,0,0,7.098890490000031,50.861707712000054
2019,5,16,2,3,5,3,0,1,1,0,0,6.961700356000051,50.91446720600004
2019,5,18,4,3,5,2,0,1,1,0,0,6.912042563000057,50.96528192300008
2019,5,8,4,3,5,3,0,1,1,0,0,6.90247045600006,50.91860188100003
2019,5,13,2,3,4,6,0,1,0,0,0,7.84395801200003,51.65143635000004
2019,5,19,4,3,0,1,0,1,0,0,0,6.925445392000029,50.92355096800003
2019,5,22,4,2,8,1,2,1,0,0,0,6.955660570000021,50.947835001000044
2019,5,10,1,3,0,7,0,1,0,1,0,7.04824966800004,50.93138448800005
2019,5,17,4,3,4,6,0,1,0,0,0,6.949265523000065,50.91798419600008
2019,5,16,7,3,5,3,0,1,1,0,0,6.926210585000035,50.98207585400007
2019,5,0,7,2,8,7,2,1,1,0,0,6.914027847000057,50.95620623700006
2019,5,14,7,3,0,4,0,1,0,1,0,6.958750328000065,50.92384098100007
2019,5,9,6,3,4,1,0,1,0,0,0,7.625398125000061,51.96210672900003
2019,5,8,6,3,5,2,0,1,1,0,0,7.652992410000024,51.95878723200008
2019,5,17,6,3,4,7,0,1,0,0,0,7.52652475900004,51.92717661000006
2019,5,9,6,3,4,3,0,1,1,0,0,7.008769501000074,50.93720872400007
2019,5,21,6,3,5,2,1,1,1,0,0,6.998136886000054,50.93551685400007
2019,5,17,6,3,3,2,0,1,0,0,0,6.989804222000032,50.91206652200003
2019,5,13,6,3,0,3,0,1,1,0,0,7.024771979000036,51.00672568200008