UJAHR,UMONAT,USTUNDE,UWOCHENTAG,UKATEGORIE,UART,UTYP1,ULICHTVERH,IstRad,IstPKW,IstFuss,IstKrad,XGCSWGS84,YGCSWGS84
2019,7,3,6,3,8,1,2,1,0,0,0,7.056641161000073,50.91053624500006
2019,7,11,7,3,2,2,0,1,1,0,0,6.961048762000075,50.916364584000064
2019,7,15,6,3,5,3,0,1,1,0,0,7.625376072000051,51.91022748600005
2019,7,10,6,3,5,3,0,1,1,0,0,7.613893610000048,51.95816866900003
2019,7,13,6,3,5,3,0,1,0,0,0,6.981417069000031,50.93735474600004
2019,7,17,6,3,4,6,0,1,0,0,0,7.006494816000043,50.959980501000075
2019,7,15,6,3,0,1,0,1,0,0,0,6.94328454500004,50.97926843500005
2019,7,12,6,3,5,3,0,1,0,0,0,6.869031219000021,50.97581685600005
2019,7,16,6,3,0,1,0,1,1,0,0,6.90778116000007,50.95190373600008
2019,7,13,6,2,5,3,0,1,1,0,0,6.997880069000075,50.887806957000066
2019,7,10,6,3,5,2,0,1,1,0,0,6.941605416000073,50.94644638700004
2019,7,19,7,2,9,1,0,1,0,0,0,6.833307189000038,50.946425229000056
2019,7,22,7,3,5,3,2,1,1,0,0,6.93131882800003,50.92327759800003
2019,7,12,5,3,5,3,0,1,1,0,0,6.99983334600006,50.94177279400003
2019,7,8,5,3,0,1,0,1,0,0,0,6.919858165000051,50.921585469000036
2019,7,15,5,3,0,7,0,1,1,0,0,6.920579130000022,50.91380000000004
2019,7,12,5,3,0,1,0,1,1,0,0,7.790365353000027,51.66946002000003
2019,7,15,7,3,1,5,0,1,1,0,0,6.951461227000038,50.94766817800007
2019,7,17,4,3,0,7,0,1,0,0,0,7.648890859000062,51.95225113500004
2019,7,15,4,3,5,3,0,1,0,0,0,7.62134431800007,51.95626036800007
2019,7,18,4,3,0,1,0,1,0,0,0,7.058060609000052,50.88561330400006
2019,7,16,4,3,0,7,0,1,0,0,0,6.97237829900007,50.93683172000004
2019,7,13,4,2,0,1,0,1,0,0,0,6.98332541700006,50.92073910200003
2019,7,12,4,3,3,5,0,1,1,0,0,6.972790868000061,50.96393864400005
2019,7,8,4,3,5,3,0,1,1,0,0,6.901219806000029,50.95218881400007
2019,7,8,4,3,0,7,0,1,0,0,0,6.900621447000049,50.93644197200007
2019,7,18,4,3,0,7,0,1,0,1,0,7.018445760000077,50.89088335900004
2019,7,9,4,2,0,1,0,1,0,0,0,6.957239526000024,50.90773545600007
2019,7,11,4,3,0,1,0,1,0,0,0,6.936244367000029,50.92860939800005
2019,7,10,4,3,5,2,0,1,1,0,0,6.94763447400004,50.948161180000056
2019,7,12,4,3,5,3,0,1,1,0,0,7.820633693000048,51.67877466900006
2019,7,8,3,3,4,6,0,1,0,0,0,6.973043810000036,50.94278677800003
2019,7,16,3,3,0,7,0,1,1,0,0,7.052121585000066,50.96743132300003
2019,7,19,3,3,5,3,0,1,1,0,0,6.991633033000028,50.99832365800006
2019,7,16,7,3,1,3,0,1,1,0,0,7.072521950000066,50.964661797000076
2019,7,20,3,2,6,6,0,1,0,1,0,6.929685600000028,51.018683930000066
2019,7,1,3,2,8,1,2,1,0,0,0,6.852015574000063,50.945031742000026
2019,7,10,3,3,3,6,0,1,1,0,0,6.924176456000055,50.95379750700005
2019,7,12,3,3,0,1,0,1,0,0,0,6.940834385000073,50.92098804700004
2019,7,16,7,3,6,4,0,1,0,1,0,6.942065253000067,50.94488006700004
2019,7,19,4,2,5,3,0,1,1,0,0,7.655838904000063,51.993218099000046
2019,7,16,4,2,5,7,0,1,1,0,0,7.63912964900004,51.95910306900004
2019,7,12,4,3,0,1,0,1,0,0,0,7.062424658000055,50.88971545100003
2019,7,18,4,3,5,2,0,1,1,0,0,6.994918097000038,50.94344093500007
2019,7,17,4,3,5,2,0,1,1,0,0,6.941623071000038,50.91693957800004
2019,7,15,4,3,0,1,0,1,0,0,0,6.907100509000031,50.90619519300003
2019,7,8,4,3,5,2,0,1,1,0,0,6.953467085000057,50.93337278000007
2019,7,19,4,3,1,5,0,1,1,0,0,7.840710347000027,51.670359561000055
2019,7,15,3,3,5,3,0,1,1,0,0,7.646627572000057,51.96487368800007
2019,7,23,3,3,0,6,2,1,0,1,0,7.634203223000043,51.95604481600003
2019,7,14,3,3,0,7,0,1,0,0,0,7.613899444000026,51.958163453000054
2019,7,14,3,3,0,1,0,1,1,0,0,7.621129864000068,51.95811513400008
2019,7,8,3,3,5,3,0,1,0,0,0,6.936370695000051,50.947135047000074
2019,7,16,3,2,0,5,0,1,1,0,0,6.940918872000054,50.918676531000074
2019,7,23,3,2,0,1,2,1,0,0,0,6.887052358000062,50.910247696000056
2019,7,16,2,3,1,6,0,1,1,0,0,7.619732326000076,51.95733346800006
2019,7,20,2,3,0,1,0,1,0,0,0,7.630020753000053,51.96790671700006
2019,7,16,2,3,5,2,0,1,1,0,0,7.586881736000066,51.94937099800006
2019,7,17,2,2,0,1,0,1,0,0,0,6.987061097000037,51.000963838000075
2019,7,15,2,2,0,1,0,1,0,0,0,6.937639923000063,50.94706788500008
2019,7,20,2,3,0,1,0,1,1,0,0,6.942072934000066,50.94010272200006
2019,7,11,2,3,6,6,0,1,0,1,0,6.949944065000068,50.93647520800005
2019,7,16,2,3,5,3,0,1,1,0,0,7.86959732400004,51.68828603000003
2019,7,17,1,3,0,7,0,1,0,0,0,6.971938492000049,50.979471216000036
2019,7,14,1,3,0,7,0,1,0,0,0,6.933504753000022,50.92727549500006
2019,8,22,5,2,0,7,2,1,0,0,0,7.820636688000036,51.68572583300005
2019,7,14,1,3,5,3,0,1,1,0,0,6.948601755000027,50.93383750000004
2019,7,15,1,3,0,6,0,1,0,1,0,7.809439258000055,51.67866124400007
2019,8,14,1,3,5,3,0,1,1,0,0,6.920202683000071,51.015638409000076
2019,8,1,1,3,7,7,2,1,0,0,0,6.927937646000032,50.95376158900007
2019,8,22,7,3,3,1,2,1,0,0,0,7.615660989000048,51.98093929600003
2019,8,17,7,3,3,6,0,1,0,0,0,7.659565838000049,51.90588744000007
2019,8,19,7,3,2,1,0,1,0,0,0,7.610937025000055,51.97199533700007
2019,8,17,7,3,4,5,0,1,1,0,0,7.104120258000023,50.86202522800005
2019,8,12,7,3,5,3,0,1,1,0,0,7.015664707000042,50.95169346600005
2019,8,10,7,2,7,7,0,1,0,0,0,6.914718330000028,51.05315468900005
2019,8,6,7,3,5,3,0,1,1,0,0,6.855077078000022,51.06471595700003
2019,8,3,7,3,4,7,2,1,1,0,0,6.936279022000065,50.94699115100008
2019,8,1,7,3,5,3,2,1,1,0,0,6.90511678300004,50.95872746300006
2019,8,15,7,3,0,7,0,1,0,0,0,6.914596306000021,50.908234753000045
2019,8,15,6,3,7,5,0,1,1,0,0,7.621439722000048,51.92446333300006
2019,8,13,6,3,5,3,0,1,1,0,0,6.902775107000025,50.945745774000045
2019,8,19,6,3,1,1,0,1,1,0,0,6.940962692000028,50.91195422700008
2019,8,13,6,3,4,6,0,1,1,0,0,6.933033144000035,50.91584088900004
2019,8,14,6,3,6,4,0,1,0,1,0,6.961681967000061,50.920784172000026
2019,8,16,5,3,6,4,0,1,0,1,0,7.626552721000053,51.95652760300004
2019,8,7,5,3,5,3,0,1,1,0,0,7.652809692000062,51.96792941000007
2019,8,12,5,3,0,7,0,1,1,0,0,7.023777921000033,50.98206527100007
2019,8,17,5,2,0,1,0,1,0,0,0,6.958069267000042,51.026082848000044
2019,8,13,5,3,5,2,0,1,1,0,0,6.933994010000049,50.92171042000007
2019,8,0,5,3,0,1,2,1,0,0,0,6.936321600000042,50.92859124900008
2019,8,8,5,3,5,3,0,1,1,0,0,6.944344034000039,50.923749644000054
2019,8,16,6,3,5,3,0,1,1,0,0,7.762992100000076,51.69445860900004
2019,8,19,5,3,4,6,0,1,0,0,0,7.640199300000063,51.97995380200007
2019,8,6,5,3,5,2,0,1,1,0,0,7.056196551000028,50.969062621000035
2019,8,17,5,3,0,5,0,1,1,0,0,6.96427109900003,50.98102475500008
2019,8,8,5,3,0,1,0,1,0,0,0,6.923142355000039,51.034924155000056
2019,8,16,5,3,5,2,0,1,1,0,0,6.860295630000053,51.06965759800005
2019,8,17,5,3,0,5,0,1,1,0,0,6.916786858000023,50.95313628000008
2019,8,8,5,3,5,2,0,1,1,0,0,6.95738121200003,50.904512139000076
2019,8,18,5,3,0,1,0,1,0,0,0,6.907366254000067,50.92161478600008
2019,8,18,4,3,5,5,0,1,1,0,0,6.886114637000048,51.03385948700003
2019,8,15,4,3,0,5,0,1,1,0,0,6.901824659000056,50.96033898500008
2019,8,10,4,3,5,3,0,1,1,0,0,6.904004604000022,50.924148227000046
2019,8,20,4,3,1,2,0,1,1,0,0,6.949761981000052,50.918981031000044
2019,8,18,4,3,5,3,0,1,1,0,0,6.960982879000028,50.930918992000045
2019,8,16,4,3,0,1,0,1,0,0,0,6.944169883000029,50.935997658000076
2019,8,16,3,3,3,6,0,1,0,0,0,7.637245126000039,51.95889572400006
2019,8,18,3,3,1,1,0,1,1,0,0,7.651101997000069,51.99098861500005
2019,8,8,3,3,3,2,0,1,0,0,0,7.639925018000042,51.96783673200008
2019,8,17,3,3,0,7,0,1,0,0,0,6.932550838000054,50.949757161000036
2019,8,21,3,3,0,1,1,1,0,0,0,6.947242353000036,50.914910434000035
2019,8,18,3,2,0,1,0,1,0,0,0,6.940990963000047,50.91460744800003
2019,8,9,3,3,0,1,0,1,0,0,0,6.942477899000039,50.92236550700005
2019,8,12,2,3,5,2,0,1,1,0,0,7.055858649000072,50.891329477000056
2019,8,1,2,2,0,1,2,1,0,0,0,6.899565473000052,50.979519227000026
2019,8,6,2,3,5,3,1,1,1,0,0,6.899244887000066,50.92205613400006
2019,8,15,2,3,4,2,0,1,1,0,0,6.955607400000076,50.92139226200004
2019,8,13,3,3,1,6,0,1,0,0,0,7.620930994000048,51.97212579900008
2019,8,16,3,2,0,7,0,1,0,0,0,6.846957810000049,51.04225861900005
2019,8,9,3,3,0,7,0,1,0,0,0,6.885760939000022,50.947059969000065
2019,8,18,3,3,5,2,0,1,1,0,0,6.969599130000063,50.883063521000054
2019,8,12,3,3,1,5,0,1,1,0,0,6.917466742000045,50.923001303000035
2019,8,13,3,3,1,5,0,1,1,0,0,6.956670219000046,50.94786421600003
2019,8,18,3,2,0,1,0,1,0,0,0,6.96292894100003,50.92356226600003
2019,8,14,3,3,0,5,0,1,1,0,0,7.822742789000074,51.66458381900003
2019,8,15,2,3,0,1,0,1,0,0,0,6.939565448000053,50.969241959000044
2019,8,14,2,3,0,2,0,1,1,0,1,6.948274406000053,50.894087779000074
2019,8,14,2,3,0,1,0,1,0,0,0,6.952608789000067,50.92658228800008
2019,8,16,2,3,1,5,0,1,1,0,0,6.952042821000021,50.93837032700003
2019,8,13,1,3,0,1,0,1,0,0,0,6.977643056000034,50.96934429000004
2019,8,14,1,3,0,1,0,1,0,0,0,6.916867573000047,51.030488784000056
2019,8,0,1,3,2,7,2,1,1,0,0,6.950920707000023,50.92859527000007
2019,8,14,1,2,4,7,0,1,0,0,0,7.759250138000027,51.694396726000036
2019,8,19,7,3,0,7,0,1,0,0,0,7.646975397000063,51.93745729400007
2019,8,12,7,3,5,3,0,1,1,0,0,7.001040612000054,50.93937320400005
2019,8,19,6,3,1,1,0,1,1,0,0,7.575767954000071,51.919288075000054
2019,8,16,6,3,5,5,0,1,1,0,0,7.637260036000043,51.91078679000003
2019,8,20,6,2,5,3,0,1,0,0,0,7.633580199000051,51.96019376000004
2019,8,13,6,2,0,1,0,1,0,0,0,6.932679636000046,50.969104551000044
2019,8,5,6,3,5,3,2,1,1,0,0,6.905112638000048,50.95872357300004
2019,8,15,6,2,0,1,0,1,0,0,0,6.932532021000043,50.940010193000035
2019,8,16,6,2,3,1,0,1,0,0,1,6.951370139000062,50.92164058100008
2019,8,15,1,3,0,1,0,1,1,0,0,6.944593987000076,50.92428330300004
2019,8,20,1,3,2,6,1,1,1,0,0,6.959243037000022,50.933160145000045
2019,8,15,7,3,3,2,0,1,0,0,1,7.109424326000067,50.85063868800006
2019,8,11,7,3,1,5,0,1,1,0,0,6.988492797000049,50.95085382900004
2019,8,18,7,3,0,1,0,1,0,0,0,6.890869404000057,50.97055557400006
2019,8,11,7,3,1,5,0,1,1,0,0,6.955730255000049,50.92032098400006
2019,8,13,7,3,0,1,0,1,0,0,0,6.942744943000037,50.93222090200004
2019,8,12,6,3,5,2,0,1,1,0,0,6.916705363000062,50.92292663900008
2019,8,11,5,2,8,1,0,1,0,0,0,7.552517540000054,51.94862608900007
2019,8,7,5,3,3,2,0,1,1,0,0,7.075368273000038,50.83981191500004
2019,8,19,5,3,6,6,0,1,0,1,0,6.964566424000054,50.955191306000074
2019,8,6,5,2,5,5,1,1,1,0,0,6.913431609000043,50.90738237100004
2019,8,10,4,3,5,3,0,1,0,0,0,7.599632932000077,51.94158275400008
2019,8,19,4,3,0,1,0,1,0,0,0,6.99644556800007,51.01140862400007
2019,8,17,4,2,3,2,0,1,0,0,0,7.054683422000039,50.96418586600004
2019,8,18,4,3,4,6,0,1,0,0,0,6.880787871000052,50.93946619700006
2019,8,12,4,3,0,5,0,1,1,0,0,6.862434937000046,50.932570199000054
2019,8,11,4,3,0,5,0,1,1,0,0,6.993305059000022,50.89212170700006
2019,8,16,4,3,3,6,0,1,0,0,0,6.954549784000051,50.911385007000035
2019,8,9,4,3,5,3,0,1,1,0,0,6.961700356000051,50.91446720600004
2019,8,9,4,3,5,3,0,1,1,0,0,6.962902065000037,50.91807655900004
2019,8,15,5,3,6,4,0,1,0,1,0,7.59480469600004,52.00074058300004
2019,8,18,5,3,6,6,0,1,0,1,0,7.009133684000062,50.84537116300004
2019,8,19,5,3,5,3,0,1,1,0,0,7.011026714000025,50.937494627000035
2019,8,18,5,3,3,5,0,1,1,0,0,7.001731169000038,50.95973266900006
2019,8,12,5,3,5,3,0,1,1,0,0,6.943465998000022,50.96849269000006
2019,8,2,5,2,5,2,2,1,1,0,0,6.945779968000068,50.93444111500003
2019,8,16,4,3,6,7,0,1,0,1,0,6.994282609000038,50.937107651000076
2019,8,17,4,3,0,7,0,1,0,0,0,7.004295927000044,50.97409787400005
2019,8,20,4,3,0,7,0,1,0,0,0,6.988862848000053,50.98880941400006
2019,8,18,4,3,1,5,0,1,1,0,0,6.926304402000028,50.91915296500008
2019,8,11,4,3,0,1,0,1,0,0,0,6.938097670000047,50.92961845100007
2019,8,12,4,3,5,3,0,1,1,0,0,7.819234484000049,51.673409271000025
2019,8,17,3,3,2,2,0,1,0,0,0,7.630584773000066,51.957875631000036
2019,8,16,3,3,0,1,0,1,0,0,0,7.595006373000047,51.97515974000004
2019,8,17,3,2,6,4,0,1,0,1,0,7.521845430000042,51.924073718000045
2019,8,15,3,3,0,7,0,1,0,0,0,6.994328069000062,50.90082246600008
2019,8,8,3,2,1,5,0,1,1,0,0,6.973166650000053,50.93311431400008
2019,8,18,3,3,2,2,0,1,0,1,0,6.966097688000048,50.917191555000045
2019,8,22,3,3,6,4,2,1,0,1,0,6.93394975800004,50.92742188100004
2019,8,19,3,3,5,2,0,1,1,0,0,6.944022913000026,50.924190966000026
2019,8,15,2,3,5,2,0,1,0,0,0,6.912893453000038,51.01875281500003
2019,8,15,2,3,0,1,0,1,0,0,0,6.845789160000038,50.93203347300005
2019,8,15,2,3,5,3,0,1,1,0,0,6.951868269000045,50.89811008700008
2019,8,7,2,3,7,7,0,1,0,0,0,6.934622094000076,50.92764151700004
2019,8,8,2,2,3,2,0,1,1,0,0,6.961700356000051,50.91446720600004
2019,8,15,2,3,3,2,0,1,0,0,0,7.633570847000044,51.96020201700003
2019,8,22,2,3,9,7,2,1,0,1,0,7.562067919000072,51.96876791300008
2019,8,8,2,3,0,1,0,1,0,0,0,6.998394958000063,50.949045510000076
2019,8,16,2,3,0,1,0,1,0,0,0,6.977985358000069,50.932558355000026
2019,8,8,2,3,5,2,0,1,1,0,0,6.963689468000041,50.961089756000035
2019,8,14,2,3,1,5,0,1,1,0,0,6.949473030000036,50.98107026500003
2019,8,14,2,3,4,1,0,1,0,0,0,6.935733289000041,51.02207589000005
2019,8,19,2,3,5,3,0,1,1,0,0,6.915813214000025,50.92595078100004
2019,8,19,1,3,4,6,0,1,1,0,0,6.832071613000039,50.94203120600008
2019,8,11,7,3,8,7,0,1,0,0,0,7.02715081100007,50.89674119500006
2019,8,23,7,3,1,5,2,1,1,0,0,6.914205593000077,50.95613517400005
2019,8,17,7,3,0,1,0,1,0,0,0,6.993392097000026,50.89259559900006
2019,8,20,6,3,5,7,1,1,1,0,0,7.620515011000066,51.95760443700004
2019,8,9,6,3,5,2,0,1,1,0,0,7.619935355000052,51.95471620300003
2019,8,11,6,3,0,7,0,1,0,0,0,7.052208975000042,50.903496774000075
2019,8,22,6,2,5,2,2,1,0,0,1,6.889435846000026,50.93444211500008
2019,8,7,6,3,4,2,0,1,1,0,0,6.903711912000063,50.94569917500007
2019,8,15,6,3,5,2,0,1,1,0,0,6.920859645000064,50.923636556000076
2019,8,7,2,3,5,2,0,1,1,0,0,7.677912910000032,51.91908347300006
2019,8,12,6,3,2,3,0,1,1,0,0,6.933881623000048,50.96451117400005
2019,8,2,6,3,0,7,2,1,0,0,0,6.85382074000006,50.942154981000044
2019,8,1,6,3,0,1,2,1,0,0,0,6.97602252400003,50.86698722600005
2019,8,15,5,3,5,3,0,1,0,0,1,7.093344081000055,50.87628218100008
2019,8,15,6,3,0,1,0,1,0,0,0,6.934633817000076,50.92764540700006
2019,8,14,5,3,5,3,0,1,1,0,0,6.999000154000044,50.92112098800004
2019,8,7,5,2,5,3,0,1,1,0,0,6.997269091000021,50.91856538900004
2019,8,7,5,3,0,2,0,1,1,0,0,6.898438204000058,50.94323629300004
2019,8,17,5,3,0,1,0,1,0,0,0,6.945054614000071,50.924693354000055
2019,8,15,6,3,1,7,0,1,1,0,0,6.920855148000044,50.92364441700005
2019,8,7,6,3,0,7,0,1,0,0,0,6.959216887000025,50.93225550000005
2019,8,15,6,3,5,3,0,1,0,0,0,6.945973711000022,50.95841187600007
2019,8,16,4,3,3,6,0,1,0,0,0,7.566861198000026,51.972187957000074
2019,8,0,4,3,5,7,2,1,1,0,0,7.626133271000072,51.94636519200003
2019,8,16,4,3,1,5,0,1,1,0,0,7.64861888400003,51.96537151700005
2019,8,8,4,3,5,2,0,1,1,0,0,6.885707955000044,50.983712592000074
2019,8,17,4,3,3,2,0,1,0,0,0,6.916297062000069,50.95534518200003
2019,8,20,4,3,5,3,2,1,0,0,0,6.924100001000056,50.887378968000064
2019,8,13,4,3,5,2,0,1,1,0,0,6.961700356000051,50.91446720600004
2019,8,9,4,3,0,1,0,1,0,0,0,6.919649566000032,50.921508463000066
2019,8,16,4,3,0,3,0,1,1,0,0,6.948781007000036,50.933819526000036
2019,8,12,3,3,5,2,0,1,1,0,0,7.620494175000033,51.95758723200004
2019,8,14,6,3,6,4,0,1,0,1,0,6.957676866000043,50.95700464500004
2019,8,0,3,3,6,7,2,1,0,1,0,6.957192345000067,50.94275096400003
2019,8,22,3,3,0,7,2,1,0,0,0,6.940431636000028,50.946593782000036
2019,9,8,2,2,5,3,0,1,0,0,0,7.024194955000041,50.945301983000036
2019,9,12,2,3,0,1,0,1,0,0,0,7.042977175000033,50.964166470000066
2019,9,12,2,3,0,5,0,1,1,0,0,6.940984710000066,50.91192860100006
2019,9,7,2,3,1,5,0,1,1,0,0,6.953115019000052,50.93118065500005
2019,9,18,2,3,5,2,0,1,1,0,0,6.93556398800007,50.94226859200006
2019,9,15,2,3,3,2,0,1,1,0,0,6.953817897000022,50.93905684900005
2019,9,1,1,3,0,1,2,1,0,0,0,6.912748041000043,50.94991840800003
2019,9,0,1,3,0,1,2,1,0,0,0,6.854497027000036,50.94207501500006
2019,9,7,1,3,5,3,0,1,1,0,0,7.758953079000037,51.641039782000064
2019,8,18,7,3,6,4,0,1,1,1,0,7.64082955400005,51.95729484700007
2019,8,5,7,3,4,2,1,1,0,0,0,7.608014853000043,51.94838015400006
2019,8,2,7,3,1,7,2,1,0,0,0,6.986124052000037,50.916248299000074
2019,8,21,7,3,5,2,2,1,1,0,0,7.004452181000033,50.94569007000007
2019,8,11,7,3,0,1,0,1,0,0,0,6.993396723000046,50.95829880500003
2019,8,15,7,3,5,3,0,1,1,0,0,6.960971279000034,50.98454749200005
2019,8,19,7,3,0,7,0,1,0,0,0,7.008457732000068,50.891881185000045
2019,8,16,7,3,3,6,0,1,1,0,0,7.010652340000036,50.87625100400004
2019,8,3,7,2,0,1,2,1,0,0,0,6.900008897000021,50.91784872900007
2019,8,9,7,3,1,5,0,1,1,0,0,6.943991016000041,50.93522474400004
2019,9,10,2,3,5,6,0,1,0,0,0,7.636684587000048,51.96259295800007
2019,9,15,2,3,5,3,0,1,1,0,0,7.613457616000062,51.98040047900008
2019,8,23,6,2,8,7,2,1,0,0,0,6.975051897000071,50.94586128800006
2019,8,14,6,3,0,1,0,1,0,0,0,7.017399861000058,50.969521255000075
2019,9,7,5,2,3,2,0,1,0,0,0,7.616183694000029,51.96531388900007
2019,9,13,5,3,0,3,0,1,1,0,0,6.931188313000064,50.96614626100006
2019,9,10,5,3,5,3,0,1,1,0,0,6.899699870000063,51.01664359400007
2019,9,16,5,3,0,6,0,1,1,0,0,6.932223823000072,50.952871059000074
2019,9,18,5,3,5,3,0,1,1,0,0,7.805847671000038,51.69564566200006
2019,9,9,4,2,5,3,0,1,1,0,0,7.597717051000075,51.99848122900005
2019,9,14,4,3,3,6,0,1,1,0,0,7.055172792000064,50.96988230000005
2019,9,13,4,3,0,7,0,1,0,0,0,6.927859213000033,50.948020116000066
2019,9,8,4,3,1,5,0,1,1,0,0,6.970560270000021,50.91360838400004
2019,9,17,4,2,5,3,0,1,0,0,0,6.93905008400003,50.93540676500004
2019,9,15,3,2,5,3,0,1,1,0,0,6.929509737000046,50.94112634600003
2019,9,17,3,3,3,2,0,1,1,0,0,6.887094234000074,50.948822017000055
2019,9,20,3,3,0,1,1,1,0,0,0,6.920485601000053,50.95802653000004
2019,9,13,3,3,4,6,0,1,1,0,0,6.960449915000027,50.91817033900003
2019,9,11,3,3,0,7,0,1,1,0,0,6.94759072200003,50.94277789300003
2019,9,17,3,3,3,2,0,1,1,0,0,7.001507651000054,50.940558700000054
2019,9,15,3,3,3,2,0,1,1,0,0,6.994258069000068,50.93716934200006
2019,9,16,3,3,5,3,0,1,1,0,0,7.075143095000044,50.97463273200003
2019,9,16,3,3,5,3,0,1,1,0,0,6.968823196000074,50.97800852700004
2019,9,7,3,3,5,3,0,1,0,0,0,6.924608428000056,50.93067299100005
2019,9,17,1,3,0,3,0,1,1,0,0,7.021754374000068,50.94330079800005
2019,9,19,1,3,5,3,0,1,1,0,0,6.961700356000051,50.91446720600004
2019,9,0,7,3,0,1,2,1,0,0,0,7.627486117000046,51.96379034100005
2019,9,1,7,2,0,7,2,1,0,0,0,6.890476395000064,51.025025525000046
2019,9,13,7,3,5,3,0,1,1,0,0,6.89887200000004,50.95258100600006
2019,9,2,7,3,0,1,2,1,0,0,0,6.956003812000063,50.94461425500003
2019,9,8,6,3,4,2,0,1,1,0,0,7.006254660000025,50.95918118900005
2019,9,15,6,3,5,2,0,1,1,0,0,6.941558763000046,50.91086689700006
2019,9,19,6,3,0,5,0,1,1,0,0,6.95819145400003,50.92606107600005
2019,9,12,6,3,5,3,0,1,1,0,0,6.961686250000071,50.941951145000075
2019,9,14,6,3,0,5,0,1,0,0,0,7.631195855000044,51.962596262000034
2019,9,10,6,2,3,6,0,1,1,0,0,7.575589207000064,51.96826617200003
2019,9,22,6,3,0,1,2,1,0,0,0,6.914595061000057,50.99616508100007
2019,9,14,6,3,3,6,0,1,1,0,0,6.961736514000052,50.914528406000045
2019,9,16,6,3,5,5,0,1,1,0,0,6.950721050000027,50.92052960600006
2019,9,15,6,3,5,3,0,1,1,0,0,7.800644971000054,51.705495933000066
2019,9,15,5,3,6,4,0,1,0,1,0,7.624153917000058,51.96060037900003
2019,9,22,5,3,0,3,2,1,1,0,0,7.001841730000024,50.94088641700006
2019,9,14,5,3,5,3,0,1,1,0,0,6.903984561000073,50.92417960800003
2019,9,7,5,3,5,3,0,1,0,0,0,6.933222630000046,50.91359792800006
2019,9,19,4,3,0,5,1,1,0,0,0,7.656462579000049,51.94147448700005
2019,9,15,4,3,2,2,0,1,0,0,0,7.626531646000046,51.956211204000056
2019,9,13,4,3,3,6,0,1,1,0,0,6.995448343000021,50.935369768000044
2019,9,17,4,3,4,2,0,1,1,0,0,7.011444626000071,50.968811792000054
2019,9,16,4,3,1,5,0,1,1,0,0,6.969058035000046,50.97678083800008
2019,9,19,4,3,0,5,1,1,1,0,0,6.964169499000036,50.91912590100003
2019,9,12,6,3,2,6,0,1,1,0,0,7.616267992000076,51.93229559000008
2019,9,15,3,3,5,2,0,1,1,0,0,7.647291565000046,51.96805566900008
2019,9,7,3,3,5,3,0,1,1,0,0,7.638144760000046,51.95158983700003
2019,9,13,3,3,8,7,0,1,0,0,0,7.698524662000068,51.98974053200004
2019,9,15,3,3,4,7,0,1,0,0,0,7.629817924000065,51.98360720800008
2019,9,8,3,3,5,3,0,1,1,0,0,7.081765946000076,50.87560709500008
2019,9,11,3,3,5,3,0,1,1,0,0,6.904355620000047,51.01661410500003
2019,9,16,3,3,5,7,0,1,0,0,0,6.918786739000041,50.954311982000036
2019,9,16,3,3,1,5,0,1,1,0,0,6.959715800000026,50.920778830000074
2019,9,15,2,3,0,1,0,1,0,0,0,7.100122295000062,50.856844239000054
2019,9,9,2,3,0,1,0,1,0,0,0,6.864500393000071,50.95258029900003
2019,9,9,2,3,5,7,0,1,1,0,0,6.989418915000044,50.897436834000075
2019,9,19,2,2,0,1,1,1,0,0,0,6.933869768000022,50.927396187000056
2019,9,12,2,3,5,3,0,1,1,0,0,6.939971669000045,50.940549875000045
2019,9,14,1,3,0,1,0,1,0,0,0,6.968213287000026,50.966092151000055
2019,9,6,1,2,0,3,1,1,1,0,0,6.924068140000031,50.88552565500004
2019,9,12,1,3,0,7,0,1,0,0,0,7.898867611000071,51.68545715700003
2019,9,13,7,3,5,2,0,1,1,0,0,7.081852981000054,50.882629121000036
2019,9,15,7,2,0,1,0,1,0,0,0,7.001291825000067,50.95206230200006
2019,9,19,7,3,5,3,0,1,0,0,0,7.023326660000066,50.982511127000066
2019,9,20,7,3,5,3,2,1,1,0,0,6.960513420000041,50.97689463200004
2019,9,18,7,3,7,5,0,1,1,0,0,6.942300914000043,50.94006475700007
2019,9,15,6,3,0,3,0,1,1,0,0,7.563224146000039,51.97052570900007
2019,9,7,6,3,3,6,0,1,0,0,0,7.621132913000054,51.95811774100008
2019,9,15,6,3,0,7,0,1,0,0,0,6.92848940600004,50.950394939000034
2019,9,18,6,3,2,3,0,1,1,0,0,6.948605328000042,50.933850121000035
2019,9,11,6,3,6,7,0,1,0,1,0,7.74156402400007,51.693209911000054
2019,9,13,6,3,1,7,0,1,0,0,0,7.857325761000027,51.65059652100007
2019,9,19,5,3,2,6,0,1,1,0,0,7.626531256000021,51.95620525800007
2019,9,16,5,3,5,2,0,1,1,0,0,7.093012370000054,50.96567868500006
2019,9,15,5,3,5,3,0,1,0,0,0,6.941623071000038,50.91693957800004