UJAHR,UMONAT,USTUNDE,UWOCHENTAG,UKATEGORIE,UART,UTYP1,ULICHTVERH,IstRad,IstPKW,IstFuss,IstKrad,XGCSWGS84,YGCSWGS84
2019,9,16,5,3,0,6,0,1,1,0,0,6.919646192000073,50.921507219000034
2019,9,16,5,3,0,7,0,1,1,0,0,6.961864175000073,50.92093097700007
2019,9,10,5,3,0,1,0,1,0,0,0,6.946077316000071,50.92560186000003
2019,9,15,4,1,0,7,0,1,0,0,0,7.011595209000063,50.92656733300004
2019,9,11,4,2,1,5,0,1,1,0,0,6.957659704000037,50.97492203500008
2019,9,12,3,3,5,7,0,1,1,0,0,7.610227566000049,51.97629100300003
2019,9,16,2,3,0,2,0,1,0,0,0,7.635004238000022,51.959703595000065
2019,9,15,2,3,4,1,0,1,0,0,0,6.921370712000055,50.95654993800008
2019,9,18,2,3,3,1,0,1,0,0,0,6.92332768600005,50.92872074500008
2019,9,12,2,3,5,3,0,1,1,0,0,6.923559036000029,50.92187843800008
2019,9,9,2,3,3,2,0,1,0,0,0,6.949918271000058,50.91921946900004
2019,9,7,2,3,5,3,1,1,1,0,0,6.942295040000033,50.92563650800008
2019,9,21,2,3,5,3,2,1,1,0,0,6.948997506000069,50.935437414000035
2019,9,18,2,3,5,3,0,1,1,0,0,6.938080039000056,50.94409317800006
2019,9,7,3,3,5,2,1,1,1,0,0,6.833253890000037,50.93672066500005
2019,9,19,1,3,0,1,0,1,0,0,0,7.050494086000072,50.90238935500008
2019,9,1,1,3,0,6,2,1,1,0,0,6.941505269000061,50.941669268000055
2019,9,19,3,3,1,5,2,1,1,0,0,6.936196197000072,50.92851451900003
2019,9,14,3,2,0,1,0,1,0,0,0,6.939080684000032,50.92392980600005
2019,9,10,3,3,3,2,0,1,1,0,0,6.938242169000034,50.92872146800005
2019,9,19,7,3,5,3,1,1,1,0,0,7.58810771900005,51.97042204300004
2019,9,13,7,2,1,7,0,1,1,0,0,7.073431560000074,50.89915603600008
2019,9,19,7,3,5,3,1,1,1,0,0,6.925207013000033,50.85954605900008
2019,9,14,6,3,1,5,0,1,1,0,0,6.838023307000071,50.946822920000045
2019,9,13,6,3,0,5,0,1,1,0,0,6.960570648000044,50.90754047300004
2019,9,19,5,3,0,7,0,1,1,0,0,7.647731149000038,51.96866064300008
2019,9,7,5,2,0,7,1,1,0,0,0,7.647517830000027,51.968436369000074
2019,9,16,5,3,0,3,0,1,1,0,0,7.021094769000058,50.97440040400005
2019,9,8,5,3,0,1,0,1,0,0,0,6.913222181000037,50.95377778300008
2019,9,18,5,3,4,2,0,1,0,0,0,6.918513224000037,50.92801785300003
2019,9,18,6,3,0,1,1,1,0,0,0,7.533656545000042,51.95004941700006
2019,9,15,4,3,5,3,0,1,1,0,0,7.617867915000034,51.96781035200007
2019,9,8,6,3,0,3,0,1,1,0,0,7.673524685000075,51.946947858000044
2019,9,16,6,3,0,5,0,1,1,0,0,7.61893656500007,51.96576436400005
2019,9,8,4,3,5,3,0,1,1,0,0,7.052997871000059,50.91071719100006
2019,9,10,4,3,1,7,0,1,1,0,0,6.952338284000064,50.958965281000076
2019,9,20,4,3,0,1,2,1,0,0,0,6.952286792000052,50.96269355000004
2019,9,16,4,2,0,1,0,1,0,0,0,6.889221361000068,50.98680297400006
2019,9,12,4,3,5,3,0,1,1,0,0,6.915926317000071,50.92609396600005
2019,10,17,3,3,5,3,0,1,1,0,0,7.562089961000027,51.968936287000076
2019,10,13,3,3,5,3,0,1,0,0,0,7.007140419000052,50.96663626000003
2019,10,15,3,3,5,3,0,1,1,0,0,6.927772417000028,50.95072918500006
2019,10,17,3,3,3,7,0,1,1,0,0,6.898180557000046,50.93445421700005
2019,10,17,3,3,0,1,0,1,0,0,0,6.924561099000073,50.92325919000007
2019,10,15,3,2,5,5,0,1,1,0,0,6.954210429000057,50.919979796000064
2019,10,11,4,3,5,2,0,1,1,0,0,7.024341670000069,50.98170554400008
2019,10,18,4,3,5,3,0,1,1,0,0,6.969400480000047,50.97439385500007
2019,10,11,4,3,6,4,0,1,0,1,0,6.966684532000045,50.96642114100007
2019,10,18,3,2,0,1,0,1,0,0,0,7.952583875000073,51.68043275800005
2019,10,13,3,3,0,1,0,1,0,0,0,7.862861080000073,51.68283713500006
2019,10,9,4,2,5,1,0,1,1,0,0,6.905164894000052,50.96285771200007
2019,10,6,4,3,5,3,2,1,1,0,0,6.947385389000033,50.91480549000005
2019,9,16,2,3,2,7,0,1,0,0,0,7.60615683900005,51.96839515800008
2019,10,11,4,3,0,3,0,1,1,0,0,6.951603989000034,50.93710375900008
2019,9,18,2,3,5,3,0,1,1,0,0,6.928150603000063,50.95035511100008
2019,9,5,1,2,6,4,2,1,0,1,0,6.907439069000077,50.94878503800004
2019,9,16,1,3,5,3,0,1,1,0,0,7.803962696000042,51.67661026900004
2019,9,15,7,2,5,2,0,1,1,0,0,7.618819599000062,51.96174406500006
2019,9,17,7,3,5,3,0,1,1,0,0,6.938534286000049,50.94388020000008
2019,10,13,2,2,5,3,0,1,1,0,0,7.840166530000033,51.66761371500007
2019,10,1,1,3,0,1,2,1,0,0,0,7.633315433000064,51.960341871000026
2019,10,3,1,3,0,7,2,1,0,0,0,6.940047926000034,50.93073420200005
2019,10,16,7,3,1,7,0,1,1,0,0,7.601032351000072,51.93171210400004
2019,10,0,7,3,6,6,2,1,0,1,0,7.637293600000021,51.955471396000064
2019,10,11,2,3,5,3,0,1,0,0,0,7.627597868000066,51.93874226100007
2019,10,14,7,2,5,3,0,1,1,0,0,7.032178057000067,50.97092808600007
2019,10,0,7,2,0,1,2,1,0,0,0,6.948874040000021,50.96400807400005
2019,10,1,7,2,0,1,2,1,0,0,0,6.883980398000063,51.035403829000074
2019,10,14,7,3,0,3,0,1,1,0,0,6.930732886000044,50.95604915800004
2019,10,19,7,3,0,1,2,1,0,0,0,6.921255699000028,50.910876347000055
2019,10,18,7,3,0,7,1,1,0,0,0,6.951913046000072,50.92074358200006
2019,10,8,7,3,0,1,0,1,0,0,0,7.939281477000066,51.69375172700006
2019,10,16,6,3,5,2,0,1,1,0,0,6.920600999000044,50.94561335100008
2019,10,21,5,3,1,7,2,1,1,0,0,7.608911677000037,51.883386502000064
2019,10,7,5,3,0,7,0,1,0,0,0,6.978452631000039,50.936354118000054
2019,10,1,5,3,0,6,2,1,1,0,0,6.941283354000063,50.909570280000025
2019,10,6,2,3,1,5,2,1,1,0,0,6.933553395000047,50.927292471000044
2019,10,10,2,3,5,2,0,1,1,0,0,6.956630284000028,50.94749530400003
2019,10,6,2,2,0,1,1,1,0,0,0,6.940751625000075,50.93114672300004
2019,10,15,4,3,5,2,0,1,0,0,0,7.627519772000028,51.96123485600003
2019,10,16,6,3,0,3,0,1,0,0,0,6.943439600000033,50.971958080000036
2019,10,8,6,3,5,3,0,1,1,0,0,6.880124794000039,50.94724259900005
2019,10,7,6,3,5,3,2,1,1,0,0,6.964099666000038,50.91145646200005
2019,10,8,6,2,0,3,0,1,1,0,0,6.913232693000055,50.93592295000008
2019,10,15,5,3,5,2,0,1,1,0,0,7.648861768000074,51.96429745700004
2019,10,17,5,3,5,3,0,1,1,0,0,6.998536176000073,50.96132682600006
2019,10,18,5,2,3,2,0,1,0,0,0,6.907619131000047,50.95028838700006
2019,10,16,5,3,6,4,0,1,0,1,0,6.956527520000066,50.94047898300005
2019,10,8,4,3,5,3,0,1,1,0,0,7.066161125000065,50.97793215000007
2019,10,8,4,3,5,3,0,1,1,0,0,6.962356940000063,50.93266087200004
2019,10,0,4,3,0,7,2,1,0,0,0,6.958147777000022,50.92217327600008
2019,10,7,3,3,5,3,1,1,1,0,0,7.708411588000047,51.99221502200004
2019,10,13,3,3,1,5,0,1,1,0,0,6.949143109000033,50.959747512000035
2019,10,17,3,3,5,3,0,1,1,0,0,6.884915794000051,50.97727230700008
2019,10,18,3,3,5,3,0,1,1,0,0,6.898237507000033,50.94446962000006
2019,10,9,3,2,5,3,0,1,1,0,0,7.671197339000059,51.94394064800008
2019,10,16,3,3,5,3,0,1,1,0,0,7.642513271000041,51.93709539100007
2019,10,17,3,3,5,2,0,1,1,0,0,7.600229420000062,51.99635212100003
2019,10,13,3,2,0,1,0,1,0,0,0,7.08783829500004,50.94469933500005
2019,10,12,3,3,8,2,0,1,1,0,0,6.878150358000028,50.95672789100007
2019,10,9,3,3,0,1,0,1,0,0,0,6.943012439000029,50.94448852100004
2019,10,0,3,3,6,4,2,1,0,1,0,6.959243875000027,50.93266964500003
2019,10,16,2,3,5,3,0,1,1,0,0,7.571565591000024,51.97755062400006
2019,10,11,2,3,2,3,0,1,1,0,0,6.929497322000032,50.94113114700008
2019,10,14,2,3,5,3,0,1,1,0,0,7.004025483000021,50.86004921500006
2019,10,19,2,2,0,1,1,1,0,0,0,6.952753664000056,50.95013324000007
2019,10,17,2,3,1,5,0,1,1,0,0,6.940934907000042,50.939362122000034
2019,10,19,1,3,6,4,1,1,0,1,0,6.857393435000063,51.06485999300003
2019,10,11,1,2,5,3,0,1,1,0,0,6.939758768000047,50.99247157500008
2019,10,14,7,3,3,2,0,1,0,0,0,7.623302869000042,51.97354912000003
2019,10,14,7,3,0,1,0,1,0,0,0,7.629162705000056,51.96346597200005
2019,10,10,7,2,1,7,0,1,1,0,0,6.928973259000031,50.86123496700003
2019,10,21,7,3,1,7,2,1,1,0,0,7.814180384000053,51.67541939700004
2019,10,11,7,2,0,7,0,1,0,0,0,6.964153033000059,50.90508246600007
2019,10,12,7,2,0,1,0,1,0,0,0,6.961108356000068,50.933695354000065
2019,10,16,6,3,5,2,0,1,1,0,0,7.610602546000052,51.98372933700006
2019,10,16,6,3,0,7,0,1,0,1,0,6.985861716000045,50.91070072400004
2019,10,11,6,3,4,6,0,1,1,0,0,6.906865480000022,51.03712844800003
2019,10,23,6,3,3,5,2,1,1,0,0,6.904347668000071,50.95984666900006
2019,10,17,6,3,0,1,0,1,0,0,0,6.972026090000043,50.89594789600005
2019,10,8,6,3,1,5,0,1,1,0,0,6.948283397000068,50.94305987100006
2019,10,8,5,3,1,5,0,1,1,0,0,7.589911252000036,51.96113398700004
2019,10,18,5,3,0,7,2,1,1,0,0,7.534380852000027,51.952530757000034
2019,10,14,5,3,5,3,0,1,1,0,0,7.085860490000073,50.87636624900006
2019,10,12,5,2,3,6,0,1,0,0,1,7.13582358900004,50.88239715600008
2019,10,14,5,3,5,3,0,1,1,0,0,6.960970519000057,50.98454105400003
2019,10,17,5,3,5,3,0,1,1,0,0,6.905616525000028,50.964150207000046
2019,10,19,5,3,1,1,2,1,1,0,0,6.921356025000023,50.92213332500006
2019,10,9,5,3,5,3,0,1,1,0,0,6.963032034000037,50.947954949000064
2019,10,15,4,3,0,1,0,1,0,0,0,7.616398887000059,51.96087987000004
2019,10,18,4,3,1,5,2,1,1,0,0,6.953723754000066,50.95254806400004
2019,10,12,4,3,1,6,0,1,1,0,0,6.856428416000028,50.943545690000064
2019,10,14,6,3,1,5,0,1,1,0,0,6.912801236000064,50.96730981300004
2019,10,17,5,2,5,3,0,1,1,0,0,7.694972007000047,51.91112852400005
2019,10,19,5,3,5,2,1,1,1,0,0,6.914458076000074,50.95165606200004
2019,10,16,6,3,3,2,0,1,1,0,0,6.933199943000034,50.91360598300008
2019,10,9,5,2,5,3,0,1,1,0,0,7.81858088000007,51.71933930900008
2019,10,16,4,3,5,2,0,1,1,0,0,7.065213309000058,50.89096536800008
2019,10,14,6,3,6,4,0,1,0,1,0,6.943319776000067,50.924756743000046
2019,10,6,3,2,4,7,2,1,0,0,1,7.637465916000053,51.993420728000046
2019,10,9,3,3,5,3,0,1,1,0,0,6.939790131000052,50.97823831300008
2019,10,8,6,3,0,6,0,1,0,0,0,7.019961035000051,50.900219855000046
2019,10,12,3,3,3,6,0,1,1,0,0,6.962860660000047,50.953536893000035
2019,10,14,3,3,3,6,0,1,1,0,0,6.831494627000041,50.94014468100005
2019,10,9,2,3,0,7,0,1,1,0,0,7.647283429000026,51.97108997200007
2019,10,17,2,2,3,6,0,1,0,1,0,7.024945803000037,50.958072059000074
2019,10,8,2,2,4,5,0,1,0,0,0,6.95018759900006,50.936486040000034
2019,10,18,2,3,1,5,2,1,1,0,0,6.953571022000062,50.94154995500003
2019,10,18,6,3,5,7,0,1,1,0,0,6.948594555000057,50.93381207200008
2019,10,13,3,3,5,3,0,1,1,0,0,6.961700356000051,50.91446720600004
2019,10,18,3,3,6,4,1,1,0,1,0,6.934642836000023,50.927696334000075
2019,10,7,3,3,0,5,0,1,1,0,0,6.941836038000076,50.921804131000044
2019,10,8,2,3,5,2,0,1,0,0,0,7.579726920000041,51.96262062400007
2019,10,13,2,3,5,2,0,1,1,0,0,7.632677539000042,51.955730405000054
2019,10,15,2,2,0,2,1,1,0,0,0,7.618533069000023,51.95964337000004
2019,10,12,2,3,1,7,0,1,1,0,0,6.946788616000049,50.93501021600008
2019,10,8,2,2,0,1,0,1,0,0,0,7.757444102000022,51.69458262100005
2019,10,0,1,3,0,1,2,1,0,0,0,6.994195288000071,50.89300927700003
2019,10,18,1,3,5,2,1,1,1,0,0,7.819260517000032,51.68020271300003
2019,10,16,7,3,5,2,0,1,1,0,0,7.537649568000063,51.94750015100004
2019,10,12,7,2,6,3,0,1,0,1,0,7.628509156000064,51.96472750100003
2019,10,13,7,3,5,2,0,1,1,0,0,7.066351981000025,50.89705429700007
2019,10,14,7,2,5,3,0,1,0,0,1,6.915394561000028,50.917394579000074
2019,10,10,6,3,0,5,0,1,0,0,0,7.610598499000048,51.96187030200008
2019,10,18,6,3,5,2,2,1,1,0,0,7.610137123000072,51.96783885000008
2019,10,14,6,3,6,4,0,1,0,1,0,7.623654733000024,51.92724304700005
2019,11,0,1,3,4,6,2,1,1,0,0,7.629301510000062,51.97107494200003
2019,11,15,7,3,5,3,0,1,1,0,0,7.562945934000027,51.970455480000055
2019,11,11,7,3,4,6,0,1,0,0,0,7.63618251500003,51.94227702400008
2019,11,23,7,3,0,7,2,1,1,0,0,7.648710188000052,51.99062623900005
2019,11,12,7,3,0,1,0,1,0,0,0,6.91833280700007,50.958686095000076
2019,11,13,7,3,0,1,0,1,0,0,0,6.89702821000003,50.97770812600004
2019,11,17,6,3,2,7,2,1,1,0,0,6.909980562000044,50.96736727100006
2019,11,20,6,3,0,1,2,1,0,0,0,6.933869273000028,50.92739602800003
2019,11,16,6,3,5,3,1,1,1,0,0,7.822843406000061,51.68249595000003
2019,10,16,5,2,5,3,1,1,1,0,0,7.683608329000037,51.92871255000006
2019,10,9,5,3,2,6,0,1,0,0,0,7.620244811000021,51.96074600700007
2019,10,19,5,3,5,3,2,1,1,0,0,6.998848854000073,50.93856640300004
2019,10,18,5,3,4,6,2,1,1,0,0,6.968915958000025,50.96367987500008
2019,10,16,5,2,5,3,0,1,1,0,0,6.878880094000067,50.976567282000076
2019,10,12,5,3,5,3,0,1,0,0,0,6.898057808000033,50.95738055100003
2019,10,13,4,3,0,7,0,1,0,0,0,7.011333728000068,50.94337468900005
2019,10,17,4,3,2,6,0,1,1,0,0,6.907716303000029,50.925190530000066
2019,10,17,4,3,5,3,2,1,1,0,0,6.924055255000042,50.93550953500005
2019,10,8,4,3,4,1,0,1,1,0,0,6.966669385000046,50.95038902600004
2019,11,7,4,3,6,7,1,1,0,1,0,7.634099871000046,51.96984964100005
2019,11,10,4,3,5,2,0,1,1,0,0,7.059470238000074,50.97472482100005
2019,11,5,4,3,5,3,2,1,1,0,0,6.84643671200007,50.94757037800008
2019,11,17,4,3,0,1,2,1,0,0,0,6.933555009000031,50.92729303400006
2019,11,19,4,3,5,3,2,1,1,0,0,6.939971669000045,50.940549875000045
2019,11,21,3,3,0,7,2,1,1,0,0,7.637819089000061,51.94982504700005
2019,11,14,3,3,5,2,0,1,1,0,0,7.661587203000067,51.93565152800005
2019,11,7,3,3,7,1,0,1,0,0,0,6.953464671000063,50.974016308000046
2019,11,16,3,2,0,7,0,1,0,0,0,6.882305325000061,50.932682139000065
2019,11,11,3,3,1,5,0,1,1,0,0,6.905539993000048,50.96617364000008
2019,11,21,3,3,5,3,2,1,1,0,0,6.953476127000045,50.945446066000045
2019,11,17,2,3,7,7,2,1,0,0,0,6.985867851000023,50.910695272000055
2019,11,7,2,3,5,3,0,1,1,0,0,6.888261831000023,51.01347319900003
2019,11,7,2,3,0,1,1,1,0,0,0,6.912879658000065,50.953919496000026
2019,11,10,2,2,0,1,0,1,0,0,0,6.939698134000025,50.91128658200006
2019,11,15,2,3,0,1,0,1,0,0,0,6.936648098000035,50.928780087000064
2019,11,14,2,3,5,3,0,1,1,0,0,7.820171426000059,51.68037877800003
2019,11,15,2,3,5,3,0,1,1,0,0,6.942728378000027,50.925602938000054
2019,11,21,7,3,0,7,2,1,0,1,0,7.602830514000061,51.990036720000035
2019,11,10,7,2,5,3,0,1,1,0,0,6.996959017000052,50.93732985100007
2019,11,14,6,2,1,5,0,1,1,0,0,6.832300555000074,50.960009221000064
2019,11,13,6,3,1,5,0,1,1,0,0,6.96143956100002,50.916338859000064
2019,11,20,6,3,5,2,2,1,1,0,0,7.851990520000072,51.68352022200003
2019,11,8,5,3,0,7,0,1,0,0,0,7.619751864000023,51.960672112000054
2019,11,15,5,3,5,3,0,1,1,0,0,7.608271622000075,51.98845247400004
2019,11,18,5,3,7,7,2,1,0,0,0,7.069154196000056,50.88371127400006
2019,11,23,5,2,0,7,2,1,1,0,0,7.012783255000045,50.95915497300007
2019,11,20,5,3,0,7,2,1,0,0,0,6.950203133000059,50.919671822000055
2019,11,10,5,3,5,2,0,1,1,0,0,7.621651754000027,51.94967122400004
2019,11,8,5,3,0,1,0,1,0,0,0,7.683050900000069,51.92788336600006
2019,11,6,5,3,5,3,2,1,1,0,0,7.567660601000057,51.95578937000005
2019,11,11,5,3,5,2,0,1,1,0,0,6.964689823000072,50.90336932800005
2019,11,7,5,3,1,7,0,1,1,0,0,6.948252188000026,50.90980234300008
2019,11,10,5,3,4,3,0,1,0,0,0,6.923289372000056,50.91827057000006
2019,11,12,5,3,5,2,0,1,1,0,0,6.907344937000062,50.921591371000034
2019,11,13,5,2,1,5,0,1,1,0,0,6.957896169000037,50.925629736000076
2019,11,7,5,3,0,1,0,1,0,0,0,7.887843500000031,51.684157646000074
2019,11,10,4,3,1,5,0,1,1,0,0,7.64852167600003,51.95247271100004
2019,11,15,4,3,5,3,0,1,0,0,0,7.598138174000042,51.97124274300006
2019,11,10,4,3,1,5,0,1,0,0,0,7.636392733000037,51.95591821800008
2019,11,16,4,3,5,2,2,1,1,0,0,7.666503377000026,51.99707834800006
2019,11,16,4,2,6,4,0,1,0,1,0,6.911919458000057,50.945072425000035
2019,11,9,4,2,0,5,0,1,1,0,0,6.937102934000052,50.91883351800004
2019,11,13,4,3,5,2,0,1,0,0,1,6.93320790100006,50.91360315800006
2019,11,8,3,3,0,5,0,1,1,0,0,7.651704065000047,51.96463832400008
2019,11,18,3,2,5,3,2,1,1,0,0,6.933744625000031,50.96459198400004
2019,11,16,3,3,2,6,0,1,1,0,0,6.945542867000029,50.91038469100005
2019,11,14,2,3,0,1,0,1,1,0,0,7.630576611000038,51.93336806500008
2019,11,15,2,2,4,3,0,1,1,0,0,7.639916533000076,51.96782207700005
2019,11,22,6,3,0,7,2,1,0,0,0,7.01700541200006,50.928250528000035
2019,11,13,3,3,5,2,0,1,1,0,0,7.640788974000031,51.971544745000074
2019,11,20,3,3,5,2,2,1,1,0,0,7.061944926000024,50.89695543700003
2019,11,16,3,3,7,1,1,1,0,0,0,7.005969683000046,50.92305324000006
2019,11,19,3,2,5,7,2,1,1,0,0,6.935433628000055,50.91965992200005
2019,11,15,3,3,0,1,0,1,0,0,0,6.91898044800007,50.91206231900003
2019,11,11,3,2,5,2,0,1,1,0,0,6.945836200000031,50.94649926100004
2019,11,13,2,3,5,3,1,1,1,0,0,7.643279448000044,51.90598146000008
2019,11,18,2,3,4,2,2,1,1,0,0,7.624085700000023,51.96061805000005
2019,11,7,2,3,1,1,0,1,1,0,0,7.631723159000046,51.971051369000065
2019,11,18,2,3,1,7,2,1,1,0,0,7.622802558000046,51.97227666300006
2019,11,15,2,3,0,7,0,1,0,0,0,7.623404175000076,51.96452502300008
2019,11,9,2,2,0,7,0,1,0,0,0,7.617061988000046,51.93884125900007
2019,11,17,2,3,5,2,2,1,0,0,0,7.584258606000049,51.892151322000075
2019,11,16,2,3,5,2,2,1,1,0,0,7.63347569900003,51.95623880100004
2019,11,6,2,3,5,3,2,1,1,0,0,7.055552848000048,50.91253320000004
2019,11,19,2,3,3,2,2,1,1,0,0,6.898631829000067,50.942148418000045
2019,11,4,1,3,8,7,2,1,0,0,0,6.911164882000037,50.95026078500007
2019,11,21,1,3,4,2,2,1,1,0,0,6.962484227000061,50.91094802300006
2019,11,16,1,2,5,3,2,1,0,0,0,6.918552695000074,50.92313769500004
2019,11,1,7,3,1,7,2,1,1,0,0,7.629958290000047,51.94922035700006
2019,11,13,7,3,1,5,0,1,1,0,0,6.88675395100006,50.969225118000054
2019,11,8,7,3,6,7,0,1,0,1,0,6.950458243000071,50.91861669700006
2019,11,14,6,3,8,7,0,1,1,0,0,7.641780899000025,51.95554268200004
2019,11,7,6,3,3,6,0,1,0,0,0,7.071373235000067,50.89216503700004
2019,11,16,6,3,5,2,1,1,1,0,0,6.935576267000045,50.94227789400003
2019,11,11,6,3,5,2,0,1,1,0,0,6.890666165000027,50.94677724200005
2019,11,16,6,3,5,2,0,1,1,0,0,7.002596638000057,50.86959798100003
2019,11,13,7,3,5,2,0,1,1,0,0,6.99286759000006,50.93677584400007
2019,11,19,7,3,6,4,0,1,1,1,0,6.953242429000056,50.93836833700004
2019,11,12,6,3,3,2,0,1,1,0,0,7.044808429000057,50.86604388900008
2019,11,14,6,3,0,5,0,1,1,0,0,6.970152806000044,50.96714672500008
2019,11,7,6,3,5,3,0,1,1,0,0,6.968841950000069,50.97656561600007
2019,11,10,6,2,0,7,0,1,0,0,0,7.015014947000054,50.87074971000004
2019,11,14,6,3,5,3,0,1,1,0,0,7.811505830000044,51.68044802400004
2019,11,8,5,3,5,2,1,1,1,0,0,7.588830097000027,51.965276868000046
2019,11,12,5,3,5,2,0,1,1,0,0,7.624283702000071,51.95464247600006
2019,11,8,5,3,5,2,0,1,1,0,0,6.853224976000035,50.93549470000005
2019,11,18,5,2,0,3,2,1,1,0,0,6.969783703000076,50.913363993000075
2019,11,8,5,3,6,6,0,1,0,1,0,6.929046418000041,50.92471966900007
2019,11,16,5,2,1,5,0,1,1,0,0,6.920174054000029,50.921703129000036
2019,11,15,5,3,2,2,0,1,1,0,0,6.941305275000048,50.90953476200008
2019,11,8,5,3,0,1,1,1,0,0,0,6.950464179000051,50.91861365600005
2019,11,14,5,3,5,3,0,1,1,0,0,6.937821018000022,50.935348883000074
2019,11,12,4,3,4,3,0,1,1,0,0,7.633415011000068,51.964258115000064
2019,11,19,4,3,5,3,2,1,0,0,0,7.624592895000035,51.95691309500006
2019,11,12,4,3,0,6,0,1,0,0,0,6.975583593000067,50.93196134600004
2019,11,13,4,3,3,5,0,1,1,0,0,6.946699680000052,50.96961474400007
2019,11,18,4,3,4,2,2,1,1,0,0,6.90786238000004,50.94319916200004
2019,11,17,4,3,0,7,2,1,0,1,0,6.911353531000032,50.93302735900005
2019,11,12,7,2,0,7,0,1,1,0,0,7.603045593000047,51.99478191700007
2019,11,7,4,3,5,7,1,1,1,0,0,7.647633946000042,51.92851935700003
2019,11,7,4,3,5,3,2,1,1,0,0,7.630338591000054,51.96699774400008
2019,11,9,4,3,1,5,0,1,1,0,0,7.625951086000043,51.95902670600003
2019,11,17,1,3,5,2,2,1,1,0,0,7.047588055000063,50.93150034700005
2019,11,8,4,3,5,2,0,1,1,0,0,6.977920691000065,50.93636071600008
2019,11,8,4,3,1,5,0,1,0,0,0,6.949729138000066,50.98507122900003
2019,11,9,4,3,0,1,0,1,0,0,0,6.936964361000037,50.97118148700008
2019,11,7,4,3,2,6,0,1,1,0,0,6.959581628000024,50.97629161800006
2019,11,9,4,3,0,1,0,1,0,0,0,6.933925972000054,50.927414241000065
2019,11,16,3,3,3,6,0,1,1,0,0,6.959905448000029,50.920069805000026
2019,11,12,3,3,3,5,0,1,1,0,0,6.960173120000036,50.919125561000044
2019,11,13,1,3,0,1,0,1,0,0,0,6.901175089000049,50.93008405100005
2019,11,13,3,3,5,3,0,1,1,0,0,7.762526681000054,51.69634725000003
2019,11,14,2,3,0,1,0,1,0,0,0,6.974614436000024,50.931291746000056
2019,11,11,2,3,4,5,0,1,0,0,0,6.92163111900004,50.92077308900008
2019,11,15,2,3,6,4,0,1,0,1,0,6.921118200000024,50.92368779800006
2019,11,13,2,3,0,7,0,1,1,1,0,6.947621837000042,50.93746368300003
2019,12,9,1,2,0,7,0,1,0,0,0,7.518352685000025,51.92581596200006
2019,11,16,7,3,0,7,0,1,0,0,0,7.608468800000026,51.930367991000026
2019,11,15,7,3,0,6,0,1,1,0,0,7.653752173000044,51.90459572600008
2019,11,10,7,3,5,3,0,1,1,0,0,6.89535391000004,50.95996039600004
2019,11,11,7,3,1,5,0,1,1,0,0,6.906557940000027,50.916889783000045
2019,11,16,7,3,5,7,0,1,1,0,0,6.935604808000051,50.933672355000056
2019,11,17,6,3,5,2,2,1,1,0,0,6.936368830000049,50.94720633400004
2019,11,13,6,3,0,1,0,1,0,0,0,7.005509982000035,50.884787869000036
2019,11,11,5,3,3,6,0,1,0,0,0,7.631519575000027,51.95724866100005
2019,11,13,5,3,0,1,0,1,0,0,0,7.017565034000029,50.93037905400007
2019,11,14,5,2,5,3,0,1,1,0,0,6.897709840000061,51.016677558000026
2019,11,7,5,3,5,3,2,1,1,0,0,6.903939832000049,51.02366044300004
2019,11,11,5,2,5,3,0,1,1,0,0,6.94687282600006,50.91009247300008
2019,11,9,5,3,0,7,0,1,0,0,0,6.896700072000044,50.92125195500006
2019,11,13,5,3,0,1,0,1,0,0,0,6.944190052000067,50.933661467000036
2019,11,8,5,3,0,1,0,1,0,0,0,6.933733675000042,50.92735247200005
2019,12,8,4,3,0,2,0,1,1,0,0,7.642135200000041,51.93362164800004
2019,12,9,4,3,5,2,0,1,1,0,0,7.620375293000052,51.960808652000026
2019,12,9,4,3,5,3,0,1,1,0,0,6.941000488000043,50.95842156400005
2019,12,19,4,3,5,2,2,1,1,0,0,6.957060932000047,50.930033697000056
2019,12,0,4,3,0,1,2,1,0,0,0,7.813073207000059,51.68132503900006
2019,12,8,3,3,0,1,0,1,0,0,0,7.598950008000031,51.972922105000066
2019,12,14,3,3,5,3,0,1,1,0,0,7.081961297000021,50.920707537000055
2019,12,8,3,3,3,2,0,1,1,0,0,7.036001992000024,50.990346920000036
2019,12,16,3,3,6,4,0,1,0,1,0,6.974218070000063,50.96472363700008
2019,12,14,3,3,1,7,0,1,1,0,0,6.921951956000044,50.93569672800004
2019,12,15,2,3,5,3,0,1,1,0,0,7.531628160000025,51.945562136000035
2019,12,7,2,3,5,3,2,1,1,0,0,7.067217928000048,50.88798170800004