UJAHR,UMONAT,USTUNDE,UWOCHENTAG,UKATEGORIE,UART,UTYP1,ULICHTVERH,IstRad,IstPKW,IstFuss,IstKrad,XGCSWGS84,YGCSWGS84
2019,12,17,2,2,5,3,2,1,1,0,0,6.949842897000053,50.984714291000046
2019,12,9,2,3,0,1,0,1,0,0,0,6.933889094000051,50.918367233000026
2019,12,16,2,3,5,3,1,1,1,0,0,6.945534697000028,50.903184973000066
2019,12,15,2,3,5,2,0,1,1,0,0,6.939832086000024,50.92187537900003
2019,12,9,7,3,1,5,0,1,1,0,0,7.60961235700006,51.98370140600008
2019,12,11,7,2,5,3,0,1,1,0,0,6.929429755000058,50.90816070000005
2019,12,14,7,3,0,1,0,1,1,0,0,6.945805337000024,50.933615330000066
2019,12,21,7,3,3,2,2,1,1,0,0,6.936855425000033,50.93540511900005
2019,12,14,7,3,5,2,0,1,1,0,0,6.947006343000055,50.94100306300004
2019,12,12,7,3,6,4,0,1,0,1,0,6.959328485000071,50.93986995800003
2019,12,11,6,3,5,3,0,1,1,0,0,7.62325256400004,51.96091155400006
2019,12,6,6,3,0,1,2,1,0,0,0,6.992357409000022,50.901865153000074
2019,12,6,6,3,0,1,2,1,0,0,0,6.992015699000035,50.99501778600006
2019,12,8,6,3,0,1,1,1,0,0,0,6.922698285000024,50.95780292400008
2019,12,7,6,3,0,1,2,1,0,0,0,7.005560089000028,50.89117243900006
2019,12,6,6,2,0,1,2,1,0,0,0,7.006380810000053,50.88540690100007
2019,12,15,6,3,0,1,0,1,0,0,0,6.918923692000021,50.921274820000065
2019,12,16,2,3,0,5,1,1,1,0,0,6.934558303000074,50.93597040800006
2019,12,8,6,3,5,3,0,1,1,0,0,6.962581218000025,50.918731603000026
2019,12,6,6,3,0,1,2,1,0,0,0,6.956972376000067,50.93034437100005
2019,12,6,6,3,0,1,2,1,0,0,0,6.956822583000076,50.93084866700008
2019,12,7,6,3,0,1,2,1,0,0,0,6.956883794000021,50.93065514300008
2019,12,9,2,3,5,3,0,1,1,0,0,6.961685996000028,50.94193014700005
2019,12,16,5,3,5,2,1,1,1,0,0,7.634101644000054,51.93543731900007
2019,12,17,5,3,5,3,2,1,1,0,0,6.96857480500006,50.964889751000044
2019,12,8,5,3,0,1,0,1,0,0,0,6.945400362000044,50.96162187500005
2019,12,8,5,3,5,3,0,1,1,0,0,6.950865606000036,50.97350445500007
2019,12,7,5,3,3,6,2,1,1,0,0,6.950003235000054,50.95559943600006
2019,12,15,5,3,5,2,0,1,1,0,0,6.937763429000029,50.957577601000025
2019,12,22,5,2,0,7,2,1,0,0,0,6.951121231000059,50.920903631000044
2019,12,18,5,3,6,6,2,1,0,1,0,6.956466135000028,50.94656362400008
2019,12,15,2,3,5,3,1,1,0,0,1,7.021637971000075,50.871277374000044
2019,12,7,4,3,5,3,2,1,1,0,0,7.621867941000062,51.94558256800008
2019,12,22,4,2,7,1,2,1,0,0,0,6.941466214000059,50.92758783200003
2019,12,9,3,3,0,1,0,1,0,0,0,7.575459433000049,51.96828309000006
2019,12,9,3,3,0,1,0,1,0,0,0,7.615754889000073,51.93893352900005
2019,12,8,3,3,0,1,0,1,0,0,0,7.616928851000068,51.93916967100006
2019,12,8,3,3,0,1,1,1,0,0,0,7.631362549000073,51.94342968500007
2019,12,17,3,3,0,3,2,1,1,0,0,7.622400087000074,51.94601792200007
2019,12,16,3,3,1,5,1,1,1,0,0,6.938230501000021,50.96073029900003
2019,12,19,3,3,0,7,2,1,0,0,0,6.957996945000048,50.95974141900007
2019,12,16,3,3,5,3,0,1,1,0,0,6.913157316000024,51.014534696000055
2019,12,16,3,3,2,2,1,1,1,0,0,6.969824510000024,50.91337683100005
2019,12,6,5,3,4,2,2,1,1,0,0,7.819245891000037,51.68022787500007
2019,12,20,5,3,0,6,2,1,1,0,0,7.860525542000062,51.68573994800005
2019,12,8,2,3,1,7,1,1,1,0,0,7.677464849000046,51.96296926600007
2019,12,17,2,3,5,3,2,1,1,0,0,6.884970998000028,50.983978086000036
2019,12,11,2,3,0,7,0,1,1,0,0,7.061684541000034,50.88555099000007
2019,12,12,2,3,3,6,0,1,0,0,0,6.940255932000071,50.96742738300003
2019,12,18,2,3,5,2,2,1,1,0,0,6.964418582000064,50.97423765900004
2019,12,16,1,2,4,1,0,1,1,0,0,6.941019028000028,50.911888660000045
2019,12,4,1,3,5,7,2,1,1,0,0,6.937503030000073,50.93835207500007
2019,12,15,7,3,4,6,0,1,1,0,0,6.902621596000074,50.92163011300005
2019,12,12,6,3,1,5,0,1,1,0,0,7.638828828000044,51.904220129000066
2019,12,17,6,3,5,3,2,1,1,0,0,7.63064485600006,51.93267402100008
2019,12,18,6,3,5,3,2,1,1,0,0,7.629937832000053,51.96747478300006
2019,12,8,6,3,5,3,1,1,1,0,0,7.004514361000076,50.86490302900006
2019,12,14,5,2,5,3,0,1,0,0,0,6.869315268000037,50.93223691800006
2019,12,22,5,2,0,7,2,1,0,0,0,6.897875318000047,50.947775526000044
2019,12,12,5,2,0,1,0,1,0,0,0,6.905063186000064,50.923302586000034
2019,12,7,5,3,5,2,1,1,1,0,0,7.590563644000042,51.97355747100005
2019,12,11,5,3,3,6,0,1,1,0,0,7.001339173000076,50.93311141000004
2019,12,9,5,3,1,7,0,1,1,0,0,6.960695379000072,50.92823055200006
2019,12,20,5,3,5,3,2,1,1,0,0,6.954034267000054,50.93178713300006
2019,12,12,6,3,5,2,0,1,1,0,0,6.870280333000039,50.935262856000065
2019,12,9,6,2,5,3,0,1,1,0,0,6.927546758000062,50.92885666900003
2019,12,17,4,3,3,6,2,1,1,0,0,7.624151144000052,51.96059464100006
2019,12,12,4,3,2,6,0,1,1,0,0,7.016848796000033,50.86734237300004
2019,12,20,4,3,0,1,2,1,0,0,0,6.940972207000073,50.914221361000045
2019,12,6,4,3,0,1,2,1,0,0,0,6.94240183900007,50.93208892200005
2019,12,13,4,3,3,2,0,1,1,0,0,6.95706425700007,50.93001734300003
2019,12,15,4,3,5,3,0,1,1,0,0,7.819238777000066,51.68023940900008
2019,12,13,3,3,0,5,0,1,1,0,0,7.632008862000021,51.951060545000075
2019,12,16,3,3,0,1,0,1,0,0,0,7.021226748000061,50.96513383100006
2019,12,21,3,3,5,3,2,1,1,0,0,6.954461642000069,50.95984369000007
2019,12,15,3,3,5,2,0,1,1,0,0,6.946225348000041,50.972205951000035
2019,12,13,3,3,0,6,0,1,1,0,0,6.956788095000036,50.948801970000034
2019,12,11,6,3,0,7,0,1,0,0,0,6.959923163000042,50.90481567900008
2019,12,11,3,3,5,2,0,1,1,0,0,7.633732401000032,51.962031567000054
2019,12,9,3,3,0,1,0,1,0,0,0,6.920657610000035,50.92188323600004
2019,12,18,2,3,5,3,2,1,1,0,0,7.635932807000074,51.95939641900003
2019,12,16,2,2,5,2,2,1,1,0,0,7.671386374000065,51.95078847800005
2019,12,18,2,3,5,3,2,1,1,0,0,6.953885437000054,50.96370847500003
2019,12,9,2,3,0,1,0,1,0,0,0,6.917560944000059,50.95992105900007
2019,12,16,2,2,6,7,0,1,0,1,0,6.954686152000022,50.91081486000007
2019,12,19,2,3,0,1,2,1,0,0,0,6.916818144000047,50.92069497700004
2019,12,16,6,3,5,3,2,1,0,0,0,7.646743146000063,51.95702774100005
2019,12,7,2,3,5,2,2,1,0,0,0,7.812044080000021,51.68077432100006
2019,12,17,2,3,5,3,2,1,1,0,0,7.793786944000033,51.67054796100007
2019,12,15,1,2,5,2,0,1,1,0,0,7.67124195100007,51.94390975700003
2019,12,8,7,3,3,5,0,1,1,0,0,6.965255188000072,50.97229984400008
2019,12,11,7,3,4,2,0,1,1,0,0,6.852888173000054,50.94221281700004
2019,12,16,7,2,5,3,0,1,1,0,0,6.900020572000074,50.92623568800008
2019,12,2,7,3,0,1,2,1,0,0,0,6.936320403000025,50.928590557000064
2020,1,16,5,3,1,5,1,1,1,0,0,7.007810686000028,50.93876246200006
2020,1,7,5,3,0,1,1,1,0,0,0,6.931125652000048,50.92317021700006
2020,1,2,5,3,8,1,2,1,0,0,0,7.807219578000058,51.63709494200003
2020,1,8,3,3,5,2,0,1,1,0,0,7.721144127000059,51.97899649300007
2020,1,5,7,3,0,2,1,1,0,0,0,7.778510862000076,51.646044791000065
2020,1,10,3,3,0,5,0,1,1,0,0,6.904915799000037,50.93699258500004
2020,1,14,7,2,0,7,0,1,0,0,0,6.966352809000057,50.93636855400007
2020,1,15,7,3,0,1,0,1,0,0,0,6.925393649000057,50.94619750500004
2020,1,9,2,3,5,3,0,1,1,0,0,7.649976999000046,51.90484920100005
2020,1,18,7,3,0,1,2,1,0,0,0,6.916221370000073,50.93072162100003
2020,1,10,1,3,1,1,0,1,1,0,0,6.93732755800005,50.925112236000075
2020,1,20,3,3,7,1,2,1,0,0,0,6.933514547000073,50.94947598500005
2020,1,18,3,3,0,5,2,1,1,0,0,7.818002944000057,51.67087191200005
2020,1,12,7,2,0,1,0,1,0,0,0,7.584314763000066,51.93557468000006
2020,1,10,7,3,5,3,0,1,1,0,0,7.836225360000071,51.68195094600003
2020,1,8,5,3,0,2,0,1,1,0,0,7.648805774000039,51.964303776000065
2020,1,21,4,3,5,3,2,1,1,0,0,7.650458269000069,51.95495758100003
2020,1,12,4,3,5,3,0,1,1,0,0,7.601574558000039,51.99491810100005
2020,1,7,5,3,5,2,1,1,1,0,0,6.918959928000049,50.95230677100005
2020,1,8,4,3,5,2,1,1,1,0,0,7.629773442000044,51.98360505000005
2020,1,13,6,3,5,3,0,1,1,0,0,7.67783408300005,51.91906136100005
2020,1,13,6,3,5,2,0,1,1,0,0,7.63688989700006,51.950938800000074
2020,1,18,4,3,5,3,2,1,1,0,0,6.921448476000023,50.95506454700006
2020,1,18,4,3,1,5,1,1,1,0,0,6.921769275000031,50.94771690300007
2020,1,4,4,3,5,3,2,1,0,0,0,6.927547326000024,50.89584889400004
2020,1,20,5,3,6,6,2,1,0,1,0,6.939378022000028,50.92705755700007
2020,1,15,3,3,5,3,0,1,1,0,0,7.629174487000057,51.92629732800003
2020,1,7,2,3,5,2,1,1,1,0,0,7.587453187000051,51.93735871600006
2020,1,7,2,3,5,3,1,1,1,0,0,7.829170383000076,51.67356407500006
2020,1,7,2,3,3,7,1,1,1,0,0,6.954353414000025,50.96166961500006
2020,1,18,1,3,5,2,2,1,1,0,0,6.947443586000077,50.98403172800005
2020,1,8,2,2,0,7,1,1,0,0,0,6.936203973000033,50.94189036100005
2020,1,20,3,3,5,3,2,1,1,0,0,7.622699128000022,51.897811137000076
2020,1,18,7,3,5,2,2,1,1,0,0,6.955742327000053,50.957124649000036
2020,1,19,3,3,0,6,2,1,1,0,0,6.910634517000062,50.93973574000006
2020,1,20,7,3,5,3,2,1,1,0,0,6.973450594000042,50.90506625300003
2020,1,12,3,3,5,2,0,1,1,0,0,7.588949519000039,51.96553858800007
2020,1,12,2,2,5,2,0,1,0,0,0,6.839063482000029,51.041249891000064
2020,1,11,3,2,5,3,0,1,0,0,0,6.908047887000066,50.934369908000065
2020,1,17,2,3,5,3,2,1,1,0,0,6.939514678000023,50.93880432900005
2020,1,18,7,3,0,2,2,1,1,0,0,6.916565959000025,50.950293800000054
2020,1,8,6,3,5,3,0,1,1,0,0,6.916573450000044,50.94988235800008
2020,1,14,5,3,2,2,0,1,1,0,0,6.93069097700004,50.91893459600004
2020,1,14,7,2,5,2,0,1,1,0,0,6.955765259000032,50.957092259000035
2020,1,12,4,3,0,1,0,1,0,0,0,6.95578456100003,50.95709769000007
2020,1,14,7,3,4,2,0,1,1,0,0,6.939358944000048,50.92703996100005
2020,1,9,5,3,0,6,0,1,0,0,0,6.969284381000023,50.930923316000076
2020,1,16,4,2,6,4,0,1,0,1,0,6.922746829000062,50.91285052900008
2020,1,10,2,3,3,2,0,1,1,0,0,7.012770093000029,50.97397418300005
2020,1,18,2,3,5,5,2,1,1,0,0,6.904506954000055,50.93700001500008
2020,1,17,4,2,3,6,2,1,0,0,0,6.932414616000074,50.92059832700005
2020,1,15,4,3,5,2,0,1,1,0,0,7.667762579000055,51.92837575600004
2020,1,9,3,3,5,3,0,1,1,0,0,7.768196587000034,51.66549478500008
2020,1,10,3,3,5,3,0,1,1,0,0,7.588813534000053,51.96527946800006
2020,1,11,4,3,0,7,0,1,0,0,0,7.658463245000064,51.967331287000036
2020,1,11,1,2,0,7,0,1,0,0,0,7.819579192000049,51.68451008100004
2020,1,19,2,3,5,3,2,1,1,0,0,6.927604592000023,50.92899779800007
2020,1,18,6,3,3,5,2,1,1,0,0,6.954087082000058,50.96281329300007
2020,1,14,3,2,5,3,0,1,1,0,0,7.605288312000027,51.92737862200005
2020,1,12,6,3,4,7,0,1,0,0,0,6.900558617000058,50.95757353600004
2020,1,8,6,3,6,4,2,1,0,1,0,6.920828753000023,50.91410059700007
2020,1,11,6,3,5,2,0,1,1,0,0,6.937480491000031,50.93648961300005
2020,1,9,3,3,5,3,0,1,0,0,0,6.960375571000043,50.935408952000046
2020,1,12,2,3,0,7,0,1,0,0,0,6.94706919500004,50.92629838300007
2020,1,9,4,3,3,6,0,1,1,0,0,6.928541174000031,50.91691193300005
2020,2,16,2,2,5,3,2,1,1,0,0,7.808201146000044,51.66453349600005
2020,1,11,6,3,1,5,0,1,1,0,0,7.019976145000044,50.933364752000045
2020,2,22,2,2,5,3,2,1,1,0,0,6.982070008000051,50.94322401200003
2020,1,15,6,3,5,3,0,1,1,0,0,7.827437893000024,51.67067564700005
2020,1,12,6,3,5,2,0,1,1,0,0,7.830469056000027,51.70338926000005
2020,2,18,2,2,3,6,2,1,0,0,0,6.938644307000061,50.90596478000003
2020,2,7,2,3,5,2,1,1,1,0,0,7.563111689000039,51.925260207000065
2020,2,16,3,3,5,3,0,1,1,0,0,7.884610490000057,51.68628955300005
2020,1,7,4,3,5,3,2,1,1,0,0,7.647283177000077,51.95523581500004
2020,2,7,2,2,5,3,2,1,1,0,0,7.546939070000065,51.95387721700007
2020,2,5,7,3,0,2,2,1,1,0,0,6.974911568000039,50.928433701000074
2020,2,19,2,3,5,3,2,1,1,0,0,6.883600158000036,50.937752182000054
2020,2,7,5,3,6,4,0,1,0,1,0,6.966723062000028,50.92311943000004
2020,2,5,7,3,9,5,2,1,1,0,0,6.937592075000055,50.93123416000003
2020,2,10,2,3,5,3,0,1,1,0,0,7.631098769000062,51.952935110000055
2020,2,15,7,3,5,3,0,1,1,0,0,7.044134187000054,50.89585935000008
2020,2,8,4,3,0,1,0,1,0,0,0,7.847381574000053,51.685822501000075
2020,2,17,3,3,5,2,1,1,1,0,0,7.591957535000063,51.939573548000055
2020,2,8,3,3,3,6,0,1,1,0,0,7.085475055000075,50.92217218600007
2020,2,12,6,3,6,6,0,1,0,1,0,6.937954027000046,50.940947365000056
2020,2,15,5,3,2,6,0,1,1,0,0,6.911137186000076,50.928708620000066
2020,2,17,5,3,5,2,1,1,1,0,0,7.821131112000046,51.67753072000005
2020,2,16,4,3,5,2,0,1,1,0,0,7.639829077000059,51.975166252000065
2020,2,15,4,3,5,2,0,1,1,0,0,7.661978853000051,51.98667414000005
2020,2,8,4,3,5,2,0,1,1,0,0,6.970728912000027,50.93539370600007
2020,2,18,4,3,5,3,2,1,1,0,0,6.938797468000075,50.99454276500006
2020,2,10,5,3,0,1,0,1,0,0,0,6.912795877000065,50.929363128000034
2020,2,17,3,3,0,1,0,1,0,0,0,6.902037384000039,50.93705595700004
2020,2,6,5,3,5,3,2,1,1,0,0,7.588479628000073,51.984159231000035
2020,2,22,2,3,0,1,2,1,0,0,0,7.72373323100004,51.92584094000006
2020,2,11,2,3,5,2,0,1,1,0,0,6.954052432000026,50.96296638700005
2020,2,18,6,3,5,3,2,1,1,0,0,6.94534268600006,50.90449693200003
2020,2,21,7,3,0,1,2,1,0,0,0,7.664942093000036,51.93089924700007
2020,2,17,2,3,2,2,0,1,1,0,0,6.945687290000024,50.94655168300005
2020,2,15,4,3,0,2,0,1,1,0,0,6.951284890000068,50.93540429600006
2020,2,20,5,2,3,6,2,1,1,0,0,6.955062053000063,50.95854892400007
2020,2,6,6,3,5,3,1,1,1,0,0,7.097612291000075,50.85880148200005
2020,2,21,5,3,9,1,2,1,0,0,0,6.911053977000051,50.94021886300004
2020,2,13,5,3,0,7,0,1,0,0,0,6.962191510000025,50.93111076300005
2020,2,7,4,3,6,4,1,1,0,1,0,7.628844956000023,51.94403035000005
2020,2,10,3,3,6,4,0,1,0,1,0,7.082035223000048,50.91865278500006
2020,2,7,4,3,5,3,1,1,1,0,0,7.669714401000022,51.99875569100004
2020,3,19,2,3,0,7,2,1,1,0,0,7.626871554000047,51.931727815000045
2020,2,15,7,3,0,1,0,1,0,0,0,6.920226742000068,50.95379711900006
2020,2,19,5,3,6,4,2,1,0,1,0,6.906651121000039,50.95553640600008
2020,2,7,6,2,0,1,0,1,0,0,0,6.908858605000035,50.927844065000045
2020,3,6,2,3,5,3,0,1,1,0,0,7.627310615000056,51.89889324500007
2020,2,17,7,3,5,3,0,1,1,0,0,6.92659382100004,50.94267839100007
2020,2,11,7,3,5,3,0,1,1,0,0,7.821688585000061,51.695212612000034
2020,3,7,2,2,5,2,0,1,1,0,0,7.522734029000048,51.898933455000076
2020,2,12,7,2,0,5,0,1,1,0,0,6.919398129000058,50.91541094200005
2020,2,10,5,3,3,1,0,1,0,0,0,7.624386321000031,51.949104480000074
2020,3,16,3,3,5,3,0,1,1,0,0,6.864962582000032,51.06473272900007
2020,3,10,3,3,3,2,0,1,0,0,0,6.896627313000067,50.93717748000006
2020,3,17,4,3,3,5,1,1,1,0,0,6.956762039000068,50.92196340400005
2020,3,13,6,3,0,2,0,1,1,0,0,7.025012934000074,50.94473037100005
2020,3,20,5,3,0,5,2,1,1,0,0,6.943450163000023,50.98973317600007
2020,3,19,3,3,0,1,2,1,0,0,0,6.924782133000065,50.936876666000046
2020,3,7,1,3,3,7,0,1,1,0,0,7.800279167000042,51.70319838800003
2020,3,18,3,3,5,3,2,1,1,0,0,6.956531195000025,50.92217880100003
2020,3,8,6,3,3,6,0,1,1,0,0,7.675535069000034,51.96132967300008
2020,3,22,5,3,0,1,2,1,0,0,0,6.917009231000066,50.950005160000046
2020,3,9,5,3,0,7,0,1,0,0,0,7.625659877000032,51.93441783800006
2020,3,7,4,3,5,3,1,1,1,0,0,7.628071417000058,51.98557250300007
2020,3,19,6,2,5,3,2,1,1,0,0,7.757558679000056,51.64618260700007
2020,3,14,5,3,0,7,0,1,0,0,0,7.011750095000025,50.936921030000065
2020,3,16,4,3,5,3,0,1,1,0,0,6.948385132000055,50.89408057900005
2020,3,16,5,3,5,3,0,1,1,0,0,6.925487016000034,50.93984275100007
2020,3,17,3,3,3,6,1,1,0,0,0,7.696461159000023,51.98906958200007
2020,3,19,3,3,5,2,2,1,1,0,0,7.768470141000023,51.69008734200003
2020,3,16,5,2,0,5,0,1,1,0,0,7.560557625000058,51.998796682000034
2020,3,10,3,3,4,2,0,1,1,0,0,7.647416681000038,51.95905715200007
2020,3,13,3,3,3,2,0,1,1,0,0,7.011613809000039,50.906962512000064
2020,3,15,6,3,0,5,0,1,1,0,0,7.003820478000023,50.93808627700008
2020,3,17,3,3,5,3,0,1,1,0,0,6.971690246000037,50.93850355100005
2020,3,15,3,3,5,3,0,1,1,0,0,7.612304499000061,51.976373608000074
2020,3,10,5,3,3,6,0,1,0,0,0,6.922715539000024,50.93289492800005
2020,3,13,5,3,5,2,0,1,1,0,0,6.879792319000046,50.93778148700005
2020,3,18,4,3,5,2,1,1,1,0,0,7.070345962000033,50.97862886300004
2020,3,15,2,3,0,3,0,1,1,0,0,7.797365441000068,51.67024388200008
2020,3,13,4,3,3,6,0,1,0,0,0,7.645744344000036,51.95549979200007
2020,3,7,3,3,5,3,0,1,1,0,0,7.883292926000024,51.68585080200006
2020,3,15,4,3,5,2,0,1,1,0,0,6.896653753000066,50.925593237000044
2020,3,10,1,3,5,1,0,1,1,0,0,7.512163480000027,51.93236912500004
2020,3,5,4,2,0,1,2,1,0,0,0,7.635811876000048,51.971671369000035
2020,3,5,4,3,2,6,0,1,1,0,0,7.092962960000023,50.92965913300003
2020,3,10,5,3,1,3,0,1,1,0,0,6.915514372000075,50.94931108700007
2020,3,16,7,3,0,1,0,1,0,0,0,6.920030413000063,50.93199946300007
2020,3,14,4,3,7,5,0,1,1,0,0,7.733296832000065,51.68187380000006
2020,3,21,6,3,5,3,2,1,1,0,0,6.92478784900004,50.93675455200008
2020,3,8,3,3,5,2,0,1,1,0,0,6.91287727100007,50.936784997000075
2020,3,7,2,3,5,2,0,1,1,0,0,7.737571796000054,51.66580416600004
2020,3,11,7,3,0,7,0,1,1,0,0,6.917466990000037,50.94970918200005
2020,3,17,3,3,6,7,0,1,0,1,0,6.958892631000026,50.921229322000045
2020,3,13,6,3,3,5,0,1,1,0,0,7.004211779000059,50.93815088300005
2020,3,18,3,3,0,7,1,1,1,0,0,7.657188010000027,51.996112795000045
2020,3,17,3,3,0,1,0,1,0,0,0,6.831711552000058,50.96495599700006
2020,3,10,6,3,0,7,0,1,0,0,0,6.957988223000029,50.95095200000003
2020,3,16,4,3,5,3,0,1,1,0,0,7.721078959000067,51.978986312000075
2020,3,14,2,3,0,7,0,1,0,0,0,7.770201096000051,51.65491774800006
2020,3,17,7,3,0,2,0,1,1,0,0,6.830656297000076,50.94561402000005
2020,3,11,7,3,0,6,0,1,1,0,0,6.89351491900004,50.99990768500004
2020,3,12,6,3,3,6,0,1,1,0,0,6.953686528000048,50.96468441800005
2020,3,17,6,3,0,5,0,1,1,0,0,7.871322761000045,51.69096932800005
2020,3,19,4,3,0,7,2,1,0,0,0,7.080588828000032,50.94635047700007
2020,3,12,2,3,0,1,0,1,0,0,0,6.915735058000053,50.95083080900008
2020,3,13,7,3,5,3,0,1,1,0,0,7.829668575000028,51.69918615300003
2020,3,8,1,3,5,3,0,1,0,0,0,7.63824620500003,51.97393610600005
2020,3,12,7,3,5,2,0,1,1,0,0,6.958069267000042,51.026082848000044
2020,3,9,6,3,5,2,0,1,1,0,0,6.939656623000076,50.93366706100005
2020,3,16,6,3,0,1,0,1,0,0,0,6.954724031000069,50.99593787300006
2020,3,20,3,3,0,1,2,1,0,0,0,7.766150760000073,51.65015261500008
2020,3,16,3,2,7,1,0,1,0,0,0,7.106214858000044,50.88019585600006
2020,3,9,3,3,2,6,0,1,1,0,0,6.928394210000022,50.94503293100007
2020,3,9,3,3,5,3,0,1,0,0,0,6.934646698000051,50.93652909900004
2020,3,16,2,3,7,1,0,1,0,0,0,7.042876920000026,50.86472534300003
2020,3,14,6,2,7,1,0,1,0,0,0,6.912395530000026,51.00003663700005
2020,3,11,3,3,5,2,0,1,1,0,0,6.954052432000026,50.96296638700005
2020,3,6,2,3,0,1,0,1,0,0,0,7.65299378800006,51.96584602000007
2020,3,7,2,3,2,3,0,1,1,0,0,6.830745494000041,50.961599480000075
2020,3,16,2,2,0,5,0,1,1,0,0,6.936522497000055,50.93650338000003
2020,3,18,7,3,3,6,0,1,1,0,0,6.977853718000063,50.93625143000003
2020,3,10,6,2,0,1,0,1,0,0,0,7.826336649000041,51.59132552600005
2020,4,16,1,3,5,3,0,1,1,0,0,6.875952907000055,50.93775647800004
2020,4,13,7,3,5,3,0,1,1,0,0,7.916435847000059,51.70157141000004
2020,4,13,6,3,4,2,0,1,1,0,0,7.621750228000053,51.993607670000074
2020,4,17,2,3,2,6,0,1,0,0,0,6.937182619000055,50.996904819000065
2020,4,14,7,3,0,1,0,1,0,0,0,7.011654913000029,50.90702238200004
2020,4,14,7,2,0,1,0,1,0,0,0,6.826377637000064,50.93398415200005
2020,4,18,7,3,2,6,0,1,1,0,0,6.932602993000046,50.93479604100003
2020,4,17,2,3,0,1,0,1,0,0,0,6.929433978000077,50.94470482200006
2020,4,12,1,3,5,3,0,1,1,0,0,7.026631829000053,50.94019218200003
2020,4,15,5,3,0,3,0,1,0,0,1,6.932774970000025,50.95282436000008
2020,4,17,2,3,3,2,0,1,0,0,0,6.879513420000023,51.00000489800004
2020,4,11,5,3,9,1,0,1,0,0,0,6.940245572000038,50.99307354900003
2020,4,16,4,3,0,1,0,1,0,0,0,7.806782467000062,51.68158140200006
2020,4,18,5,2,0,1,0,1,0,0,0,6.964765564000061,50.94816998700003
2020,4,17,5,2,5,3,0,1,1,0,0,7.678655099000025,51.98643888400005
2020,4,16,4,2,2,3,0,1,1,0,0,6.928306123000027,51.00891527600004
2020,4,8,3,2,5,3,0,1,1,0,0,6.935824237000077,50.923449582000046
2020,4,12,4,2,5,2,0,1,1,0,0,7.006994876000022,50.970987871000034
2020,4,10,5,3,0,7,0,1,0,0,0,6.892982722000056,50.961201466000034
2020,4,19,4,3,5,3,0,1,1,0,0,7.531696417000035,51.952717747000065
2020,4,18,4,3,0,7,0,1,0,0,0,6.88714266300002,50.932257192000066
2020,4,16,3,3,6,6,0,1,0,1,0,7.670433908000064,51.92915669700005
2020,4,13,4,3,5,3,0,1,1,0,0,7.795763610000051,51.66943065500004
2020,4,18,7,3,2,6,0,1,1,0,0,7.001620781000042,50.93777778400005
2020,4,17,3,3,5,2,0,1,1,0,0,6.952785139000071,50.96886529400007
2020,4,19,4,3,0,4,0,1,1,1,0,6.915150187000052,50.92062970400008
2020,4,8,6,3,5,2,0,1,1,0,0,7.676165235000042,51.93050985000008
2020,4,10,1,3,1,5,0,1,1,0,0,6.949737846000062,50.976383885000075
2020,4,21,1,3,5,2,2,1,1,0,0,6.92478784900004,50.93675455200008
2020,4,14,6,3,6,4,0,1,0,1,0,7.079804609000064,50.88885148300005
2020,4,16,1,3,0,3,0,1,1,0,0,6.84487252200006,50.968655124000065
2020,4,13,6,3,0,7,0,1,0,0,0,6.977563585000041,50.958136015000036
2020,4,19,1,3,5,2,0,1,1,0,0,6.96632743300006,50.95018810300007
2020,4,16,5,3,5,2,0,1,1,0,0,7.013684783000031,50.97475479600007
2020,4,11,5,3,0,1,0,1,0,0,1,6.885439896000037,51.02992890500008
2020,4,19,5,2,4,6,0,1,0,0,0,6.977033640000059,50.845584435000035
2020,4,13,7,2,0,1,0,1,0,0,0,6.996621419000064,50.96397463900007
2020,4,14,7,3,0,1,0,1,0,0,0,6.944714708000049,50.98796048400004
2020,4,16,6,2,0,1,0,1,0,0,0,7.061635058000036,50.92739213300007
2020,4,15,5,3,5,3,0,1,0,0,0,7.694973065000056,51.91106433600004
2020,4,14,6,3,3,1,0,1,1,0,0,6.908054234000076,50.936181873000066
2020,4,16,6,3,4,6,0,1,0,0,0,7.656310619000067,51.969594732000076
2020,4,18,4,3,0,3,0,1,1,0,0,6.991983696000034,50.91577420600004
2020,4,15,4,3,0,7,0,1,0,0,0,6.930174169000054,51.00648142500006
2020,4,14,4,2,8,1,0,1,0,0,0,6.909612701000071,50.89861591500005
2020,4,11,5,3,4,2,0,1,1,0,0,6.957781996000051,50.95778211100003
2020,4,16,2,3,0,6,0,1,0,0,0,7.527068732000032,51.92470945500003
2020,4,7,5,2,0,6,0,1,0,0,0,6.971578342000043,50.93755787100008
2020,4,7,4,2,5,3,0,1,1,0,0,7.78143908800007,51.68885432500008
2020,4,19,5,2,3,6,0,1,0,0,0,6.927597708000064,50.91567296300008