UJAHR,UMONAT,USTUNDE,UWOCHENTAG,UKATEGORIE,UART,UTYP1,ULICHTVERH,IstRad,IstPKW,IstFuss,IstKrad,XGCSWGS84,YGCSWGS84
2020,4,15,2,3,0,1,0,1,0,0,0,6.909374261000039,50.90500348300003
2020,4,12,3,3,5,3,0,1,1,0,0,7.091360794000025,50.93271997000005
2020,4,8,3,3,1,6,0,1,0,0,0,6.981315650000056,50.90324382300008
2020,4,18,3,3,0,7,0,1,0,0,0,6.999089140000024,50.86769184900004
2020,4,12,7,3,5,3,0,1,1,0,0,6.829178340000055,50.943002370000045
2020,4,19,1,3,0,3,0,1,1,0,0,7.003806003000022,50.96195938300008
2020,4,19,2,2,0,6,0,1,0,0,0,6.982710661000056,50.90207712500006
2020,4,15,6,3,5,3,0,1,1,0,0,7.673721883000042,51.93000943100003
2020,4,12,3,3,3,2,0,1,1,0,0,7.080819314000053,50.94604385500003
2020,4,10,3,2,3,2,0,1,1,0,0,6.953685694000058,50.96468867800007
2020,4,12,7,3,4,6,0,1,1,0,0,7.044892937000043,50.94180006900007
2020,4,12,1,3,0,1,0,1,0,0,0,7.108337912000025,50.917125490000046
2020,4,11,4,3,5,2,0,1,1,0,0,6.896587657000055,50.925575854000044
2020,4,6,2,3,5,7,0,1,1,0,0,7.573868107000067,51.99223207600005
2020,4,8,6,3,5,3,0,1,1,0,0,7.003909975000056,50.97712076500005
2020,4,20,6,3,0,1,0,1,0,0,0,6.981700443000023,50.96068843200004
2020,4,18,7,2,5,3,0,1,0,0,0,6.907621187000075,50.93305937200006
2020,4,11,7,3,5,2,0,1,1,0,0,7.625701658000025,51.93427157800005
2020,4,12,3,3,5,2,0,1,0,0,0,7.01871589600006,50.96418541300005
2020,4,11,7,3,6,7,0,1,0,1,0,7.084827258000075,50.94691243600005
2020,4,15,3,3,5,2,0,1,1,0,0,6.940333102000068,50.942921858000034
2020,4,14,1,3,3,2,0,1,0,0,1,7.106862704000037,50.88665898100004
2020,4,8,3,3,5,3,0,1,1,0,0,7.600252444000034,51.934780680000074
2020,4,13,1,3,5,3,0,1,0,0,0,7.585230485000068,51.93624677200006
2020,4,3,1,3,0,7,2,1,0,1,0,7.81022391700003,51.67232420400006
2020,5,11,1,3,5,3,0,1,0,0,1,6.909008004000043,50.904772464000075
2020,5,12,4,3,2,6,0,1,1,0,0,7.07100452800006,50.881978831000026
2020,5,11,3,2,5,3,0,1,1,0,0,7.665654447000065,51.93030854800003
2020,5,15,4,3,1,5,0,1,1,0,0,6.933471121000025,50.94936871300007
2020,5,14,7,3,1,5,0,1,1,0,0,7.628189355000075,51.94367321100003
2020,5,12,2,3,5,3,0,1,1,0,0,7.002533773000039,50.95985446800006
2020,5,17,3,2,2,6,0,1,0,0,0,7.024548254000024,50.94026496200007
2020,5,7,3,3,3,6,0,1,0,0,0,7.613651333000064,51.99331565800003
2020,5,14,2,3,5,3,0,1,1,0,0,7.751246883000022,51.714253959000075
2020,5,15,2,2,9,6,0,1,0,0,0,6.96250391500007,50.94308138500003
2020,5,19,3,2,0,7,0,1,0,0,0,7.047844582000039,50.97056306200005
2020,5,10,4,3,5,1,0,1,1,0,0,7.648114338000028,51.90459328500003
2020,5,4,4,3,5,3,1,1,0,0,0,7.768175378000024,51.66549281400006
2020,4,8,5,2,5,2,0,1,0,1,0,7.631286357000022,51.94818459000004
2020,5,10,3,2,0,1,0,1,0,0,0,7.62355481000003,51.97471980900008
2020,4,16,5,2,3,6,0,1,0,0,0,7.089245832000074,50.92716709200005
2020,5,10,3,2,5,2,0,1,1,0,0,6.981528878000063,50.93735183800004
2020,4,13,5,3,6,6,0,1,0,1,0,6.96974900400005,50.88291218200004
2020,5,14,5,3,5,2,0,1,1,0,0,6.907667096000068,50.93695010400006
2020,5,12,7,3,4,6,0,1,0,0,0,7.559634092000067,51.99924136700008
2020,5,7,2,3,8,1,0,1,0,0,0,6.921708649000038,50.94774210300005
2020,5,17,6,3,5,7,0,1,1,0,0,7.025791406000053,50.94023674200008
2020,5,16,3,2,0,1,0,1,0,0,0,7.742074123000066,51.69328939500008
2020,5,11,6,2,5,3,0,1,1,0,0,7.52472997700005,51.92507891200006
2020,5,13,4,3,5,3,0,1,1,0,0,7.839901790000056,51.682741097000076
2020,5,20,5,3,3,6,1,1,0,0,0,6.931664853000029,50.908460828000045
2020,5,2,5,3,0,1,2,1,0,0,0,6.938985307000053,50.93644877100007
2020,5,8,7,3,3,5,0,1,1,0,0,6.897023295000054,50.925690907000046
2020,5,14,3,2,4,6,0,1,0,0,0,6.960635882000076,50.935509083000056
2020,5,14,7,3,0,7,0,1,1,0,0,7.79113783400004,51.67489768100006
2020,5,17,5,3,5,3,0,1,1,0,0,6.999957631000029,50.87061511200005
2020,5,8,6,3,0,7,0,1,0,1,0,6.915410259000055,50.95104071700007
2020,5,17,6,3,0,3,0,1,1,0,0,7.628587715000037,51.92766532300004
2020,5,12,1,3,5,3,0,1,1,0,0,7.742641267000067,51.917077309000035
2020,5,15,7,3,5,3,0,1,0,0,0,7.740130543000021,51.663914953000074
2020,5,20,7,2,5,2,0,1,1,0,0,7.062890295000045,50.905204996000066
2020,5,10,6,3,5,7,0,1,0,0,0,6.949636872000042,50.90419975300006
2020,5,21,7,2,3,1,2,1,0,0,0,6.891247969000062,50.924720731000036
2020,5,14,6,3,3,2,0,1,1,0,0,7.612162796000064,51.97852634900005
2020,5,7,3,3,5,2,0,1,1,0,0,6.826404818000071,50.93839741700003
2020,5,15,4,2,5,3,0,1,0,0,1,7.832790955000064,51.681470309000076
2020,5,17,7,2,0,1,0,1,0,0,0,6.954856697000025,50.99931100400005
2020,5,13,4,3,5,2,0,1,0,0,0,7.636657817000071,51.95289885100004
2020,5,11,3,3,4,6,0,1,0,0,0,7.00384843300003,50.96186069700008
2020,5,15,7,3,5,2,0,1,1,0,0,6.914779133000025,50.95144912200004
2020,5,23,2,3,0,1,2,1,0,0,0,7.073235662000059,50.84255589000003
2020,5,15,2,3,1,7,0,1,1,0,0,7.639288793000048,51.90291926300006
2020,5,20,6,3,0,1,0,1,0,0,0,6.919568997000056,50.999543979000066
2020,5,14,6,2,2,6,0,1,0,0,0,6.87945635400007,50.93778015100003
2020,5,13,3,3,0,7,0,1,0,0,0,7.097924921000072,50.92049112300003
2020,5,17,2,3,1,5,0,1,1,0,0,6.957062889000042,50.95157789400008
2020,5,16,3,3,7,1,0,1,0,0,0,6.929650619000029,50.925710639000044
2020,5,16,2,3,5,3,0,1,1,0,0,7.637940680000042,51.90236464800006
2020,5,12,7,3,0,1,0,1,0,0,0,6.950789216000032,50.97368179400007
2020,5,17,3,3,1,5,0,1,1,0,0,6.829234299000063,50.94845830100007
2020,5,20,3,3,9,6,0,1,1,0,0,6.93618441700005,50.93650801700005
2020,5,11,2,3,0,6,0,1,0,0,0,7.014720470000043,50.97530313300007
2020,5,17,3,2,6,7,0,1,0,1,0,6.963723952000066,50.90365864900008
2020,5,19,5,3,5,2,0,1,1,0,0,6.859147708000023,50.91542342400004
2020,5,8,5,3,5,3,0,1,1,0,0,6.899875972000075,50.95783560000007
2020,5,11,5,1,3,2,0,1,0,0,0,6.939965731000029,50.94052692400004
2020,5,19,2,3,1,6,0,1,1,0,0,6.926562896000064,50.945730655000034
2020,5,17,3,3,5,2,0,1,1,0,0,6.96432946300007,50.949958020000054
2020,5,17,4,3,5,3,0,1,1,0,0,6.92122282400004,51.01615523400005
2020,5,20,5,3,5,3,0,1,1,0,0,6.952439001000073,50.96984759900005
2020,5,14,4,3,3,6,0,1,0,0,0,6.933198473000061,50.94341140500006
2020,5,18,4,3,0,1,0,1,0,0,0,6.956187682000063,50.93517107200006
2020,5,23,5,3,5,2,2,1,1,0,0,7.018720791000021,50.94020541400005
2020,5,15,5,3,5,2,0,1,1,0,0,6.916743158000031,50.93092014200005
2020,5,16,6,3,5,2,0,1,1,0,0,7.045630955000036,50.94196882400007
2020,5,12,6,3,5,2,0,1,1,0,0,6.932760451000036,50.92093610300003
2020,5,14,5,3,0,1,0,1,0,0,0,6.954429646000051,50.961229486000036
2020,5,14,5,3,4,6,0,1,0,0,0,6.860442758000033,51.06962777700005
2020,5,18,4,3,0,1,0,1,0,0,0,7.64702386700003,51.96374395000004
2020,5,11,5,2,0,3,0,1,0,0,0,7.777909043000022,51.68933958700006
2020,5,11,4,2,0,7,0,1,0,0,0,7.604113857000073,51.92456358100003
2020,5,18,4,3,5,3,0,1,1,0,0,7.809474788000046,51.66864725100004
2020,5,19,5,3,0,1,0,1,0,0,0,7.080920809000077,50.98367715300003
2020,5,2,6,3,7,7,2,1,0,0,0,6.969170040000051,50.93090909700004
2020,5,21,3,3,5,3,2,1,1,0,0,7.804372558000068,51.656814412000074
2020,5,19,7,3,5,2,0,1,1,0,0,6.939360727000064,50.93830742600005
2020,5,1,2,3,5,3,2,1,1,0,0,7.631331492000072,51.95399493700006
2020,5,14,2,3,0,2,0,1,1,0,0,7.62178663800006,51.99356143600005
2020,5,10,2,3,5,2,0,1,1,0,0,7.013723251000045,50.954303165000056
2020,5,7,2,3,2,6,0,1,0,0,0,6.928375727000059,50.96008165100005
2020,5,11,2,3,3,2,0,1,1,0,0,6.950157833000048,50.935467938000045
2020,5,6,2,3,0,2,0,1,0,0,0,7.813278494000031,51.67998419200006
2020,5,20,3,3,5,2,0,1,1,0,0,6.981677359000059,50.93729436600006
2020,5,17,3,2,5,2,0,1,1,0,0,6.856346839000025,51.07240449500006
2020,5,14,4,3,0,3,0,1,1,0,0,7.622685990000036,51.89783224300004
2020,5,11,5,3,3,2,0,1,1,0,0,6.915371295000057,50.930382688000066
2020,5,14,4,3,5,3,0,1,1,0,0,7.832498337000061,51.70767003100008
2020,5,12,5,3,5,2,0,1,1,0,0,6.857628692000048,50.929890863000026
2020,5,22,4,3,1,5,2,1,1,0,0,7.090769212000055,50.85133078300004
2020,5,20,4,3,0,1,0,1,0,0,0,6.945071809000069,50.93595382800004
2020,5,14,5,3,0,7,0,1,0,0,0,6.925924060000057,50.93162915000005
2020,5,19,4,3,3,3,0,1,0,0,0,6.940042353000024,50.99327720400004
2020,5,15,4,3,4,6,0,1,0,0,0,6.895214339000063,50.91495076000007
2020,5,22,5,3,0,1,2,1,0,0,0,6.900193834000049,50.93728093500005
2020,5,12,4,3,0,7,0,1,0,0,0,6.953135184000075,50.949432381000065
2020,5,0,1,3,0,1,2,1,0,0,0,7.072764385000028,50.97949652600005
2020,6,13,2,3,0,7,0,1,0,0,0,6.943976827000029,50.98899566600005
2020,5,14,1,3,0,1,0,1,0,0,0,6.943430255000067,50.98976105500003
2020,5,16,1,3,4,2,0,1,1,0,0,6.98236208700007,50.88882629500006
2020,5,15,1,3,0,7,0,1,0,0,0,7.725156637000055,51.91584573100005
2020,6,0,2,3,0,6,2,1,1,0,0,7.107387293000045,50.868725589000064
2020,5,19,6,3,0,2,0,1,1,0,0,7.069969967000077,50.88204782300005
2020,5,12,7,3,0,2,0,1,1,0,0,6.940191040000059,50.94159032600004
2020,5,10,7,3,0,3,0,1,1,0,0,6.953075985000055,50.935274700000036
2020,6,12,2,2,0,6,0,1,0,0,0,6.943965723000076,50.98901121500006
2020,5,20,6,3,7,1,0,1,0,0,0,6.916396014000043,50.949722551000036
2020,5,9,6,3,5,2,0,1,0,0,1,6.912856665000049,50.94499459300005
2020,5,14,6,3,0,2,0,1,1,0,0,6.951824824000028,50.93541767700003
2020,5,11,6,3,3,6,0,1,0,0,0,6.945483879000051,50.93594057100006
2020,6,19,2,3,3,6,0,1,0,0,0,6.967905386000041,50.92068048700003
2020,6,16,2,3,1,5,0,1,1,0,0,7.043094258000053,50.96914661100004
2020,5,20,6,3,3,2,0,1,1,0,0,7.628923913000051,51.92688071300006
2020,5,15,6,3,0,1,0,1,0,0,0,7.62659708800004,51.93191121400008
2020,5,22,6,3,4,1,2,1,0,0,0,7.639213203000054,51.94921872800006
2020,5,8,6,3,5,3,0,1,0,0,0,7.63757117800003,51.95876424700003
2020,6,15,5,3,0,7,0,1,0,0,0,7.649019801000065,51.95503908200004
2020,6,10,5,3,3,2,0,1,1,0,0,6.939562139000032,50.90565230300007
2020,6,9,3,3,5,3,0,1,1,0,0,7.078456727000059,50.98322307600006
2020,6,19,4,3,7,7,0,1,0,0,0,6.924352867000039,50.94663495400005
2020,6,9,5,3,6,4,0,1,0,1,0,7.756312514000058,51.64531644500005
2020,6,8,4,3,5,3,0,1,0,0,0,6.948915077000038,50.935461357000065
2020,6,14,2,3,5,3,0,1,1,0,0,6.932811943000047,50.92098904300008
2020,6,17,3,3,4,6,0,1,0,0,0,6.894311892000076,50.99342469000004
2020,6,19,6,3,0,3,1,1,1,0,0,7.648327808000033,51.99292769300007
2020,6,8,4,3,0,5,0,1,1,0,0,6.929831860000036,50.92538622700005
2020,6,13,1,3,0,7,0,1,0,0,0,6.954856613000061,50.999308004000056
2020,6,16,2,3,5,3,0,1,1,0,0,7.687416745000064,51.993081018000055
2020,6,18,1,3,0,1,0,1,0,0,0,6.949027800000067,50.90425463100007
2020,6,0,1,3,6,4,2,1,0,1,0,6.938997054000026,50.93661022600003
2020,6,9,4,3,1,3,0,1,1,0,0,7.024021989000062,50.96525185100006
2020,6,16,6,3,5,3,0,1,1,0,0,6.933586882000043,50.96465965500005
2020,6,12,6,3,1,6,0,1,1,0,0,6.952725883000028,50.96907162800005
2020,6,17,6,3,5,3,0,1,1,0,0,6.867609924000021,50.92248158500007
2020,6,8,6,3,5,2,0,1,1,0,0,6.932654475000049,50.94866029700006
2020,6,17,7,3,0,5,0,1,1,0,0,7.002622181000049,50.93790573100006
2020,6,16,3,3,5,3,0,1,1,0,0,6.837638570000024,51.03982885100004
2020,6,13,4,3,4,6,0,1,0,0,0,6.942314778000025,50.945031897000035
2020,6,18,6,2,0,1,0,1,0,0,0,6.947936097000024,50.98123736700006
2020,6,15,2,3,0,1,0,1,0,0,0,6.943465083000035,50.989712283000074
2020,6,10,7,3,5,3,0,1,1,0,0,7.046087045000036,50.99939710900003
2020,6,17,6,3,5,3,0,1,1,0,0,6.869349691000025,51.00078218800007
2020,6,13,6,3,2,5,0,1,1,0,0,6.932781805000047,50.94359458400004
2020,6,8,6,2,0,7,0,1,1,0,0,6.890417554000067,50.92467867000005
2020,6,20,1,3,2,6,0,1,1,0,0,6.940835126000025,50.93060795800005
2020,6,17,2,3,4,1,0,1,1,1,0,6.962738346000037,50.930248782000035
2020,6,18,2,3,5,2,0,1,1,0,0,7.592415778000031,51.93033172100007
2020,6,13,6,3,6,4,0,1,0,1,0,6.929721980000068,50.918013803000065
2020,6,10,3,3,3,2,0,1,0,0,0,6.939562139000032,50.90565230300007
2020,6,14,6,3,5,2,0,1,1,0,0,7.531374081000024,52.00908421400004
2020,6,15,5,3,3,5,0,1,0,0,0,6.910210409000058,50.93933548600006
2020,6,17,5,3,2,6,0,1,0,0,0,6.929039424000052,50.936696348000055
2020,6,23,5,3,0,1,2,1,0,0,0,6.908880448000048,50.92788740700007
2020,6,8,3,3,0,1,0,1,0,0,0,6.915345482000021,50.92039823200008
2020,6,19,1,3,9,5,0,1,1,0,0,6.89454362500004,50.925134617000026
2020,6,17,2,3,5,7,0,1,1,0,0,6.927263354000047,50.86163957700006
2020,6,19,7,3,3,5,0,1,1,0,0,7.040579083000068,50.96863089400006
2020,6,23,6,2,8,1,2,1,0,0,0,7.644081090000043,51.89506184100003
2020,6,15,2,3,5,3,0,1,1,0,0,7.801726859000041,51.70018040200006
2020,6,11,7,3,3,6,0,1,0,0,0,7.076160442000059,50.945104109000056
2020,6,13,4,3,4,7,0,1,1,0,0,7.609858859000042,51.94063037900003
2020,6,11,6,3,1,5,0,1,1,0,0,7.002291848000027,50.98009642800008
2020,6,18,5,3,5,2,0,1,1,0,0,6.924678439000047,50.93773322000004
2020,6,8,6,3,0,7,0,1,0,0,0,6.949492509000038,50.904210582000076
2020,6,18,5,3,5,2,0,1,1,0,0,6.934418634000053,50.933002282000075
2020,6,14,1,3,5,3,0,1,1,0,0,7.750917131000051,51.71439789800007
2020,6,13,7,3,5,3,0,1,1,0,0,7.563114701000075,51.92526006800006
2020,6,19,1,2,0,1,0,1,0,0,0,7.770924333000039,51.667297172000076
2020,6,18,5,2,3,6,0,1,0,0,0,7.885419608000063,51.69021705000006
2020,6,13,1,3,5,3,0,1,1,0,0,7.094943795000063,50.846082110000054
2020,6,23,7,2,5,3,2,1,1,0,0,6.966240743000071,50.94989456700006
2020,6,13,6,3,2,6,0,1,1,0,0,6.921459490000075,50.94784567000005
2020,6,12,6,1,5,7,0,1,1,0,0,7.584620794000045,51.93590545700005
2020,6,17,4,3,1,7,0,1,1,0,0,7.716010551000068,51.91127268300005
2020,6,20,1,3,0,1,0,1,0,0,0,6.94342789600006,50.98976435700007
2020,6,17,5,3,5,2,0,1,1,0,0,7.626612938000051,51.93187273500007
2020,6,9,4,3,1,3,0,1,0,0,0,6.907641287000047,50.93370576800004
2020,6,15,6,3,5,3,0,1,1,0,0,7.706736048000039,51.911521598000036
2020,6,18,1,3,5,3,0,1,1,0,0,7.935824169000057,51.652289307000046
2020,6,8,6,3,0,3,0,1,1,0,0,7.608899660000077,51.88002405600008
2020,6,15,1,3,1,1,0,1,1,0,0,6.944008688000054,50.988951049000036
2020,6,11,5,3,5,3,0,1,1,0,0,7.04148583500006,50.941288592000035
2020,6,11,4,3,0,1,0,1,0,0,0,7.807268570000076,51.681609527000035
2020,6,21,5,2,0,1,1,1,0,0,0,6.943349559000069,50.98985884800004
2020,6,14,5,3,5,2,0,1,1,0,0,6.915602442000022,50.950916515000074
2020,6,17,5,3,0,7,0,1,0,0,0,6.929751547000024,50.94460456000007
2020,6,17,3,3,5,3,0,1,0,1,0,6.966839451000055,50.922854664000056
2020,6,16,2,3,5,3,0,1,1,0,0,7.801726306000035,51.700191405000055
2020,6,12,5,3,2,5,0,1,1,0,0,6.947651743000051,50.94737568000005
2020,6,11,5,3,0,7,0,1,0,0,0,6.949876655000026,50.95565157100003
2020,6,17,4,3,2,2,0,1,1,0,0,7.675362446000065,51.949430422000034
2020,6,15,2,3,0,2,0,1,1,0,0,6.924697059000039,50.93675495200006
2020,6,19,4,2,5,2,0,1,1,0,0,6.994258069000068,50.93716934200006
2020,6,8,3,3,5,3,0,1,1,0,0,7.013900747000037,50.95552172300006
2020,6,10,5,3,4,6,0,1,0,0,0,7.080441898000061,50.85460819800005
2020,6,16,5,3,0,1,0,1,0,0,0,6.943442202000028,50.98974432400007
2020,6,16,2,3,0,3,0,1,0,0,0,6.900232930000072,50.93728006900005
2020,6,13,4,3,3,2,0,1,1,0,0,6.954052432000026,50.96296638700005
2020,6,8,2,3,5,1,0,1,1,0,0,7.611839492000058,51.94001060900007
2020,6,17,3,3,0,7,0,1,0,0,0,6.932527902000061,50.935488545000055
2020,6,22,5,2,0,1,2,1,0,0,0,6.947814786000038,50.98232993700003
2020,6,7,5,3,5,3,0,1,1,0,0,6.948385132000055,50.89408057900005
2020,6,12,6,3,1,5,0,1,1,0,0,7.822499850000042,51.681667238000045
2020,6,18,2,3,0,1,0,1,0,0,0,6.882104432000062,50.96615439900006
2020,6,19,6,3,3,2,0,1,1,0,0,7.755098131000068,51.69315769200006
2020,6,16,4,3,0,6,0,1,1,0,0,7.010858660000054,50.95774484100008
2020,6,5,3,3,5,7,0,1,0,0,0,6.999911006000048,50.98394150400003
2020,6,8,2,3,1,3,0,1,1,0,0,6.932654475000049,50.94866029700006
2020,6,11,5,3,0,1,0,1,0,0,0,7.639419539000073,51.97172015400008
2020,6,18,5,3,5,3,0,1,0,0,1,6.923203769000054,51.01423112900005
2020,6,18,2,3,0,6,0,1,1,0,0,6.934579804000066,50.93653001600006
2020,6,14,6,2,3,3,0,1,1,0,0,7.789079634000075,51.67441211000005
2020,6,11,4,3,5,2,0,1,1,0,0,6.924695070000041,50.93675496000003
2020,6,10,2,3,6,7,0,1,0,1,0,7.881951984000068,51.689950519000035
2020,6,10,1,3,4,6,0,1,0,0,0,7.743188601000043,51.916849092000064
2020,6,9,6,3,5,2,0,1,1,0,0,7.094934400000057,50.846093636000035
2020,6,18,6,3,0,1,0,1,0,0,0,6.943430238000076,50.989761077000026
2020,6,19,6,3,0,1,0,1,0,0,0,6.943450332000055,50.98973293900008
2020,6,12,2,3,5,3,0,1,1,0,0,6.907541253000034,50.92727649600005
2020,6,0,7,2,0,7,2,1,0,0,0,7.54886054900004,51.95340836500003
2020,6,13,7,2,9,1,0,1,0,0,0,6.981699961000061,50.96068719900006
2020,6,7,7,3,0,1,0,1,0,0,0,6.91727123000004,50.95081621000003
2020,6,17,7,3,0,7,0,1,0,0,0,6.924533214000064,50.93675567300005
2020,6,17,2,3,5,2,0,1,1,0,0,7.044415460000039,50.94170961700007
2020,6,13,2,3,0,1,0,1,0,0,0,6.974298495000028,50.861649784000065
2020,6,18,6,3,4,2,0,1,1,0,0,7.549654170000054,51.86890810800003
2020,6,9,3,3,5,2,0,1,0,0,0,6.965322399000058,50.925269323000066
2020,7,8,4,2,5,3,0,1,1,0,0,7.811784421000027,51.67227746300006
2020,7,21,4,3,0,1,1,1,0,0,0,6.954156076000061,50.92295324300005
2020,7,22,5,3,0,1,2,1,0,0,0,6.924543852000056,50.93625192800005
2020,6,17,3,3,5,7,0,1,0,0,0,7.605111457000021,51.94893166400004
2020,6,12,3,3,5,3,0,1,1,0,0,7.688195757000074,51.90956625600006
2020,7,10,5,3,0,1,0,1,0,0,0,6.957039967000071,50.95123937900007
2020,7,14,5,3,0,1,0,1,0,0,0,6.927597708000064,50.91567296300008
2020,6,19,3,3,0,2,0,1,1,0,0,7.601659827000049,51.995082884000055
2020,6,17,3,3,0,1,0,1,0,0,0,7.653005611000026,51.938839675000054
2020,7,18,4,3,3,5,0,1,1,0,0,6.912439339000059,50.92922067100005
2020,6,0,3,2,4,6,2,1,0,0,0,6.943400545000031,50.97010635300006
2020,7,18,5,3,5,2,0,1,1,0,0,6.90993067200003,50.95444654900007
2020,6,10,2,3,5,3,0,1,1,0,0,7.633687455000029,51.90722169500003
2020,7,18,5,3,6,7,0,1,0,1,0,7.047331214000053,50.94237703300007
2020,7,17,7,3,0,1,0,1,0,0,0,6.949229919000061,50.955353294000076
2020,7,13,3,3,4,6,0,1,0,0,0,6.925746939000021,51.01162303400008
2020,7,16,2,3,5,2,0,1,1,0,0,6.908858138000028,50.927843120000034
2020,7,13,2,3,6,1,0,1,0,1,0,6.939321088000042,50.93815304100008
2020,7,14,7,3,5,3,0,1,1,0,0,7.830587077000075,51.70380720900005
2020,7,11,3,3,0,1,0,1,0,0,0,6.970648388000029,50.91585632200008
2020,7,14,6,3,5,3,0,1,1,0,0,7.64084708200005,51.89909241600003
2020,7,11,6,3,5,3,0,1,1,0,0,7.022990740000068,50.98062586200007
2020,7,22,6,3,5,2,1,1,1,0,0,6.95264646000004,50.924078604000044
2020,7,13,3,3,0,6,0,1,1,0,0,6.956081656000038,50.95644182800004
2020,7,17,2,3,0,7,0,1,1,0,0,7.625627365000071,51.93453165300008
2020,7,17,1,3,0,1,0,1,0,0,0,6.938759311000069,50.952474497000026
2020,7,20,3,3,5,5,0,1,1,0,0,6.832389292000073,50.96521455300007
2020,7,15,4,3,5,3,0,1,1,0,0,6.961799748000033,50.92138509100005
2020,7,21,4,3,0,1,1,1,0,0,0,6.940390621000063,50.94233244800006
2020,7,22,6,3,5,3,1,1,1,0,0,7.625118481000072,51.93651548200006
2020,7,8,5,3,0,7,0,1,0,0,0,7.682675252000024,51.990594335000026
2020,7,14,7,3,6,4,0,1,0,1,0,6.914625776000037,50.93009827100008
2020,7,12,7,3,5,3,0,1,1,0,0,7.008513357000027,50.938932184000066
2020,7,8,4,3,5,3,0,1,1,0,0,7.84462306100005,51.68424007900006
2020,7,9,5,3,5,2,0,1,1,0,0,6.940115711000033,50.94123339400005
2020,7,17,7,2,0,1,0,1,0,0,0,6.907905237000023,50.930187396000065
2020,7,16,2,3,0,1,0,1,0,0,0,7.052899044000071,50.915592702000026
2020,7,20,2,3,5,2,0,1,1,0,0,6.975016672000038,50.92852821100007
2020,7,23,1,3,0,7,2,1,0,0,0,6.995157876000064,50.96433069600005
2020,7,15,2,2,2,6,0,1,0,0,0,6.84843096000003,50.978898652000055
2020,7,14,2,3,6,4,0,1,0,1,0,6.928491659000031,50.94503057700007
2020,7,17,4,2,5,3,0,1,1,0,0,7.039677882000035,50.92973043000006
2020,7,14,4,3,5,3,0,1,1,0,0,7.627031664000072,51.95579182500006
2020,7,13,2,2,0,7,0,1,0,0,0,7.613763212000038,52.00380206400007
2020,7,19,3,3,0,1,0,1,0,0,0,7.01411169000005,50.974983691000034
2020,7,10,3,3,6,4,0,1,0,1,0,6.90784287300005,50.95514246400006
2020,7,15,1,3,0,6,0,1,0,1,0,7.841418922000059,51.69133016100005
2020,7,7,3,3,5,7,1,1,0,0,0,7.773183019000044,51.66558346100004
2020,7,14,4,3,5,2,0,1,1,0,0,7.593351034000023,51.92997591900007
2020,7,15,2,3,5,3,0,1,1,0,0,7.648511540000072,51.928662134000035
2020,7,15,2,2,7,1,0,1,0,0,0,7.083916650000049,50.94257998100005
2020,7,17,6,3,0,7,0,1,0,0,0,7.057467460000055,50.89394750200006
2020,7,15,1,3,0,6,0,1,0,0,0,7.022647646000053,50.98037128300007
2020,7,9,6,3,5,2,0,1,1,0,0,6.945761069000071,50.94658404000006
2020,7,21,2,3,0,6,2,1,1,0,0,6.957684202000053,50.93532752400006
2020,7,18,1,3,0,7,0,1,0,0,0,6.843173487000058,50.93811780300007
2020,7,18,2,3,0,5,0,1,1,0,0,7.083830548000037,50.86396481000003
2020,7,9,2,3,0,1,0,1,0,0,0,6.954828546000044,50.99858667700005
2020,7,0,1,2,0,1,2,1,0,0,0,7.84926697800006,51.67128542900008
2020,7,14,2,2,0,1,0,1,0,0,0,6.975030519000029,50.92852124600006
2020,7,12,5,3,5,2,0,1,1,0,0,6.931145173000061,50.92313033200003
2020,7,12,7,3,0,1,0,1,0,0,0,6.916258539000069,50.93073644000003
2020,7,17,1,3,5,3,0,1,1,0,0,6.974077298000054,50.95624824200007
2020,7,7,6,2,5,3,0,1,1,0,0,7.52675212500003,51.93872990300008
2020,7,20,2,3,0,6,1,1,0,0,0,6.995159218000026,50.96433028100006
2020,7,18,4,3,3,2,0,1,1,0,0,6.991800893000061,50.93689211800006
2020,7,17,4,3,5,2,0,1,1,0,0,6.91271757100003,50.952783089000036
2020,7,7,4,3,0,1,0,1,0,0,0,6.870822083000064,50.97341749800006
2020,7,15,4,3,5,2,0,1,1,0,0,6.881231418000027,50.966453526000066
2020,7,20,6,3,0,7,0,1,0,0,0,7.078786082000022,50.950782110000034
2020,7,10,5,3,0,5,0,1,1,0,0,6.953785219000054,50.96419459400005
2020,7,1,6,3,0,1,2,1,0,0,0,6.940834266000024,50.93119763000004
2020,7,15,3,3,0,7,0,1,0,0,0,7.558823643000039,51.999554955000065
2020,7,13,5,2,1,1,0,1,0,0,0,7.652367763000029,51.93928504400003
2020,7,9,5,3,5,2,0,1,1,0,0,6.99222244300006,50.889849610000056
2020,7,22,3,3,0,7,2,1,0,0,0,7.022597651000069,50.98033418700004
2020,7,17,3,2,0,7,0,1,0,0,0,7.029483062000054,50.98840477500005
2020,7,17,3,3,5,2,0,1,1,0,0,6.926355819000037,50.930978683000035