UJAHR,UMONAT,USTUNDE,UWOCHENTAG,UKATEGORIE,UART,UTYP1,ULICHTVERH,IstRad,IstPKW,IstFuss,IstKrad,XGCSWGS84,YGCSWGS84
2020,2,13,4,2,8,1,0,1,0,0,0,6.951315067000053,50.923161847000074
2020,2,18,3,3,1,2,2,1,1,0,0,7.814875252000036,51.67645579200007
2020,2,6,6,3,3,2,2,1,1,0,0,7.596532612000033,51.967709512000056
2020,2,19,2,3,5,2,2,1,0,0,0,7.64194728800004,51.958190380000076
2020,2,14,1,3,0,7,0,1,0,0,0,6.915555478000044,50.92038432100003
2020,2,14,3,3,1,5,0,1,0,0,0,7.769831373000045,51.70061752100003
2020,2,18,5,3,0,1,2,1,0,0,0,6.918063022000069,50.93551260700008
2020,2,10,5,3,0,1,0,1,0,0,0,6.920410589000028,50.911306592000074
2020,2,19,5,3,0,7,2,1,1,0,0,6.919680905000064,50.92152002200004
2020,3,15,2,3,3,6,0,1,0,0,0,7.757733280000025,51.694533731000035
2020,2,19,5,3,0,1,2,1,0,0,0,6.901175162000072,50.930083730000035
2020,3,18,1,2,0,7,2,1,0,0,0,6.940775643000052,50.95841912700007
2020,2,19,7,3,5,3,2,1,1,0,0,6.938646758000061,50.93254544100006
2020,3,19,2,3,5,3,2,1,1,0,0,6.96625182400004,50.972133505000045
2020,2,7,6,3,0,7,0,1,0,0,0,7.656338645000062,51.90674317700007
2020,2,7,6,3,0,1,0,1,0,0,0,7.613153993000026,51.98370512900004
2020,2,7,6,3,0,1,1,1,0,0,0,7.563237761000039,51.97058197200005
2020,2,8,6,3,0,7,0,1,0,0,0,7.648424473000034,51.96599298700005
2020,2,8,6,3,0,1,0,1,0,0,0,7.576426896000044,51.96589157600005
2020,2,7,6,3,0,1,0,1,0,0,0,6.986442218000036,50.914405962000046
2020,2,7,6,3,5,3,0,1,1,0,0,7.073725728000056,50.89587892600008
2020,2,7,6,3,0,7,0,1,0,0,0,6.885767834000035,51.02378160600006
2020,2,7,6,2,0,1,0,1,0,0,0,7.011088637000057,50.87834996200007
2020,2,7,6,3,0,1,0,1,0,0,0,7.011088637000057,50.87834996200007
2020,2,8,6,3,0,1,0,1,0,0,0,6.931612661000031,50.931419550000044
2020,3,7,2,3,3,2,0,1,1,0,0,7.072643683000024,50.89143538600007
2020,2,5,6,3,5,3,2,1,1,0,0,7.762140104000025,51.69161070300004
2020,2,7,6,3,5,3,0,1,1,0,0,7.869645662000039,51.68829941100006
2020,2,7,6,3,5,2,0,1,1,0,0,7.884611722000045,51.68623112100005
2020,3,6,2,3,0,7,2,1,0,0,0,7.624017572000071,51.962065073000076
2020,2,8,5,3,1,5,0,1,1,0,0,7.623654320000071,51.92514731500006
2020,3,18,2,3,6,7,2,1,0,1,0,7.80769046100005,51.692666932000066
2020,3,9,2,2,3,7,0,1,1,0,0,6.873944210000047,50.93208789500005
2020,3,7,3,3,0,2,0,1,1,0,0,7.598797537000053,51.99752243200004
2020,3,17,3,3,5,3,0,1,1,0,0,7.537626300000056,51.94748972800005
2020,3,9,3,3,1,7,0,1,0,0,0,7.628713622000021,51.97209444300006
2020,3,10,5,3,5,2,0,1,1,0,0,7.650348554000061,51.92533247600005
2020,3,16,4,3,0,7,0,1,1,0,0,6.946996965000039,50.92484872600005
2020,3,18,5,3,1,5,1,1,1,0,0,6.917588308000063,50.94941141700008
2020,3,13,6,3,1,5,0,1,1,0,0,6.915605492000054,50.92039280600005
2020,3,6,6,3,0,3,1,1,1,0,0,7.616545630000076,51.939656127000035
2020,3,7,3,3,5,3,0,1,1,0,0,6.912738331000071,50.91589717200003
2020,3,7,3,2,0,1,0,1,0,0,0,6.935197702000039,50.93301026900008
2020,3,7,5,3,0,3,1,1,1,0,0,7.001572150000072,50.94163259900006
2020,3,7,7,3,0,1,0,1,0,0,0,6.917632862000062,50.931896179000034
2020,3,17,4,3,0,3,0,1,0,0,1,6.951995516000068,50.95217665500007
2020,3,8,6,2,4,2,0,1,0,0,0,6.941376383000034,50.921448404000046
2020,3,0,6,3,0,7,0,1,0,0,0,6.966071190000037,50.91212223500003
2020,3,18,4,2,5,2,2,1,1,0,0,6.962594890000048,50.930131112000026
2020,3,18,7,3,0,4,1,1,0,1,0,7.675449497000045,51.94690666100007
2020,3,2,2,2,0,7,2,1,0,0,0,7.60090565400003,51.95910245700003
2020,3,20,5,3,0,7,2,1,0,0,0,6.912537129000043,50.99586410400008
2020,3,8,5,3,6,7,0,1,0,1,0,6.908284930000036,50.98905351900004
2020,3,20,5,3,6,7,2,1,0,1,0,6.917022853000049,50.92075145900003
2020,3,9,5,3,5,3,0,1,1,0,0,6.956396369000061,50.942535967000026
2020,3,15,5,2,5,3,0,1,1,0,0,6.927767347000042,50.94202185100005
2020,3,8,6,3,3,6,0,1,0,0,0,7.623633964000021,51.96636998500003
2020,3,13,4,3,1,5,0,1,1,0,0,7.620430213000077,51.96350280300004
2020,3,9,4,3,5,3,0,1,1,0,0,7.597774138000034,51.966465192000044
2020,3,13,6,3,1,7,0,1,1,0,0,6.883963676000064,50.95601339800004
2020,3,18,4,3,5,3,1,1,1,0,0,6.983657015000063,50.91906794000005
2020,3,20,6,2,0,7,2,1,0,0,0,7.646910113000047,51.937501077000036
2020,3,15,4,3,0,4,0,1,0,1,0,7.819129493000048,51.68041756400004
2020,3,20,3,3,5,3,2,1,1,0,0,6.998768676000054,50.92006464900004
2020,3,21,1,3,5,3,2,1,1,0,0,6.938106336000033,50.934386620000055
2020,3,16,6,3,5,2,0,1,0,0,0,6.925912170000061,50.91672125200006
2020,3,18,2,3,3,6,1,1,0,0,0,7.610066398000072,51.93908101400007
2020,3,19,2,3,0,2,1,1,1,0,0,7.632820216000027,51.95402390600003
2020,3,14,1,3,0,1,0,1,0,0,0,6.904401003000032,51.02469367700007
2020,3,14,6,3,5,3,0,1,1,0,0,7.608065875000023,51.974010057000044
2020,3,16,4,2,0,7,0,1,0,1,0,7.080861065000022,50.927639026000065
2020,3,16,3,3,4,2,0,1,1,0,0,7.640984659000026,51.966992567000034
2020,3,14,3,3,0,1,0,1,0,0,0,6.926284231000068,50.86230840200005
2020,3,16,7,3,0,5,0,1,1,0,0,6.960191676000022,50.919063953000034
2020,3,15,1,2,0,7,0,1,0,0,0,7.558929579000051,51.99539621500003
2020,3,20,4,3,5,3,2,1,1,0,0,6.947636793000072,50.937721073000034
2020,3,15,2,2,8,1,0,1,0,0,0,6.908241142000065,50.99502574500008
2020,3,17,4,3,4,6,0,1,0,0,0,7.644054078000067,51.96212656800003
2020,3,17,3,3,1,7,0,1,1,0,0,7.630131084000027,51.97227895600008
2020,3,10,2,3,5,2,0,1,1,0,0,6.949750208000069,50.984700014000055
2020,3,8,2,3,0,1,0,1,0,0,0,6.950443685000039,50.91862415500003
2020,3,21,7,3,8,1,2,1,0,0,0,6.961681962000057,50.914455331000056
2020,3,17,6,3,4,2,0,1,1,0,0,6.981490879000035,50.94991090900004
2020,3,14,6,3,1,3,0,1,1,0,0,6.864809659000059,50.97633499700004
2020,3,14,6,3,0,1,0,1,0,0,0,6.950478105000059,50.91860652200006
2020,3,16,2,3,5,3,0,1,1,0,0,6.915588832000026,50.95180353600006
2020,3,8,5,3,5,3,0,1,1,0,0,7.617631792000054,51.96944407600006
2020,3,17,5,3,4,3,0,1,1,0,0,7.646589187000075,51.971312795000074
2020,3,14,5,3,5,3,0,1,1,0,0,7.851493824000045,51.63696670000007
2020,3,13,3,3,5,3,0,1,1,0,0,7.662955493000027,51.997366413000066
2020,3,12,3,3,5,2,0,1,1,0,0,6.909406059000048,51.01245190100008
2020,4,18,5,2,5,3,0,1,0,0,0,7.620513079000034,51.95760284100004
2020,4,18,3,3,0,6,0,1,1,0,0,6.969384632000072,50.863918830000046
2020,4,8,2,2,4,2,0,1,1,0,0,6.933188664000056,50.913609989000065
2020,4,17,5,3,1,5,0,1,1,0,0,6.959829471000035,50.97477052000005
2020,4,10,5,3,1,5,0,1,1,0,0,6.852824876000057,50.94074119100003
2020,4,16,3,3,1,5,0,1,1,0,0,7.004331013000069,50.93817056900008
2020,4,13,3,2,0,1,0,1,0,0,0,6.883360910000022,50.94304308100004
2020,4,15,1,3,5,2,0,1,1,0,0,7.000644285000021,50.93667434000008
2020,4,20,7,3,4,6,2,1,1,0,0,6.895632061000072,51.01947140400006
2020,4,11,4,2,0,5,0,1,1,0,0,7.626263688000051,51.958119743000054
2020,4,17,3,3,3,6,0,1,1,0,0,7.02544941900004,50.89965431100006
2020,4,16,7,3,0,1,0,1,0,0,0,6.919856632000062,50.913025118000064
2020,4,13,3,3,0,7,0,1,1,0,0,6.958406230000037,50.925285735000045
2020,4,17,4,3,1,5,0,1,0,0,0,6.964423709000073,50.91693833200003
2020,4,13,2,3,0,5,0,1,1,0,0,6.960256861000062,50.91644355300008
2020,4,8,2,3,1,5,0,1,1,0,0,7.00845647500006,50.942009823000035
2020,4,21,3,3,5,2,1,1,1,0,0,6.935439828000028,50.94769656400007
2020,4,15,7,3,8,5,0,1,0,0,0,7.64095642500007,51.90749462600007
2020,4,14,6,3,0,6,0,1,1,0,0,7.620888615000069,51.97211653100004
2020,3,9,3,2,0,1,0,1,0,0,0,7.629560604000062,51.93786859700003
2020,4,16,1,3,0,1,0,1,0,0,0,7.006295793000049,50.94828275700007
2020,4,7,3,3,0,1,0,1,0,0,0,6.852641163000044,50.94433030600004
2020,4,16,7,3,5,3,0,1,1,0,0,7.612634551000042,51.93104989200003
2020,4,14,7,3,5,3,0,1,0,0,0,7.001181850000023,50.841253047000066
2020,4,14,7,3,5,2,0,1,1,0,0,6.934350647000031,50.90642982800006
2020,4,11,7,3,5,3,0,1,1,0,0,7.002013208000051,50.89050485300004
2020,4,10,3,3,4,6,0,1,0,0,0,6.932182401000034,50.95287375200007
2020,4,17,4,2,0,7,0,1,1,0,0,7.612480798000036,51.95757220000007
2020,4,12,2,2,0,1,0,1,0,0,0,6.914528269000073,51.05303737100007
2020,4,18,2,2,8,7,0,1,0,0,0,6.871565568000051,50.94754404100007
2020,4,10,4,3,5,3,0,1,1,0,0,6.943356161000054,50.96885246000005
2020,4,16,6,2,0,1,0,1,0,0,0,6.940744944000073,50.93114260800007
2020,4,16,4,3,5,3,0,1,0,0,0,6.860624911000059,51.061736102000054
2020,4,12,4,3,0,7,0,1,0,0,0,6.93724747400006,50.92912674400003
2020,4,15,3,2,0,1,0,1,0,0,0,6.890910754000061,50.976279445000046
2020,4,15,5,3,5,3,0,1,1,0,0,6.989733948000037,50.90839936800006
2020,4,8,5,2,0,1,0,1,0,0,0,6.897969499000055,51.007309261000046
2020,4,13,5,3,1,3,0,1,1,0,0,6.940981434000037,50.91452675200003
2020,4,19,3,3,0,7,0,1,1,0,0,7.779773611000053,51.670722495000064
2020,4,10,4,3,1,2,0,1,1,0,0,6.959661991000075,50.973229169000035
2020,4,14,4,3,3,6,0,1,1,0,0,6.945681575000037,50.90669591300008
2020,4,18,4,3,0,1,0,1,1,0,0,6.911658646000035,50.91880620900008
2020,4,10,4,3,0,7,0,1,0,1,0,6.907141695000064,50.90616867300008
2020,4,14,6,3,5,5,0,1,0,0,0,6.94449406800004,50.91422273900008
2020,4,18,4,3,1,5,0,1,1,0,0,6.943585442000028,50.92431877700005
2020,4,18,1,3,0,7,0,1,0,0,0,6.907836677000034,50.94606550700007
2020,4,20,7,3,0,1,2,1,0,0,0,6.886392896000075,50.96003311100003
2020,4,13,5,3,5,2,0,1,1,0,0,6.908232178000048,50.92100588200003
2020,4,15,6,3,3,1,0,1,1,0,0,7.008719646000031,50.89186378000005
2020,4,13,7,3,0,1,0,1,0,0,0,7.028940477000049,50.94261319700007
2020,4,15,5,3,5,2,0,1,1,0,0,7.621246038000038,51.986325762000035
2020,4,19,5,3,5,3,0,1,1,0,0,6.887624489000075,50.96927964400004
2020,4,13,7,3,0,1,0,1,0,0,0,6.901285783000049,50.91776825900007
2020,4,16,6,3,3,6,0,1,1,0,0,7.614326419000065,51.93135916600005
2020,4,17,5,3,1,5,0,1,1,0,0,7.02316208700006,50.933715318000054
2020,4,12,7,3,5,3,0,1,0,0,0,7.678063770000051,51.92834082600007
2020,4,12,6,3,5,2,0,1,1,0,0,6.934806937000076,50.906575349000036
2020,4,15,4,2,0,7,0,1,0,0,0,7.690372964000062,51.998390474000075
2020,4,9,1,3,0,1,0,1,0,0,0,6.898435754000047,50.951907283000025
2020,4,16,5,3,0,7,0,1,0,1,0,7.523806119000028,51.92301853300006
2020,4,16,5,3,0,1,0,1,0,0,0,6.95911540000003,50.969269557000075
2020,4,13,5,3,3,6,0,1,0,0,0,6.964999853000052,50.90163356800008
2020,4,10,5,2,5,2,0,1,0,0,0,7.62952387100006,51.96081501300006
2020,4,13,4,3,1,5,0,1,1,0,0,7.814684671000066,51.67808641500005
2020,4,14,3,3,3,6,0,1,1,0,0,6.994140779000077,50.942263283000045
2020,4,12,3,2,5,3,0,1,1,0,0,6.894954443000074,51.01213365900003
2020,4,9,3,3,4,2,0,1,1,0,0,6.840670145000047,50.94705706700006
2020,4,14,5,3,0,6,0,1,1,0,0,7.023149588000024,51.00278133000006
2020,4,9,5,3,5,2,2,1,1,0,0,6.898004164000042,50.94602431700008
2020,4,16,5,2,0,6,0,1,0,0,0,7.034462981000047,50.87310745000008
2020,4,19,4,3,7,5,0,1,1,0,0,7.63173400900007,51.97414396600004
2020,4,7,2,2,5,3,0,1,1,0,0,7.640850680000028,51.90520500500003
2020,4,14,2,3,0,3,0,1,0,0,0,6.86036400100005,50.98473294200005
2020,4,18,4,3,0,3,0,1,1,0,0,6.947745805000068,51.00045268800005
2020,4,14,4,3,1,5,0,1,1,0,0,6.877000492000036,50.94988041100004
2020,4,19,4,3,0,4,0,1,0,1,0,6.928689957000074,50.95013897500007
2020,4,14,4,3,6,4,0,1,0,1,0,6.962544515000047,50.91149288100007
2020,4,16,1,3,0,7,0,1,0,0,0,7.66115882400004,51.89281942700006
2020,4,0,1,3,0,1,2,1,0,0,0,6.957511405000048,50.928587407000066
2020,4,11,3,2,0,1,0,1,0,0,0,7.635218343000076,51.94826148300007
2020,4,15,1,2,0,7,0,1,0,0,0,7.675405046000037,51.93590619300005
2020,4,16,2,3,0,7,0,1,1,0,0,6.943966126000021,50.935224550000044
2020,4,15,3,3,0,7,0,1,1,0,0,6.935078959000066,50.95658080000004
2020,4,13,6,3,5,3,0,1,0,0,0,7.634994969000047,51.95972296900004
2020,4,14,7,2,0,1,0,1,0,0,0,6.954739270000061,50.99588720500003
2020,4,16,1,3,0,1,0,1,0,0,0,7.048815801000046,50.87351324100007
2020,4,16,2,3,5,2,0,1,1,0,0,6.96865493200005,50.90769386800008
2020,4,22,6,2,1,5,2,1,1,0,0,6.961829401000045,50.962283565000064
2020,4,20,6,2,0,1,0,1,0,0,0,6.857789260000061,50.980725333000066
2020,4,21,6,3,0,1,2,1,0,0,0,6.935076214000048,50.92786919900004
2020,4,20,6,2,0,1,0,1,0,0,0,6.938545783000052,50.93286791000003
2020,4,10,6,3,1,5,0,1,1,0,0,6.933122119000075,50.94016660600005
2020,4,13,1,3,5,3,0,1,1,0,0,6.945473532000051,50.903219781000075
2020,4,14,2,3,0,1,0,1,0,0,0,6.896376936000024,50.92644063200004
2020,4,18,2,3,0,1,0,1,0,0,0,6.985776883000028,50.98969861200004
2020,4,19,2,3,0,1,0,1,0,0,0,7.018322256000033,50.86682151200006
2020,4,17,2,3,0,1,0,1,0,0,0,6.940733893000072,50.94687707400004
2020,4,13,3,3,1,5,0,1,1,0,0,6.91772966800005,50.91526057300007
2020,4,16,7,3,0,7,0,1,0,1,0,7.606872228000043,51.87963084000006
2020,4,6,3,3,0,1,0,1,0,0,0,6.994993914000077,50.916912386000035
2020,5,13,1,2,0,1,0,1,0,0,0,6.914515673000039,51.053029596000044
2020,5,13,1,2,5,3,0,1,1,0,0,6.929509737000046,50.94112634600003
2020,5,11,1,3,0,5,0,1,1,0,0,6.868631747000052,50.94985795200006
2020,5,12,2,3,0,5,0,1,1,0,0,6.962028621000059,50.95393432000003
2020,5,17,2,3,0,1,0,1,0,0,0,6.940870629000074,50.91209345200008
2020,5,12,7,2,0,1,0,1,0,0,0,7.003919754000037,50.93025038900004
2020,5,10,7,3,0,1,0,1,0,0,0,6.915678373000048,50.96188750200008
2020,5,19,2,3,5,2,0,1,0,0,0,6.92440268200005,50.91770332700003
2020,5,13,7,3,3,3,0,1,0,0,0,6.940206942000032,50.93830447100004
2020,4,17,4,3,5,3,0,1,1,0,0,7.020954089000043,50.974381968000046
2020,4,10,4,3,5,3,0,1,1,0,0,6.886484787000029,50.96735654100007
2020,4,9,4,3,5,3,0,1,1,0,0,6.962817737000023,50.93251773900005
2020,5,16,6,3,5,3,0,1,0,0,0,6.983079691000057,50.91331062900008
2020,4,17,5,3,7,7,0,1,0,0,0,7.606597883000063,51.98519795300007
2020,4,7,5,3,0,1,0,1,0,0,0,6.843814350000059,50.935474234000026
2020,4,1,5,3,0,1,2,1,0,0,0,6.944497542000022,50.91438120500004
2020,4,16,5,3,4,6,0,1,1,0,0,6.92124917600006,50.90605095700005
2020,5,10,5,3,1,7,0,1,1,0,0,6.907567292000067,50.956409077000046
2020,5,16,7,3,5,2,0,1,1,0,0,7.005214772000045,50.86009912700007
2020,5,11,6,2,0,3,0,1,1,0,0,6.966709778000052,50.91234803200007
2020,5,22,6,3,1,5,2,1,1,0,0,6.917657985000062,50.956097740000075
2020,5,15,5,3,1,1,0,1,1,0,0,6.940981337000039,50.914525946000026
2020,5,14,5,3,5,2,0,1,1,0,0,6.93645377200005,50.934818233000044
2020,5,11,5,3,2,6,0,1,1,0,0,7.648857361000069,51.96431864600004
2020,5,21,4,2,5,3,1,1,0,0,0,7.119573944000024,50.875295238000035
2020,5,19,6,3,0,4,0,1,0,1,0,6.926496770000028,50.95511181200004
2020,5,13,5,3,1,5,0,1,1,0,0,6.924512338000056,50.90963736800006
2020,5,10,4,3,5,2,0,1,0,0,0,7.063672478000058,50.94306469500003
2020,5,17,6,3,5,5,0,1,1,0,0,7.527710685000045,51.91741611000003
2020,5,14,7,3,4,6,0,1,0,0,0,7.022701846000075,50.97360541300003
2020,5,16,4,3,0,1,0,1,0,0,0,6.96895306600004,50.940406350000046
2020,5,19,6,3,0,7,0,1,0,0,0,6.880112772000075,50.94027926800004
2020,5,18,5,3,4,6,0,1,0,0,0,7.093568245000029,50.84571538500006
2020,5,17,4,3,8,1,0,1,0,0,0,7.035172060000036,50.98409809100008
2020,5,17,6,3,3,6,0,1,0,0,0,6.940565751000065,50.920569915000044
2020,5,9,3,3,5,3,0,1,1,0,0,7.60176963300006,51.96671292700006
2020,5,18,5,3,5,2,0,1,1,0,0,6.926756251000029,50.94266288500006
2020,5,18,4,3,5,3,0,1,1,0,0,6.902359573000069,51.01729064600005
2020,5,17,5,2,0,1,0,1,0,0,0,6.940163755000071,50.92321540200004
2020,5,15,6,3,1,5,0,1,1,0,0,7.641717019000055,51.996191588000045
2020,5,13,7,3,5,3,0,1,1,0,0,6.904178789000071,50.91944872200003
2020,5,14,5,3,5,3,0,1,1,0,0,7.686165804000041,51.91477027600007
2020,5,18,5,3,1,5,0,1,1,0,0,7.046104611000033,50.946729495000056
2020,5,16,4,3,0,3,0,1,0,0,1,6.959516898000061,50.97186117800004
2020,5,16,4,3,5,3,0,1,1,0,0,6.926265920000049,50.90675170900005
2020,5,12,5,3,5,2,0,1,1,0,0,6.945542716000034,50.910381217000065
2020,5,18,3,3,4,2,0,1,1,0,0,6.994432513000049,50.93546506500007
2020,5,11,3,3,0,1,0,1,1,0,0,7.005081523000058,50.95105113000005
2020,5,18,3,3,0,1,0,1,0,0,0,6.996199739000076,50.949189630000035
2020,5,19,3,3,0,2,0,1,1,0,0,6.956823483000051,50.97417580600006
2020,5,12,3,3,0,1,0,1,0,0,0,6.934934677000058,50.91559771200008
2020,5,15,3,2,0,1,0,1,0,0,0,6.934970814000053,50.92780869300003
2020,5,15,3,3,0,7,0,1,0,1,0,6.940775035000058,50.934075945000075
2020,5,11,3,3,5,5,0,1,1,0,0,6.955094896000048,50.93899611100005
2020,5,7,5,2,0,1,0,1,0,0,0,6.980231599000035,51.004103404000034
2020,5,10,6,3,5,3,0,1,1,0,0,6.851736860000074,50.94546495600008
2020,5,11,5,3,0,1,0,1,0,0,0,6.935058896000044,50.91984338600008
2020,5,7,6,3,5,2,0,1,1,0,0,7.661606160000076,51.93563659300003
2020,5,20,4,3,5,3,0,1,0,0,0,6.941028326000037,50.94529665400006
2020,5,22,4,3,5,3,2,1,1,0,0,7.765543309000066,51.69529338800004
2020,5,17,3,3,5,3,0,1,1,0,0,7.090929348000032,50.86297878500005
2020,5,10,3,2,3,6,0,1,1,0,0,6.910721159000048,50.95751322600006
2020,5,10,3,3,1,5,0,1,1,0,0,6.954475027000058,50.94161942100004
2020,5,19,5,3,0,1,0,1,0,0,0,6.927426901000047,50.95376221400005
2020,5,8,5,3,0,5,0,1,1,0,0,7.032972700000073,50.87394453400003
2020,5,13,5,3,0,7,0,1,1,0,0,6.917995498000039,50.92863773900007
2020,5,12,5,3,5,3,0,1,1,0,0,7.825306831000034,51.68303285700006
2020,5,15,2,2,1,5,0,1,1,0,0,6.969015433000038,50.97178216400005
2020,5,13,2,3,0,7,0,1,1,0,0,6.951910008000027,50.95210156400003
2020,5,12,2,3,1,6,0,1,1,0,0,6.930117594000024,50.91472609900006
2020,5,8,4,3,0,2,0,1,1,0,0,7.548193821000041,51.994191124000054
2020,5,8,1,3,1,5,0,1,1,0,0,7.657797640000069,51.96335975400007
2020,5,17,4,3,3,6,0,1,0,0,0,7.022140790000037,50.902715767000075
2020,5,9,4,3,5,2,0,1,1,0,0,6.968982047000054,50.968660603000046
2020,5,18,4,2,0,1,0,1,0,0,0,6.877326322000045,50.931918463000045
2020,5,11,2,3,1,5,0,1,1,0,0,6.952699215000052,50.96263186900006
2020,5,9,3,3,0,1,0,1,0,0,0,6.935059640000077,50.927859684000055
2020,5,13,7,3,0,1,0,1,0,0,0,6.927557869000054,50.89576312600008
2020,5,16,2,2,3,3,0,1,0,0,0,7.626443141000038,51.95781211100007
2020,5,14,7,3,0,5,0,1,1,0,0,6.939163869000026,50.93004353900005
2020,5,14,6,3,5,3,0,1,0,0,0,7.630558198000074,51.95788919800003
2020,5,7,2,3,5,2,0,1,1,0,0,6.997701093000046,50.887745764000044
2020,5,17,3,3,0,7,0,1,0,1,0,6.968824239000071,50.92047033400007
2020,5,12,6,3,0,7,0,1,1,0,0,7.049892234000026,50.95300145400006
2020,5,13,6,3,5,3,0,1,1,0,0,7.036002384000028,50.99034566700004
2020,5,12,1,2,5,3,0,1,1,0,0,7.85012690700006,51.636396224000066
2020,5,17,2,3,1,3,0,1,1,0,0,6.960529355000062,50.94360917400007
2020,5,13,3,3,0,5,0,1,0,0,0,6.848364874000026,51.049105291000046
2020,5,10,6,3,0,2,0,1,1,0,0,6.919320533000075,50.97991576600003
2020,5,13,6,2,4,6,0,1,1,0,0,6.950322988000039,50.94718435100003
2020,5,12,6,2,5,2,0,1,1,0,0,6.947278425000036,50.93023926700005
2020,5,7,3,3,0,7,0,1,1,0,0,6.942175522000071,50.93499019400008
2020,5,14,2,3,5,3,0,1,1,0,0,7.669705513000054,51.92896857000005
2020,5,11,2,3,0,1,0,1,0,0,0,6.965824336000026,50.89862637700003
2020,5,9,3,2,5,2,0,1,0,0,0,6.969145990000072,50.91850305100007
2020,5,7,2,3,3,2,0,1,1,0,0,7.651036013000066,51.95112735500004
2020,5,18,2,3,5,6,0,1,1,0,0,6.923390489000042,50.91821260900008
2020,5,17,3,3,1,3,0,1,1,0,0,6.956579753000028,50.95025180300007
2020,5,13,1,2,0,1,0,1,0,0,0,6.994536481000068,50.89316431800006
2020,5,9,4,3,5,2,0,1,0,0,0,6.944190837000065,50.983012177000035
2020,5,17,7,3,5,3,0,1,1,0,0,6.860983440000041,50.98426813000003
2020,5,20,4,3,0,1,0,1,1,0,0,6.919852523000031,50.91302071000007
2020,5,15,6,3,5,3,0,1,1,0,0,6.874699040000053,51.004109577000065
2020,5,17,6,3,5,3,0,1,0,0,0,6.929235935000065,50.90788233100005
2020,5,13,7,3,1,7,0,1,1,0,0,7.620937815000048,51.95152609500008
2020,5,12,1,3,5,3,0,1,1,0,0,7.636189358000024,51.91337693400004
2020,5,19,1,3,1,3,0,1,1,0,0,6.940816246000054,50.95869964700006
2020,5,15,1,3,1,5,0,1,1,0,0,6.926364253000031,50.924875487000065
2020,5,18,5,2,0,1,0,1,0,0,0,7.029894658000046,50.85910653600007
2020,5,12,5,3,3,6,0,1,1,0,0,7.049732888000051,50.86850415100008
2020,5,14,5,3,5,3,0,1,1,0,0,6.972408639000037,50.961553912000056
2020,5,19,5,3,5,3,0,1,1,0,0,6.928668182000024,50.94149823500004
2020,5,19,5,3,5,3,0,1,1,0,0,6.937730773000055,50.94669624100004
2020,5,12,5,3,0,7,0,1,0,0,0,6.94591385800004,50.972165577000055
2020,5,13,3,3,0,6,0,1,1,0,0,7.619586147000064,51.979388663000066
2020,5,14,3,3,5,7,0,1,0,0,1,7.710667602000058,51.99690588000004
2020,5,17,3,3,0,2,0,1,1,0,0,7.632681741000056,51.955735435000065
2020,5,14,4,3,0,7,0,1,0,1,0,7.634892814000068,51.956061756000054
2020,5,10,5,3,0,1,0,1,0,0,0,6.909351703000027,50.90506695700003
2020,5,12,4,3,5,2,0,1,1,0,0,7.039294021000046,50.97169978100004
2020,5,12,4,3,0,7,0,1,0,0,0,6.897936754000057,50.946403873000065
2020,5,17,3,3,0,1,0,1,0,0,0,6.888687823000055,51.00694482100005
2020,5,18,5,3,2,7,0,1,1,0,0,6.946218982000062,50.92775075600008
2020,5,13,2,3,5,3,0,1,1,0,0,7.608176818000061,51.973933524000074
2020,5,11,3,2,5,2,0,1,0,0,0,6.922162827000022,50.973079072000075
2020,5,11,2,3,3,6,0,1,1,0,0,7.599874948000036,51.95908257800005
2020,5,19,4,3,3,6,0,1,1,0,0,6.934614252000074,50.937207528000044
2020,5,16,3,3,5,3,0,1,1,0,0,6.952947542000061,50.913653381000074
2020,5,15,3,3,1,7,0,1,1,0,0,6.918426466000028,50.92311916700004
2020,5,15,5,3,6,6,0,1,0,1,0,6.971375740000042,50.904889765000064
2020,5,11,4,3,3,6,0,1,1,0,0,7.07260049000007,50.97668173800008
2020,5,9,3,3,1,5,0,1,1,0,0,6.947801447000074,50.940317777000075
2020,5,16,4,3,5,3,0,1,1,0,0,6.916079298000057,50.96856366600008
2020,5,13,3,3,1,5,0,1,0,0,0,6.976721718000022,50.969116952000036
2020,5,15,2,3,0,7,0,1,0,0,0,7.065523486000075,50.88219348200005
2020,5,13,2,3,4,5,0,1,1,0,0,6.999294614000064,50.93610879200003
2020,5,15,2,3,5,2,0,1,1,0,0,6.976116608000041,50.967185046000054
2020,5,11,4,2,0,1,0,1,0,0,0,6.925569060000044,50.923591771000076
2020,5,7,4,3,3,6,0,1,0,0,0,6.935527811000043,50.96902868400008
2020,5,7,5,2,5,2,0,1,0,0,0,7.011604056000067,50.86594385300003
2020,5,19,4,3,5,3,0,1,1,0,0,7.047639416000038,50.98001887100003
2020,5,16,4,3,5,2,0,1,1,0,0,6.933425107000062,50.99402747200003
2020,5,9,3,3,5,3,0,1,1,0,0,6.927349864000064,50.974047100000064