UJAHR,UMONAT,USTUNDE,UWOCHENTAG,UKATEGORIE,UART,UTYP1,ULICHTVERH,IstRad,IstPKW,IstFuss,IstKrad,XGCSWGS84,YGCSWGS84
2020,5,11,7,3,0,6,0,1,0,0,0,7.615846972000043,51.957675222000034
2020,5,18,7,3,0,1,0,1,0,0,0,6.998889680000048,50.92251861700004
2020,5,0,7,3,1,5,2,1,1,0,0,6.952308833000075,50.94996952000008
2020,5,17,5,3,5,2,0,1,1,0,0,7.609295252000038,51.940845747000026
2020,5,17,5,3,0,1,0,1,1,0,0,7.619694843000048,51.939419635000036
2020,5,2,1,3,3,6,2,1,0,0,0,7.588335338000036,51.97051605100006
2020,5,11,1,3,0,1,0,1,0,0,0,6.978137698000069,50.906272398000056
2020,5,20,1,3,6,6,1,1,0,1,0,6.941538034000075,50.93830998300007
2020,5,0,1,3,0,1,2,1,0,0,0,6.933745008000074,50.93820643600003
2020,5,18,6,3,1,5,0,1,1,0,0,6.975664212000027,50.93683580900006
2020,5,9,6,3,5,3,0,1,1,0,0,6.927803795000045,50.94200022600006
2020,5,11,6,3,0,7,0,1,0,0,0,6.914047921000076,50.907827430000054
2020,5,11,6,3,0,7,0,1,0,0,0,6.920060574000047,50.913243848000036
2020,5,11,6,3,0,7,0,1,0,0,0,6.919644161000065,50.912797236000074
2020,5,14,5,3,1,5,0,1,1,0,0,6.95062927400005,50.96606910500003
2020,5,16,5,3,0,1,0,1,0,0,0,6.955533163000041,50.99595136500005
2020,6,8,4,2,5,2,0,1,1,0,0,6.903318845000058,50.991994635000026
2020,6,16,3,3,5,2,0,1,1,0,0,7.001338135000026,50.933082041000034
2020,6,16,4,2,0,6,0,1,0,0,0,7.027752987000042,50.90431020300008
2020,6,16,3,3,0,5,0,1,1,0,0,6.932530676000056,50.93930701600004
2020,6,18,5,3,5,3,1,1,1,0,0,6.976130850000061,50.967189002000055
2020,6,13,5,3,0,3,0,1,1,0,0,7.531758584000045,51.95667920400007
2020,6,13,4,3,0,1,0,1,0,0,0,6.996477516000027,50.94915288900006
2020,6,19,4,3,0,1,0,1,0,0,0,6.926523442000075,50.91632960000004
2020,6,21,5,3,5,3,1,1,1,0,0,6.945389373000069,50.92778588600004
2020,6,11,2,3,5,2,0,1,1,0,0,7.598845544000028,51.99207413600004
2020,6,14,3,3,1,7,0,1,1,0,0,7.00540505500004,50.88481236000007
2020,6,14,5,3,5,2,0,1,0,0,0,7.01345677300003,50.93975863700007
2020,6,18,5,3,0,3,0,1,1,0,0,7.670684402000063,51.92208455100007
2020,6,17,3,3,5,3,0,1,1,0,0,7.005615882000029,50.96440690000003
2020,6,7,4,3,5,3,0,1,0,0,0,6.974521485000025,50.923721830000034
2020,6,19,2,3,0,7,0,1,0,0,0,6.990035530000057,50.96575037300005
2020,6,20,2,2,5,3,0,1,1,0,0,6.899491153000042,50.96898400900005
2020,6,12,3,3,6,4,0,1,0,1,0,6.944410451000067,50.93978889600004
2020,6,14,5,3,6,4,0,1,0,1,0,6.948948951000034,50.963292728000056
2020,6,9,2,3,0,1,0,1,0,0,0,6.93309563400004,50.92305745500005
2020,6,13,2,3,0,1,0,1,0,0,0,6.951667928000063,50.92209732200007
2020,6,19,5,3,1,1,0,1,1,0,0,6.91931868000006,50.92139175700004
2020,6,9,3,3,5,2,0,1,1,0,0,6.900648591000049,50.93583312800007
2020,6,18,1,3,1,1,0,1,1,0,0,7.627141520000066,51.94741305700006
2020,6,14,1,2,0,1,0,1,0,0,0,7.669828719000066,51.95473460000005
2020,6,21,1,3,5,2,0,1,0,0,0,7.010145238000064,50.98033458000003
2020,6,17,1,3,5,3,0,1,1,0,0,6.85198770300002,51.05021572100003
2020,6,16,1,2,0,1,0,1,0,0,0,6.865229562000025,50.91593247800006
2020,6,3,1,3,0,1,2,1,0,0,0,6.940954738000073,50.91430069000006
2020,6,15,2,2,1,1,0,1,1,0,0,7.622525907000068,51.97623910400006
2020,6,13,7,3,0,1,0,1,0,0,0,7.623355014000026,51.96691769500006
2020,6,19,7,3,1,6,0,1,1,0,0,7.69201298400003,51.92338514100004
2020,6,19,3,2,4,6,0,1,0,0,0,6.954719693000072,50.901453556000035
2020,6,16,7,3,0,3,0,1,1,0,0,6.925243221000073,50.95318657800004
2020,6,8,3,3,0,5,0,1,1,0,0,6.943271494000044,50.938425865000056
2020,6,10,2,3,5,3,0,1,1,0,0,6.91067791100005,50.98615842400005
2020,6,18,2,3,3,6,0,1,0,0,0,6.910349801000052,50.963683692000075
2020,6,16,3,3,1,7,0,1,1,0,0,6.938715050000042,50.94449967800006
2020,6,15,2,3,5,3,0,1,1,0,0,6.951652532000026,50.92212392700003
2020,6,15,6,3,0,7,0,1,1,0,0,7.000590077000027,50.96620085600006
2020,6,15,6,3,0,1,0,1,0,0,0,6.91960630400007,50.92149250700004
2020,6,11,6,3,0,1,0,1,0,0,0,6.919944343000054,50.91311918900004
2020,6,10,6,2,0,1,0,1,0,0,0,6.937843265000026,50.92475341700003
2020,6,22,6,3,0,1,2,1,0,0,0,6.964372351000066,50.91697657800006
2020,6,13,3,3,0,7,0,1,0,0,0,6.930398212000057,50.97937649000005
2020,6,8,4,3,0,2,0,1,1,0,0,7.625456706000023,51.90367399400003
2020,6,7,4,3,0,1,0,1,0,0,0,7.640785523000034,51.97056086600003
2020,6,12,7,3,3,5,0,1,1,0,0,7.820220326000026,51.67633107000006
2020,6,9,4,3,5,3,0,1,1,0,0,6.950163681000049,50.96316932500008
2020,6,16,6,3,4,7,0,1,1,0,0,6.988387639000052,50.92090630800004
2020,6,9,4,3,0,1,0,1,0,0,0,6.964457468000035,50.904031786000075
2020,6,20,6,3,3,6,0,1,0,0,0,6.937424314000054,50.936515031000056
2020,6,23,4,3,0,1,2,1,0,0,0,6.956801944000063,50.95182697100006
2020,6,14,4,2,0,3,0,1,1,0,0,6.917202251000049,50.92704777200004
2020,6,0,5,2,0,1,2,1,0,0,0,7.024242432000051,50.874022886000034
2020,6,19,6,2,0,7,0,1,0,0,0,6.997717105000049,50.89937758900004
2020,6,16,6,3,5,3,0,1,1,0,0,7.818854609000027,51.68221763400004
2020,6,12,6,3,5,3,0,1,0,0,0,6.902775353000038,50.94574576200006
2020,6,14,6,3,5,3,0,1,1,0,0,6.91445748700005,50.92766231300004
2020,6,9,7,3,0,1,0,1,0,0,0,6.866043732000037,50.93215283100005
2020,6,22,5,3,8,1,1,1,0,0,0,6.994051648000038,50.90595440100003
2020,6,14,6,3,0,2,0,1,1,0,0,7.631543944000043,51.957377561000044
2020,6,14,7,2,0,1,0,1,0,0,0,6.906014611000046,50.90688763700007
2020,6,12,7,3,9,1,0,1,1,0,0,7.604475339000032,51.99711134100005
2020,6,20,6,3,4,6,0,1,1,0,0,6.972180515000048,50.90346625700005
2020,6,19,6,3,0,4,0,1,0,1,0,7.634004448000042,51.95687958600007
2020,6,16,5,2,8,6,0,1,1,0,0,7.007401607000077,50.88780466900005
2020,6,16,3,3,5,7,0,1,1,0,0,7.643988612000044,51.99681284700006
2020,6,8,3,3,0,2,0,1,1,0,0,7.093741075000025,50.863180656000054
2020,6,16,3,3,6,4,0,1,0,1,0,7.001449643000058,50.94309354000006
2020,6,2,3,2,0,1,2,1,0,0,0,6.916192447000071,50.92287633800004
2020,6,8,3,3,5,3,0,1,1,0,0,6.889638957000045,50.94426777100006
2020,6,9,4,3,0,3,0,1,0,0,0,7.614079333000063,51.94342887700003
2020,6,16,3,3,0,3,0,1,0,0,0,6.960766314000068,50.98294298400003
2020,6,18,3,3,8,1,0,1,0,0,0,6.962384750000069,50.91437727400006
2020,6,20,3,3,3,6,1,1,1,0,0,6.939022383000065,50.94474730300004
2020,6,19,3,3,5,3,0,1,1,0,0,6.942869829000074,50.94454749800008
2020,6,14,4,3,0,3,0,1,1,0,0,7.646317468000063,51.956295598000054
2020,6,8,4,3,8,7,0,1,0,0,0,7.582073835000074,51.96034130700008
2020,6,13,1,3,5,3,0,1,0,0,0,7.650570879000043,51.96486764400004
2020,6,14,1,3,6,7,0,1,0,1,0,7.031891199000029,50.98855508100007
2020,6,15,4,3,5,3,0,1,0,0,0,7.069161512000051,50.83839781900008
2020,6,17,2,3,4,3,0,1,1,0,0,7.609865833000072,51.972835892000035
2020,6,16,1,3,0,7,0,1,0,0,0,6.919286652000039,50.95819007400007
2020,6,10,1,3,3,2,0,1,1,0,0,6.904292339000051,50.94199861800007
2020,6,12,1,3,5,3,0,1,0,0,0,6.923573806000036,50.92188538600004
2020,6,13,2,3,0,7,0,1,0,0,0,6.998487665000027,50.93348010700004
2020,6,11,2,2,5,3,0,1,1,0,0,7.068666825000037,50.98093172000006
2020,6,18,2,3,6,7,0,1,0,1,0,6.906341230000066,50.94544833900005
2020,6,15,2,3,2,6,0,1,0,0,0,6.900412705000065,50.95413264200005
2020,6,12,2,3,0,7,0,1,0,1,0,6.902267695000035,50.95573875000008
2020,6,19,2,3,4,6,0,1,0,0,0,7.006307317000051,50.86803350300005
2020,6,11,2,3,2,6,0,1,0,0,0,6.92085873000002,50.90634358600005
2020,6,18,2,3,8,1,0,1,1,0,0,6.941490385000066,50.91109488500007
2020,6,20,2,3,1,5,1,1,0,0,0,6.956245290000027,50.933563958000036
2020,6,19,4,3,5,2,0,1,1,0,0,7.001494320000063,50.942411305000064
2020,6,17,6,3,2,6,0,1,1,0,0,7.759445369000048,51.69750266600005
2020,6,8,6,3,0,2,0,1,0,0,0,7.579786150000075,51.967416256000035
2020,6,17,7,3,4,6,0,1,1,0,0,6.894814350000047,50.96493169900003
2020,6,16,1,3,5,3,0,1,1,0,0,7.613649925000061,51.91722369000007
2020,6,6,6,3,0,1,0,1,0,0,0,6.888396992000025,51.02034777500006
2020,6,0,1,2,0,1,2,1,0,0,0,6.973388862000036,50.93987029300007
2020,6,15,6,3,0,5,0,1,1,0,0,7.646162052000022,51.97451450600005
2020,6,14,6,3,1,5,0,1,1,0,0,6.959114815000021,50.96926511300006
2020,6,18,5,2,4,6,0,1,1,0,0,7.034149826000032,50.89645611100008
2020,6,14,5,3,0,6,0,1,0,0,0,6.990160686000024,50.965902809000056
2020,6,21,5,3,0,1,0,1,0,0,0,6.920658113000059,50.95361481600003
2020,6,16,1,3,3,6,0,1,1,0,0,6.992281594000076,50.939055988000064
2020,6,9,5,3,2,6,0,1,1,0,0,6.960634349000031,50.917575645000056
2020,6,22,6,3,5,2,1,1,1,0,0,6.945836200000031,50.94649926100004
2020,6,17,1,3,0,1,0,1,0,0,0,6.959409893000043,50.933599283000035
2020,6,19,6,3,5,3,0,1,0,0,0,6.905973448000054,51.011784695000074
2020,6,15,4,3,5,3,0,1,0,0,0,6.964959179000061,50.96677874000005
2020,6,8,4,3,2,2,0,1,1,0,0,6.918457618000048,50.92797884400005
2020,6,11,4,3,1,5,0,1,1,0,0,6.945249892000049,50.92486724500003
2020,6,15,2,3,0,7,0,1,0,0,0,6.977045780000026,50.93848431300006
2020,6,15,2,3,5,3,0,1,0,0,1,6.974428800000055,50.93682990800005
2020,6,15,2,3,4,6,0,1,1,0,0,7.005439621000051,50.96704315200003
2020,6,18,2,3,0,4,0,1,1,1,0,6.922796940000069,50.91855283500007
2020,6,13,3,3,3,6,0,1,0,0,0,7.72973604200007,51.92700441200003
2020,6,19,3,3,3,2,0,1,0,0,0,7.63001193100007,51.96788620400008
2020,6,9,3,3,4,2,0,1,1,0,0,7.601066657000047,51.99578100800005
2020,6,22,3,3,5,3,2,1,1,0,0,7.599820235000038,51.997016235000046
2020,6,11,3,3,1,5,0,1,1,0,0,7.00857701700005,50.85201404900005
2020,6,0,3,2,0,1,2,1,0,0,0,6.83686524500007,50.93601922700003
2020,6,18,3,2,6,4,0,1,0,1,0,6.917870391000065,50.95467329200005
2020,6,10,6,3,1,5,0,1,1,0,0,6.94146022700005,50.91119635300004
2020,6,12,5,3,5,2,0,1,0,0,0,7.626553460000025,51.95653760700003
2020,6,10,6,3,5,2,0,1,1,0,0,6.914692453000043,50.94846251900003
2020,6,19,6,3,3,6,1,1,1,0,0,6.95988559400007,50.92014403300004
2020,6,19,1,3,6,4,0,1,0,1,0,6.963274424000076,50.91786167200007
2020,6,10,6,3,5,3,0,1,0,0,0,7.804537258000039,51.68520753800004
2020,6,22,5,3,8,1,2,1,0,0,0,7.054164520000029,50.88518769800004
2020,6,8,6,3,5,3,0,1,0,0,0,6.94088468800004,50.92104086200004
2020,6,10,5,3,5,2,0,1,1,0,0,6.833306121000021,50.93691653500008
2020,6,16,7,3,1,5,0,1,1,0,0,7.645190571000057,51.96551694300007
2020,6,17,6,3,3,6,0,1,1,0,0,7.073014169000032,50.97628860800006
2020,6,8,5,3,0,1,0,1,0,0,0,6.941135888000076,50.91173661200003
2020,6,17,5,3,1,5,0,1,1,0,0,6.957199708000076,50.942618792000076
2020,6,7,6,3,4,2,0,1,1,0,0,6.854016563000073,50.97603755100005
2020,6,22,7,3,0,1,1,1,0,0,0,6.989974766000046,50.892331701000046
2020,6,16,6,3,5,2,0,1,0,1,0,6.934643292000033,50.92769577400003
2020,6,17,1,3,3,6,0,1,0,0,0,7.617805866000026,51.967765659000065
2020,6,15,6,3,1,3,0,1,1,0,0,7.636226512000064,51.91336337000007
2020,6,10,1,3,0,1,0,1,0,0,0,6.920511496000074,50.92182881400004
2020,6,12,6,3,8,5,0,1,1,0,0,7.006958963000045,50.891980775000036
2020,6,16,6,2,3,6,0,1,0,0,0,6.91247624600004,50.98414701000007
2020,6,11,6,2,0,1,0,1,0,0,0,6.941808713000057,50.931758185000035
2020,6,17,7,3,5,2,0,1,1,0,0,7.636374322000052,51.972489705000044
2020,6,0,6,2,0,1,2,1,0,0,0,6.900662588000046,50.93552947100005
2020,6,12,7,3,1,6,0,1,1,1,0,6.999999223000032,50.96475359400006
2020,6,18,6,3,5,3,0,1,1,0,0,7.632280706000074,51.92966153500004
2020,7,13,5,3,0,3,0,1,0,0,0,7.011839952000059,50.957856450000065
2020,7,17,5,3,0,1,0,1,0,0,0,6.92437822100004,50.94404083900008
2020,7,8,5,3,5,3,0,1,1,0,0,6.955581705000043,50.863476681000066
2020,7,17,4,3,0,1,0,1,0,0,0,7.587202785000045,51.959763002000045
2020,7,6,4,3,0,1,0,1,0,0,0,6.856103929000028,51.05864956100004
2020,7,8,5,3,5,3,0,1,1,0,0,7.613347004000048,51.99337756300008
2020,7,11,4,2,2,6,0,1,0,0,0,6.835240446000057,50.96409881000005
2020,7,9,4,2,0,1,0,1,0,0,0,6.94152179300005,50.907315149000055
2020,7,17,4,3,1,7,0,1,1,0,0,6.938382042000058,50.94685937200006
2020,7,14,4,3,5,3,0,1,1,0,0,6.941276264000067,50.934861212000044
2020,6,14,2,3,5,3,0,1,1,0,0,7.642608443000029,51.93708686700006
2020,6,12,3,3,3,2,0,1,0,0,0,7.61236234200004,51.97413361500003
2020,6,7,3,3,3,3,0,1,1,0,0,7.637519220000058,51.96377613400006
2020,6,18,3,3,0,3,0,1,1,0,0,6.944393483000056,50.95930890200003
2020,6,11,3,1,3,2,0,1,0,0,0,6.942190500000038,50.96913060800006
2020,6,13,2,3,4,6,0,1,0,0,0,6.990163923000068,50.965908256000034
2020,6,8,3,3,5,3,0,1,1,0,0,6.832370197000046,50.94391832300005
2020,6,15,2,3,4,3,0,1,1,0,0,6.909688340000059,50.93139246000004
2020,6,20,3,3,0,1,0,1,0,0,0,6.938073650000035,50.957711378000056
2020,6,11,3,3,5,3,0,1,1,0,0,7.010012928000037,50.86716216800005
2020,6,12,3,3,0,1,0,1,0,0,0,6.941257324000048,50.91157139900008
2020,6,17,3,3,0,1,0,1,0,0,0,6.932773969000039,50.943227215000036
2020,6,8,3,3,0,1,0,1,0,0,0,6.935543510000059,50.92813748200007
2020,7,13,5,3,6,4,0,1,0,1,0,7.643574671000067,51.96061455200004
2020,7,13,7,3,5,2,0,1,1,0,0,6.896207996000044,51.02568962000004
2020,7,16,3,2,5,3,0,1,1,0,0,6.988143024000067,50.96967284200008
2020,7,18,2,3,5,3,0,1,1,0,0,6.995031905000076,50.930648277000046
2020,7,14,4,3,5,3,0,1,1,0,0,7.817759443000057,51.67639008100008
2020,7,7,3,2,5,3,0,1,0,0,0,6.880725135000034,50.95562763300006
2020,7,15,6,3,1,5,0,1,1,0,0,6.968625601000042,50.96531797100005
2020,7,8,2,3,2,6,0,1,1,0,0,6.942168890000062,50.96920349100003
2020,7,12,6,3,5,3,0,1,1,0,0,6.953093611000043,50.953697928000054
2020,7,18,2,3,5,2,0,1,1,0,0,6.90735320500005,50.92159534100006
2020,7,19,6,3,0,3,0,1,1,0,0,6.915196478000041,50.95117887400005
2020,7,11,3,3,6,4,0,1,0,1,0,7.62212875900002,51.98106493000006
2020,7,1,7,3,8,1,2,1,1,0,0,6.919170990000055,50.912283939000076
2020,7,15,3,3,0,1,0,1,0,0,0,6.959726336000074,50.94136391500007
2020,7,17,3,3,5,5,0,1,1,0,0,6.905010522000055,51.04509607400007
2020,7,15,6,3,0,3,0,1,1,0,0,7.65646358500004,51.941474620000065
2020,7,9,3,3,0,1,0,1,0,0,0,7.005353651000064,50.86367288800005
2020,7,15,7,3,6,4,0,1,0,1,0,7.057223334000071,50.88376985200006
2020,7,21,1,3,6,7,0,1,0,1,0,6.970521538000071,50.944950584000026
2020,7,9,7,3,0,7,0,1,0,0,0,6.947764879000033,50.943526957000074
2020,7,13,1,3,0,1,0,1,1,0,0,6.919484110000042,50.954049643000076
2020,7,15,5,3,0,1,0,1,0,0,0,6.96193691600007,50.872083350000025
2020,7,18,5,3,0,7,0,1,0,0,0,6.916946946000053,50.922361171000034
2020,7,14,5,3,0,2,0,1,1,0,0,6.918970044000048,50.91205021800005
2020,7,12,5,3,0,1,0,1,0,0,0,6.940449360000059,50.93096717200007
2020,7,13,5,3,6,4,0,1,0,1,0,6.945070067000074,50.93806155600004
2020,7,11,5,3,0,5,0,1,1,0,0,6.955973537000034,50.94450055600004
2020,7,14,1,3,3,5,0,1,1,0,0,6.919880379000063,50.911580720000075
2020,7,16,1,3,5,3,0,1,1,0,0,6.971173023000063,50.95737087800006
2020,7,4,7,2,0,1,2,1,0,0,0,6.960248628000045,50.91851992100004
2020,7,14,2,3,4,6,0,1,1,0,0,6.857877122000048,50.94594650400006
2020,7,7,6,3,5,3,0,1,1,0,0,7.641449301000023,51.961752732000036
2020,7,14,5,3,5,3,0,1,0,0,0,7.633570847000044,51.96020201700003
2020,7,8,6,3,5,3,0,1,1,0,0,7.083604059000038,50.94480835500008
2020,7,0,1,2,0,1,2,1,0,0,0,7.637066932000039,51.96313498000006
2020,7,14,7,3,3,6,0,1,0,0,0,6.976825349000023,50.92034844500006
2020,7,12,1,3,0,7,0,1,0,0,0,6.930721654000024,50.94933687300005
2020,7,13,4,3,0,1,0,1,0,0,0,7.01893162500005,50.96584655100003
2020,7,19,2,3,5,2,0,1,1,0,0,7.037324682000076,50.93259384400005
2020,7,0,4,2,5,3,2,1,0,0,1,6.907538179000028,50.96100731000007
2020,7,18,1,3,1,5,0,1,1,0,0,6.907835544000022,50.94605201500008
2020,7,10,4,2,5,7,0,1,1,0,0,6.935979131000067,50.91939292200004
2020,7,10,5,3,1,5,0,1,1,0,0,7.075062779000064,50.97222265500005
2020,7,7,3,3,0,1,0,1,0,0,0,6.92061758400007,50.95801317400003
2020,7,23,6,2,0,1,2,1,0,0,0,6.92283373600003,50.919042610000076
2020,7,12,3,3,3,6,0,1,1,0,0,7.78444679100005,51.64145802100006
2020,7,12,4,3,1,1,0,1,1,0,0,6.897536242000058,51.02094396200005
2020,7,16,5,3,5,3,0,1,0,0,0,7.630579289000025,51.95787843100004
2020,7,17,3,3,5,2,0,1,0,0,1,6.978244778000033,50.91851527800003
2020,7,8,4,3,5,3,0,1,0,0,0,6.937820849000048,50.95761804800003
2020,7,22,6,3,0,1,2,1,1,0,0,7.615169726000033,51.97034153200008
2020,7,23,4,3,1,1,2,1,1,0,0,6.940728408000041,50.93913205800004
2020,7,12,4,3,1,5,0,1,1,0,0,6.940712920000067,50.93480632600006
2020,7,15,4,3,0,4,0,1,0,1,0,6.952736152000057,50.939054990000045
2020,7,12,6,3,0,3,0,1,1,0,0,6.939871833000041,50.97442112500005
2020,7,4,3,3,0,1,2,1,0,0,0,7.640232524000055,51.97456542100008
2020,7,9,5,3,5,3,0,1,1,0,0,6.96828486000004,50.912097499000026
2020,7,10,6,3,0,7,0,1,0,0,0,6.986352046000036,50.93375051800007
2020,7,0,6,3,1,1,2,1,1,0,0,6.925440855000034,50.92259265700005
2020,7,16,4,3,7,1,0,1,1,0,0,7.760794297000075,51.705365767000046
2020,7,17,4,3,5,2,0,1,1,0,0,7.645717796000042,51.95550610300006
2020,7,15,4,3,0,1,0,1,0,0,0,7.031169266000063,50.92265032300003
2020,7,13,3,3,5,3,0,1,0,0,0,6.882721468000057,50.95735142800004
2020,7,17,1,3,0,1,0,1,0,0,0,7.068914687000074,50.973290629000076
2020,7,22,4,3,1,5,2,1,1,0,0,7.010410971000056,50.96481370600003
2020,7,17,2,3,5,6,0,1,0,0,0,6.925642097000036,50.930836086000056
2020,7,12,1,3,0,2,0,1,0,0,0,7.658996882000054,51.95868767400003
2020,7,0,3,3,5,2,0,1,0,0,0,7.011335849000034,50.87975276100008
2020,7,2,1,3,6,6,2,1,0,1,0,6.959289289000026,50.93882248500006
2020,7,1,7,2,1,5,2,1,1,0,0,6.975074612000071,50.93891719900006
2020,7,10,7,3,5,2,0,1,1,0,0,6.960748136000063,50.98280104400004
2020,7,16,7,3,5,7,0,1,0,0,0,6.959831535000035,50.97478846200005
2020,7,17,3,3,1,3,0,1,0,0,0,6.945150082000055,50.95831098700006
2020,7,13,7,3,0,1,0,1,0,0,0,6.92641902400004,50.91639477200005
2020,7,20,4,2,0,1,0,1,0,0,0,7.092849090000073,50.969007420000025
2020,7,15,7,3,5,2,0,1,1,0,0,6.926519583000072,50.930970037000066
2020,7,18,4,3,1,5,0,1,1,0,0,6.932529878000025,50.93889001300005
2020,7,17,1,3,1,7,0,1,1,0,0,7.621846285000061,51.94530871200004
2020,7,19,3,3,5,3,0,1,1,0,0,7.049171056000034,50.928712861000065
2020,7,12,1,3,0,7,0,1,1,0,0,6.950404315000071,50.92000502900004
2020,7,18,4,2,5,3,0,1,1,0,0,6.880035981000049,50.947229048000054
2020,7,0,1,3,0,7,2,1,0,0,0,6.955989500000044,50.94191902500006
2020,7,17,1,3,0,5,0,1,1,0,0,6.944711430000041,50.92612037200007
2020,7,16,5,3,5,2,0,1,0,0,1,6.951940924000041,50.96180409400006
2020,7,7,5,3,3,6,0,1,1,0,0,6.976901700000042,50.847820686000034
2020,7,12,5,3,0,1,0,1,0,0,0,6.914116831000058,50.920213740000065
2020,7,10,1,3,0,7,0,1,0,0,0,7.635283017000063,51.94845550700006
2020,7,23,1,3,3,6,2,1,0,0,0,7.623314294000068,51.97358806500006
2020,7,10,7,3,5,3,0,1,1,0,0,7.021023606000028,50.93143192100007
2020,7,19,7,2,0,1,0,1,0,0,0,6.922292793000054,50.92900175900007
2020,7,18,7,3,6,4,0,1,1,1,0,6.956586637000044,50.94716510500007
2020,7,22,7,3,2,2,2,1,1,0,0,6.956779568000059,50.94851367600006
2020,7,21,7,3,0,1,2,1,1,0,0,6.938870705000056,50.930051596000055
2020,7,19,7,3,0,7,0,1,0,0,0,7.809263342000065,51.67766400800008
2020,7,16,6,3,0,7,0,1,0,0,0,7.616283913000075,51.95761866500004
2020,7,8,6,3,1,7,0,1,1,0,0,7.651642995000032,51.968023919000075
2020,7,12,6,3,5,2,0,1,0,0,0,7.001291897000044,50.95272111000003
2020,7,13,6,3,5,3,0,1,0,0,0,7.016758752000044,50.954220735000035
2020,7,16,1,3,3,6,0,1,0,0,0,7.08673630800007,50.95161084700004
2020,7,16,1,3,3,7,0,1,1,0,0,6.973608118000072,50.94028168700004
2020,7,10,2,3,3,7,0,1,0,0,0,6.899410549000038,50.95765327100003
2020,7,11,6,3,3,6,0,1,1,0,0,7.936363902000039,51.689788418000035
2020,7,12,1,3,0,1,0,1,0,0,0,6.858089885000027,51.070642719000034
2020,7,15,1,3,5,3,0,1,1,0,0,6.896720087000062,50.93610524700006
2020,7,23,5,3,0,6,2,1,1,0,0,7.634153461000039,51.95605080900003
2020,7,18,5,3,0,6,0,1,0,0,0,7.640641882000068,51.972660922000046
2020,7,6,1,3,0,1,0,1,0,0,0,6.942073750000077,50.940102558000035
2020,7,15,2,3,5,3,0,1,0,0,0,6.826870175000067,50.96192606200003
2020,7,17,5,3,5,2,0,1,1,0,0,7.008785978000049,50.92453266500007
2020,7,18,3,3,9,1,0,1,0,0,0,7.081233866000048,50.927133971000046
2020,7,11,3,3,5,3,0,1,1,0,0,7.001025545000061,50.95709838700003
2020,7,17,4,3,4,7,0,1,1,0,0,6.943540307000035,50.935220023000056
2020,7,12,3,3,0,1,0,1,0,0,0,7.022835063000059,50.890783482000074
2020,7,17,3,3,0,5,0,1,1,0,0,6.922533914000042,50.933989455000074
2020,7,17,3,3,0,3,0,1,1,0,0,6.947817516000043,50.94056611700006
2020,7,9,3,3,5,2,0,1,1,0,0,6.950350744000048,50.94919909600003
2020,7,17,4,3,4,2,0,1,1,0,0,6.937394454000071,50.93745203700007
2020,7,17,5,3,5,2,0,1,0,0,0,6.952383419000057,50.95223612600006
2020,7,19,6,3,5,3,0,1,1,0,0,7.743898279000064,51.66096058100004
2020,7,15,4,3,0,3,0,1,1,0,0,6.968339197000034,50.97908008500008
2020,7,12,5,3,0,1,0,1,0,0,0,6.998180903000048,50.88606495400006
2020,7,13,4,3,6,4,0,1,0,1,0,6.92388833800004,50.91792723300006
2020,7,15,2,3,5,2,0,1,0,0,0,7.598702141000047,51.95897288200007
2020,8,13,2,3,5,3,0,1,1,0,0,7.62050828100007,51.957598880000035
2020,8,14,2,3,5,3,0,1,1,0,0,6.997260087000029,50.91855974600003
2020,8,17,2,3,5,3,0,1,1,0,0,6.967183258000034,50.97211659300007
2020,8,14,2,3,0,1,0,1,0,0,0,6.973332468000024,50.898209801000064
2020,8,20,1,3,0,7,0,1,0,1,0,7.029978765000067,50.90388720000004
2020,8,12,1,2,0,1,0,1,0,0,0,7.066726499000026,50.83707760300007
2020,8,18,1,2,5,3,0,1,1,0,0,6.928625154000031,50.94152086200006
2020,8,18,1,3,6,7,0,1,0,1,0,6.961967457000071,50.93666108200006
2020,8,17,1,3,1,5,0,1,1,0,0,6.944726922000029,50.92440155000003
2020,8,10,1,3,0,3,0,1,1,0,0,7.74467379400005,51.690681175000066
2020,8,19,7,3,4,2,0,1,1,0,0,7.612552452000045,51.957599548000076
2020,7,13,6,3,4,6,0,1,0,0,0,7.019256950000056,50.93936791500005
2020,7,7,6,3,5,5,0,1,1,0,0,7.034126209000021,50.981643629000075
2020,7,12,6,3,1,7,0,1,1,0,0,6.961500538000053,50.980993590000026
2020,7,9,6,3,0,1,0,1,0,0,0,6.92048733200005,50.91370154600003
2020,8,19,7,3,1,7,0,1,1,0,0,7.09161133200007,50.91786171800004
2020,8,12,7,3,0,1,0,1,0,0,0,6.925097318000042,50.95192208200007
2020,8,8,6,3,0,1,0,1,0,0,0,6.920624555000075,50.913848718000054
2020,8,16,5,3,0,6,0,1,0,0,0,7.003754661000073,50.865000329000054
2020,8,18,5,3,0,1,0,1,0,0,0,7.81903440800005,51.67458976100005