UJAHR,UMONAT,USTUNDE,UWOCHENTAG,UKATEGORIE,UART,UTYP1,ULICHTVERH,IstRad,IstPKW,IstFuss,IstKrad,XGCSWGS84,YGCSWGS84
2020,8,11,6,2,3,2,0,1,0,0,0,6.909424313000045,50.94149622200007
2020,8,19,5,3,1,5,0,1,1,0,0,7.649740098000052,51.95398380800003
2020,8,4,6,3,0,1,2,1,0,0,0,6.959646543000076,50.92257287000007
2020,8,7,5,3,0,1,0,1,0,0,0,6.992359209000028,50.90186383900004
2020,8,18,6,3,5,2,0,1,1,0,0,6.905761940000048,50.95933292500007
2020,8,18,3,3,5,2,0,1,1,0,0,7.560446008000042,51.99576633100003
2020,8,17,3,2,0,1,0,1,0,0,0,7.720914211000036,51.91620822500005
2020,8,16,6,2,5,3,0,1,1,0,0,7.037854276000076,50.96923773800006
2020,8,17,4,3,5,3,0,1,1,0,0,6.838946149000037,50.96241017800003
2020,8,16,5,2,0,3,0,1,1,0,0,7.642146041000046,51.933614489000036
2020,8,13,3,3,1,1,0,1,1,0,0,6.892514621000032,50.938912404000064
2020,8,15,5,3,3,6,0,1,1,0,0,6.919658109000068,50.91281219500007
2020,8,18,5,3,0,1,0,1,0,0,0,7.869645662000039,51.68829941100006
2020,8,22,3,2,0,7,2,1,1,0,0,6.916415220000033,50.961124907000055
2020,8,9,3,3,6,4,0,1,0,1,0,6.947686227000077,50.93832006900004
2020,8,8,3,3,6,7,0,1,0,1,0,6.964521203000061,50.903819826000074
2020,8,8,5,2,0,3,0,1,0,0,0,7.681075978000024,51.93464117700006
2020,8,17,6,3,5,2,0,1,1,0,0,6.937382072000048,50.92510756300004
2020,8,8,4,3,5,2,0,1,1,0,0,7.654644918000031,51.93530960000004
2020,8,7,5,3,3,6,0,1,0,0,0,6.986581664000028,50.95330407300003
2020,8,14,4,2,0,1,0,1,0,0,0,6.970422448000022,50.90718710400006
2020,8,12,1,2,9,1,0,1,0,0,0,6.953978339000059,50.97455175700003
2020,8,16,1,3,0,6,0,1,1,0,0,6.929321716000061,50.92558249900003
2020,8,1,1,3,0,1,2,1,1,0,0,6.996270880000054,50.88952605700007
2020,8,22,1,3,0,3,2,1,1,0,0,6.955979934000027,50.94256719400005
2020,8,13,3,3,3,7,0,1,1,0,0,7.032509842000025,50.98017132500007
2020,8,6,3,3,0,6,0,1,1,0,0,7.045297208000022,50.99714182100007
2020,8,12,3,3,1,6,0,1,1,0,0,6.821854253000026,50.94488329500007
2020,8,12,3,3,3,2,0,1,1,0,0,6.860913226000037,50.91460766700004
2020,8,17,7,2,0,1,0,1,0,0,0,6.959714698000028,50.99874265600005
2020,8,20,2,2,0,7,0,1,0,0,0,7.002396389000069,50.97575660000007
2020,8,21,2,2,0,7,1,1,0,0,0,6.875267594000036,50.94404343200006
2020,8,14,7,3,0,3,0,1,0,0,0,7.826063934000047,51.658021414000075
2020,8,11,2,3,0,5,0,1,1,0,0,6.95586686200005,50.94408727200005
2020,8,17,6,3,0,7,0,1,1,0,0,7.650181346000068,51.96998902200005
2020,8,15,6,3,5,3,0,1,1,0,0,7.729995860000031,51.918154833000074
2020,8,14,6,2,1,1,0,1,1,0,0,7.625814451000053,51.94163583100004
2020,8,11,6,3,5,2,0,1,1,0,0,7.603193414000032,51.91875124500007
2020,8,14,6,3,0,3,0,1,1,0,0,7.599115932000075,51.990751457000044
2020,8,18,3,3,0,1,0,1,0,0,0,6.932505415000037,50.932749251000075
2020,8,10,5,3,0,1,0,1,0,0,0,6.871344545000056,50.98420021800007
2020,8,18,4,3,0,1,0,1,0,0,0,7.652206310000054,51.94929250200005
2020,8,16,6,3,0,7,0,1,0,0,0,7.046700834000035,50.97265629200007
2020,8,7,4,3,0,5,0,1,1,0,0,7.625241796000069,51.94372989900006
2020,8,7,6,3,5,3,0,1,1,0,0,7.633336141000029,51.918592801000045
2020,8,18,5,3,0,1,0,1,0,0,0,6.933711346000052,50.95141378000005
2020,8,17,6,3,1,1,0,1,1,0,0,7.097508052000023,50.91893121900006
2020,8,11,5,3,3,6,0,1,0,0,0,7.633512286000041,51.97159450700008
2020,8,11,7,3,1,7,0,1,1,0,0,6.834147597000026,50.942269374000034
2020,8,13,5,3,5,3,0,1,0,0,1,6.932947601000024,50.96911845000005
2020,8,9,4,2,0,1,0,1,0,0,0,6.917428393000023,50.91301617000005
2020,8,19,4,3,4,2,0,1,1,0,0,6.947716086000071,50.93886609100008
2020,8,13,6,3,0,1,0,1,0,0,0,6.942326274000038,50.93834354100005
2020,8,15,6,3,0,5,0,1,1,0,0,7.64678893100006,51.95910623000003
2020,8,17,6,3,0,7,0,1,1,0,0,6.952162607000048,50.95141065400003
2020,8,11,6,3,0,6,0,1,1,0,0,7.728247638000028,51.91746587000006
2020,8,18,5,3,5,3,0,1,1,0,0,6.887803521000024,50.95538623200008
2020,8,16,6,3,0,7,0,1,0,0,0,6.993131237000057,50.94960013700006
2020,8,7,5,3,0,1,0,1,0,0,0,7.642541910000034,51.97760949500008
2020,8,22,4,3,0,1,2,1,0,0,0,6.989938812000048,50.89231721600004
2020,8,12,3,3,0,1,0,1,0,0,0,7.612751433000028,51.95926720400007
2020,8,13,3,2,4,2,0,1,1,0,0,7.032157389000076,50.98931827100006
2020,8,16,3,3,0,7,0,1,1,0,0,7.089555877000066,50.97009990300006
2020,8,15,3,3,2,6,0,1,1,0,0,6.922563899000068,50.94104926300008
2020,8,18,3,3,0,1,0,1,0,0,0,6.940971354000055,50.94647396800008
2020,8,15,3,3,5,3,0,1,1,0,0,6.939394208000067,50.92707248600004
2020,8,11,3,3,2,6,0,1,1,0,0,6.941154382000036,50.93484933700006
2020,8,7,3,3,5,3,0,1,1,0,0,6.942171120000069,50.925659488000065
2020,8,15,4,3,8,6,0,1,1,0,0,6.89949548200002,50.970606943000064
2020,8,7,3,3,5,3,1,1,1,0,0,7.835846595000021,51.65974490600007
2020,8,19,2,3,0,1,0,1,0,0,0,7.633570847000044,51.96020201700003
2020,8,16,2,3,0,4,0,1,0,1,0,7.634004448000042,51.95687958600007
2020,8,2,1,3,1,1,2,1,1,0,0,7.801557571000046,51.67528953900006
2020,8,8,2,3,5,3,0,1,1,0,0,6.958291901000052,50.92572533400005
2020,8,16,4,3,0,3,0,1,1,0,0,7.004120124000053,50.875993031000064
2020,8,8,4,3,5,3,0,1,1,0,0,6.936327152000047,50.94721808000003
2020,8,8,4,3,3,2,0,1,0,0,0,6.94681857300003,50.94568510900007
2020,8,16,5,3,0,2,0,1,0,0,0,6.943501981000054,50.968519479000065
2020,8,17,7,3,5,7,0,1,0,0,0,6.960992141000077,50.941272739000055
2020,8,10,6,3,5,3,0,1,1,0,0,7.616444080000065,51.949203616000034
2020,8,16,4,3,0,6,0,1,1,0,0,7.632811801000059,51.97309999700008
2020,8,12,5,3,5,3,0,1,1,0,0,6.897941887000059,51.01894671500003
2020,8,17,5,3,6,7,0,1,0,1,0,6.996771289000037,50.92888007500005
2020,8,18,5,3,5,2,0,1,1,0,0,7.623313969000037,51.96725350300005
2020,8,7,5,2,5,3,0,1,1,0,0,7.017602408000073,50.95681219200003
2020,8,22,6,3,5,2,2,1,1,0,0,6.973458356000037,50.94024642800008
2020,8,7,6,3,8,7,0,1,0,0,0,6.959794228000021,50.974464228000045
2020,8,15,6,3,2,6,0,1,1,0,0,6.957577798000045,50.955791257000044
2020,8,19,6,3,6,4,0,1,0,1,0,6.900991955000052,51.02084498800008
2020,8,11,7,3,1,6,0,1,0,0,0,6.94538932200004,50.90486186900006
2020,8,19,6,3,0,1,0,1,0,0,0,7.002954665000061,50.85800352700005
2020,8,19,6,3,5,2,0,1,1,0,0,6.914063785000053,50.915084497000066
2020,8,16,5,3,5,3,0,1,1,0,0,6.892493628000068,51.01551081100007
2020,8,11,4,2,0,5,0,1,0,0,0,7.001290399000027,50.91380499100006
2020,8,14,4,3,5,2,0,1,1,0,0,7.072196355000074,50.97700695800006
2020,8,6,4,3,0,7,0,1,0,0,0,6.973043433000044,50.942665754000075
2020,8,14,4,3,0,5,0,1,1,0,0,7.644048507000036,51.89935258500003
2020,8,13,5,2,5,2,0,1,1,0,0,6.993459598000072,50.98788251000008
2020,8,22,5,3,0,7,2,1,1,0,0,6.910701807000066,50.95526556000004
2020,8,13,4,3,4,6,0,1,1,0,0,6.854298149000044,50.93098051700008
2020,8,15,3,3,5,2,0,1,1,0,0,6.920187615000032,51.01563320900004
2020,8,18,2,3,1,5,0,1,1,0,0,7.046522007000021,50.95034090400003
2020,8,14,2,3,1,5,0,1,1,0,0,6.953688134000061,50.96659606600008
2020,8,17,3,3,3,2,0,1,1,0,0,6.999776618000055,50.943029840000065
2020,8,13,2,3,0,3,0,1,0,0,0,7.675446239000053,51.92124975400003
2020,8,9,1,2,5,2,0,1,0,0,0,7.648758093000026,51.96311681100008
2020,8,7,3,3,3,6,0,1,0,0,0,6.924462581000057,50.952232035000065
2020,8,16,4,3,0,7,0,1,0,0,0,6.95594644800002,50.94292853200005
2020,8,10,3,3,5,2,0,1,1,0,0,6.930394791000026,50.96891294400007
2020,8,12,1,3,7,7,0,1,0,0,0,6.973496838000074,50.940923576000046
2020,8,7,4,3,0,7,0,1,0,0,0,7.001491913000052,50.940513732000056
2020,8,13,2,3,0,2,0,1,1,0,0,7.081107849000034,50.87169541700007
2020,8,10,3,3,4,6,0,1,0,0,0,7.803688276000059,51.68478567000005
2020,8,19,2,3,1,5,0,1,1,0,0,7.006632758000023,50.92336496400003
2020,8,11,4,3,0,5,0,1,1,0,0,6.948639207000042,50.963263132000066
2020,8,7,4,3,5,3,0,1,1,0,0,7.076091080000026,50.87858373700004
2020,8,10,3,3,0,7,0,1,0,1,0,7.561201011000037,51.994402308000076
2020,8,13,6,2,0,5,0,1,1,0,0,7.673424729000033,51.904322612000044
2020,8,12,6,3,5,2,0,1,1,0,0,6.995055290000039,50.93936225300007
2020,8,9,6,3,5,3,0,1,1,0,0,6.997273690000043,50.91856827200007
2020,8,20,6,3,6,7,1,1,0,1,0,7.001939759000038,50.95031232900004
2020,8,14,6,3,5,3,0,1,1,0,0,6.954464075000033,50.95116544100006
2020,8,21,6,3,0,1,2,1,0,0,0,6.964418486000056,50.90416632500006
2020,8,16,6,3,3,6,0,1,0,0,0,6.945300793000058,50.91187686500007
2020,8,8,6,3,3,2,0,1,0,0,0,6.965591480000057,50.90032295000003
2020,8,19,7,2,4,7,0,1,0,0,0,6.90629692300007,50.99285810300006
2020,8,7,6,3,0,1,0,1,0,0,0,7.819047021000074,51.675370186000066
2020,8,7,6,3,4,2,0,1,1,0,0,7.875729246000049,51.67451939600005
2020,8,19,5,3,5,3,1,1,1,0,0,7.607003192000036,51.984097759000065
2020,8,7,5,3,4,6,0,1,1,0,0,7.615289324000059,51.93886446800008
2020,8,21,5,3,6,1,2,1,0,1,0,7.635595568000042,51.95599508500004
2020,8,17,1,3,9,1,0,1,1,0,0,6.95524905000002,50.95174130000004
2020,8,16,1,3,0,7,0,1,0,1,0,6.881521778000035,50.932447410000066
2020,8,16,5,3,5,3,0,1,1,0,0,7.046897168000044,50.92271438800003
2020,8,13,5,3,5,1,0,1,0,0,0,7.005381771000032,50.97140141800003
2020,8,7,5,3,1,7,1,1,1,0,0,6.94384526500005,50.97577174600008
2020,8,15,1,3,0,5,0,1,1,0,0,7.621723642000063,51.95873110900004
2020,8,18,5,3,5,3,0,1,0,0,0,6.912365025000042,50.970313057000055
2020,8,15,5,3,0,7,0,1,0,0,0,6.963962431000027,50.90575771500005
2020,8,14,5,2,5,3,0,1,1,0,0,7.86282525300004,51.65041645600007
2020,9,7,4,3,5,3,0,1,0,0,0,6.937857302000055,50.96901076000006
2020,9,16,3,3,2,6,0,1,0,0,0,7.622368737000045,51.94646034500005
2020,9,14,3,3,1,7,0,1,1,0,0,7.062829841000053,50.89344191300006
2020,9,8,3,3,1,5,0,1,1,0,0,6.956979232000037,50.93526885800003
2020,9,17,4,3,5,6,0,1,1,0,0,6.828085183000042,50.95319899500004
2020,8,15,2,3,5,3,0,1,0,0,0,7.64852643100005,51.95254480500006
2020,8,14,2,3,3,6,0,1,0,0,0,7.654254826000056,51.97228390200007
2020,9,7,4,3,3,2,0,1,1,0,0,7.887526190000074,51.67982598900005
2020,9,12,5,2,5,3,0,1,1,0,0,7.855886678000047,51.63025713300004
2020,9,13,3,3,0,1,0,1,0,0,0,6.948746227000072,50.96778568800005
2020,9,16,4,3,5,2,0,1,1,0,0,7.04030653600006,50.983370523000076
2020,8,16,2,2,5,3,0,1,1,0,0,7.001578075000055,50.95547048100008
2020,8,15,2,2,3,3,0,1,1,0,0,7.004551281000033,50.984739199000046
2020,8,14,2,3,0,7,0,1,0,0,0,6.941928820000044,50.97888415700004
2020,8,6,2,3,0,1,0,1,0,0,0,6.944102795000049,50.983278307000035
2020,8,18,2,3,0,3,0,1,1,0,0,6.934539359000041,50.92009774100006
2020,9,9,3,3,5,2,0,1,1,0,0,6.962575647000051,50.91092960900005
2020,8,15,2,3,6,4,0,1,0,1,0,6.933449064000058,50.92725606000005
2020,9,17,4,2,0,7,0,1,0,1,0,7.622055887000045,51.96865887400003
2020,9,13,3,3,5,3,0,1,1,0,0,7.05465687100002,50.86655717700006
2020,9,12,3,3,5,7,0,1,0,0,0,7.780375433000074,51.672506991000034
2020,9,8,4,3,5,3,0,1,1,0,0,6.925180114000057,50.91029724200007
2020,9,20,3,3,0,5,2,1,1,0,0,6.930421937000062,50.95598527200008
2020,9,18,7,3,5,2,0,1,1,0,0,7.061502395000048,50.88517894300003
2020,9,0,7,3,4,6,2,1,1,0,0,6.979180199000041,50.87509700100003
2020,9,21,7,3,6,7,2,1,0,1,1,6.94136271900004,50.940272992000075
2020,9,16,7,2,0,1,0,1,0,0,0,6.925573973000041,50.994716468000036
2020,9,17,2,3,0,1,0,1,0,0,0,6.944957332000058,50.92673852900003
2020,9,22,1,2,0,1,1,1,0,0,0,6.999559176000048,50.94005905500006
2020,9,0,1,2,0,1,2,1,0,0,0,6.933507290000023,50.92727638000008
2020,9,10,6,3,0,7,0,1,1,0,0,7.098028585000066,50.92916903400004
2020,9,23,6,3,4,6,2,1,1,0,0,6.924904154000046,50.86274235800005
2020,9,21,6,3,5,2,2,1,1,0,0,6.939971669000045,50.940549875000045
2020,9,8,2,3,5,3,0,1,1,0,0,6.960232205000068,50.91839421600008
2020,9,17,6,3,5,3,0,1,1,0,0,7.76905442900005,51.70036517200003
2020,9,9,5,3,0,1,0,1,0,0,0,6.985523676000071,50.91271276800006
2020,9,10,5,2,5,3,0,1,1,0,0,6.928156822000062,50.94179077100006
2020,9,15,5,3,8,1,0,1,0,0,0,6.933755794000035,50.92735957800005
2020,9,13,5,3,5,2,0,1,1,0,0,6.949762552000038,50.91898190300003
2020,9,15,5,3,0,7,0,1,1,0,0,7.045445589000053,50.949727934000066
2020,9,19,3,3,1,5,0,1,1,0,0,6.954876898000066,50.93715765600007
2020,9,18,5,3,6,2,0,1,0,1,0,6.923197607000077,50.952751300000045
2020,9,10,3,3,4,2,0,1,1,0,0,7.613917573000038,51.95814724400003
2020,9,14,4,3,3,6,0,1,0,0,0,6.961303948000023,50.95428658700007
2020,9,13,5,3,3,2,0,1,1,0,0,7.032181095000055,50.97092351800006
2020,9,12,4,3,5,3,0,1,1,0,0,6.999098203000074,50.92186925300007
2020,9,14,5,3,0,7,0,1,0,0,0,6.956996356000047,50.92261805100003
2020,9,17,4,3,0,3,0,1,1,0,0,7.010048411000071,50.94340905200005
2020,9,17,4,3,0,2,0,1,1,0,0,7.058812514000067,50.88352071600008
2020,9,8,5,3,5,3,0,1,1,0,0,6.899073859000055,50.95289227100005
2020,9,16,2,3,0,3,0,1,0,0,0,7.623353792000046,51.96693110600006
2020,9,11,2,3,4,6,0,1,0,0,0,7.653610127000036,51.90560808100008
2020,9,15,2,2,0,7,0,1,0,0,0,7.653752738000037,51.90443139900003
2020,9,6,3,3,3,6,1,1,0,0,1,7.079680365000058,50.91692808600004
2020,9,8,3,3,4,6,0,1,0,0,0,6.933311548000063,50.94840386700008
2020,9,10,3,3,3,6,0,1,0,0,0,6.998786665000068,50.961358389000054
2020,9,17,4,3,5,3,0,1,1,0,0,7.662691600000073,51.90567878100006
2020,9,17,5,3,3,6,0,1,1,0,0,6.971776325000064,50.90408995000007
2020,9,15,3,3,5,3,0,1,1,0,0,7.564128399000026,51.970416045000036
2020,9,16,3,3,0,7,0,1,0,0,0,6.897076205000076,51.01487123900006
2020,9,17,4,3,1,5,0,1,1,0,0,7.016870760000074,50.89730865700005
2020,9,13,4,3,0,1,0,1,0,0,0,7.823917891000065,51.682095710000056
2020,9,9,5,3,5,7,0,1,1,0,0,7.798935786000072,51.65092991600005
2020,9,15,5,3,1,3,0,1,1,0,0,6.913743514000032,50.98638724600005
2020,9,16,3,3,6,4,0,1,0,1,0,7.651716171000032,51.98869595800005
2020,9,8,2,3,5,7,0,1,1,0,0,7.01569478700003,50.954316092000056
2020,9,16,2,3,6,4,0,1,0,1,0,6.953204615000061,50.96545494900005
2020,9,19,2,3,5,3,0,1,1,0,0,6.897974394000073,50.946026062000044
2020,9,8,2,3,5,3,0,1,1,0,0,6.928193997000051,50.941768714000034
2020,9,15,3,3,8,1,0,1,0,0,0,6.926798185000052,50.95002916700008
2020,9,10,2,2,5,2,0,1,1,0,0,6.992228793000038,50.88986456400005
2020,9,15,6,3,0,3,0,1,1,0,0,7.058700959000021,50.90375015600006
2020,9,7,6,3,3,6,0,1,1,0,0,7.032505825000044,50.98076647700003
2020,9,10,1,2,1,1,0,1,1,0,0,7.619816222000054,51.939436140000055
2020,9,16,6,3,5,2,0,1,1,0,0,6.921225764000042,50.95340648200005
2020,9,15,6,3,0,1,0,1,0,0,0,6.962479022000025,50.914343623000036
2020,9,19,1,3,0,1,1,1,0,0,0,7.068784451000056,50.89217935200003
2020,9,10,1,3,5,3,0,1,0,0,0,7.038769749000039,50.95762675200007
2020,9,11,6,3,0,7,0,1,0,0,0,6.964254445000051,50.920302020000065
2020,9,23,1,3,0,1,2,1,0,0,0,6.974542532000044,50.94527209800003
2020,9,0,1,3,0,1,2,1,0,0,0,6.959850605000042,50.97495420200005
2020,9,12,1,3,1,5,0,1,1,0,0,6.94350029900005,50.92439634600004
2020,9,19,7,2,0,1,0,1,0,0,0,7.001177472000052,50.95598943300007
2020,9,20,7,3,0,1,2,1,0,0,0,6.930263299000046,50.952699162000044
2020,9,1,7,3,0,1,2,1,0,0,0,6.923383897000065,50.92285331000005
2020,9,10,6,3,0,4,0,1,0,1,0,7.637311417000035,51.95841833900005
2020,9,0,4,3,0,1,2,1,0,0,0,6.925658270000042,50.95534451300006
2020,9,13,4,3,3,6,0,1,0,0,0,7.60953033900006,51.956312154000045
2020,9,13,3,2,5,3,0,1,0,0,0,7.626338932000067,51.90967398400005
2020,9,10,4,3,0,5,0,1,0,0,0,6.919580775000043,50.92587255500007
2020,9,21,3,2,5,3,2,1,0,0,0,7.625977707000061,51.960638190000054
2020,9,8,3,3,0,1,0,1,0,0,0,6.920473369000035,50.95368261700003
2020,9,16,4,3,0,5,0,1,1,0,0,7.005833908000057,50.95985967100006
2020,9,16,4,3,5,2,0,1,1,0,0,7.620687860000032,51.92754751100006
2020,9,15,3,3,4,2,0,1,1,0,0,6.952745862000029,50.950131225000064
2020,9,13,3,3,5,2,0,1,1,0,0,6.955295165000052,50.902152424000064
2020,9,12,3,2,0,7,0,1,0,0,0,6.949988624000071,50.96322097700005
2020,9,16,3,3,5,3,0,1,0,0,0,7.680798934000052,51.99693154500005
2020,9,13,3,3,5,3,0,1,1,0,0,6.913857476000032,50.983223415000055
2020,9,15,3,3,0,1,0,1,0,0,0,7.042096478000076,50.94304201800003
2020,9,7,2,3,0,1,0,1,0,0,0,6.911574453000071,51.05065249300003
2020,9,19,4,3,1,7,0,1,1,0,0,6.963920947000077,50.919084532000056
2020,9,7,2,3,5,3,0,1,0,0,0,6.889242047000039,51.00039371300005
2020,9,7,2,2,4,6,0,1,0,0,0,6.913885576000041,50.96686118300005
2020,9,20,2,3,5,2,2,1,1,0,0,6.898231191000036,50.94450788100005
2020,9,10,2,3,1,6,0,1,1,0,0,6.996494287000076,50.89182040700007
2020,9,15,4,3,0,2,0,1,1,0,0,7.061942032000047,50.89695564200008
2020,9,9,2,3,5,3,0,1,1,0,0,6.950141569000039,50.937586286000055
2020,9,16,7,2,0,1,0,1,0,0,0,6.941511889000026,50.91102318500003
2020,9,18,6,3,0,1,0,1,0,0,0,6.95900808500005,50.92762925400007
2020,9,14,5,3,2,6,0,1,1,0,0,7.62271080000005,51.97226829400006
2020,9,15,7,3,2,6,0,1,0,0,0,6.93631261400003,50.92858605200007
2020,9,18,6,3,0,3,0,1,0,0,0,7.609299081000074,51.94085028300003
2020,9,9,7,2,0,1,0,1,0,0,0,6.917094967000026,50.96039997200006
2020,9,18,6,3,0,5,0,1,1,0,0,7.046204826000064,50.86553430200007
2020,9,19,5,2,0,7,2,1,0,0,0,6.997716462000028,50.899377841000046
2020,9,16,6,3,0,2,0,1,0,0,0,6.833425808000072,50.93733499900003
2020,9,13,5,3,5,2,0,1,1,0,0,6.939183014000037,50.95815588500005
2020,9,7,5,2,1,5,0,1,1,0,0,6.934796627000026,50.96706887400006
2020,9,13,5,3,6,4,0,1,0,1,0,6.932401178000021,50.955539454000075
2020,9,14,5,3,0,7,0,1,0,0,0,6.934287563000055,50.91482079300005
2020,9,15,6,3,0,3,0,1,1,0,0,7.69984263200007,51.92388797500007
2020,9,7,6,3,0,7,0,1,0,0,0,6.939202906000048,50.93828294200006
2020,9,7,6,3,0,1,0,1,0,0,0,6.926857637000069,50.95657569400004
2020,9,20,7,2,1,1,1,1,1,0,0,6.837835187000053,50.936877123000045
2020,9,9,6,3,0,7,0,1,0,0,0,6.925558265000063,50.95728887800004
2020,9,16,7,3,5,3,0,1,1,0,0,7.601044501000047,51.99580091100006
2020,9,13,2,3,5,2,0,1,1,0,0,7.622437321000064,51.94601951700008
2020,9,8,4,3,5,3,0,1,0,0,0,7.64402136700005,51.96132368100007
2020,9,15,3,3,2,6,0,1,1,0,0,6.897124010000027,50.93447946900005
2020,9,21,2,3,0,1,1,1,0,0,0,7.079209967000054,50.96871607200006
2020,9,7,3,3,0,3,0,1,0,0,0,7.622901998000032,51.921343112000045
2020,9,19,4,3,0,1,2,1,0,0,0,6.911319529000025,50.936114856000074
2020,9,14,2,3,0,2,0,1,1,0,0,6.956811859000027,50.974164270000074
2020,9,17,3,2,0,1,0,1,0,0,0,6.918901302000052,50.921268809000026
2020,9,18,2,3,5,2,0,1,1,0,0,6.964594605000059,50.97717594900007
2020,9,6,4,3,5,2,1,1,1,0,0,6.951940788000059,50.924906203000035
2020,9,17,2,3,5,3,0,1,1,0,0,6.867897011000025,50.93219794600003
2020,9,10,3,3,5,3,0,1,1,0,0,6.929509737000046,50.94112634600003
2020,9,17,4,3,1,5,0,1,1,0,0,7.632308800000033,51.95302181800008
2020,9,15,2,3,0,1,0,1,0,0,0,6.914279751000038,51.00619728400005
2020,9,12,3,2,2,2,0,1,0,0,0,7.620551207000062,51.957634324000026
2020,9,7,2,2,5,3,1,1,1,0,0,6.943019759000038,50.92285601700007
2020,9,17,2,2,5,7,0,1,1,0,0,7.62855578500006,51.93773533900003
2020,9,15,1,2,2,6,0,1,0,0,0,7.579426139000077,51.96724891500003
2020,9,9,4,3,0,2,0,1,1,0,0,6.998875868000027,50.922545693000075
2020,9,18,1,3,1,1,0,1,1,0,0,7.627605955000036,51.95382114900008
2020,9,18,3,3,5,3,0,1,1,0,0,6.955326384000045,50.90215684100008
2020,9,20,2,3,0,1,2,1,0,0,0,7.040827139000044,50.976468383000054
2020,9,18,3,2,0,1,0,1,0,0,0,7.700549074000037,51.924716379000074
2020,9,17,4,3,0,4,0,1,0,1,0,6.926555436000058,50.91157104100006
2020,9,17,2,3,5,3,0,1,1,0,0,6.95173836500004,50.98497439300007
2020,9,10,1,2,6,4,0,1,0,1,0,6.954905180000026,50.966299552000066
2020,9,13,3,3,5,3,0,1,0,0,0,6.969135218000076,50.97639845900005
2020,9,0,1,3,0,1,2,1,0,0,0,6.938513402000069,50.92985052200004
2020,9,19,3,3,0,5,1,1,1,0,0,6.955927333000034,50.94432709100005
2020,9,17,2,3,5,3,0,1,1,0,0,6.888528528000052,51.02238597300004
2020,9,17,7,3,3,2,0,1,1,0,0,7.632679990000042,51.95573333900006
2020,9,21,7,3,1,5,2,1,1,0,0,7.598331089000055,51.970992523000064
2020,9,7,5,3,0,1,1,1,0,0,0,7.100442972000053,50.86377968100004
2020,9,11,5,3,0,3,0,1,1,0,0,6.937872626000058,50.96901469100004
2020,9,12,7,3,5,3,0,1,1,0,0,6.970915370000057,50.979097970000055
2020,9,15,1,3,5,3,0,1,1,0,0,7.008191170000032,50.94327172000004
2020,9,21,5,3,1,7,2,1,1,0,0,6.933672183000056,50.92279416400004
2020,9,8,5,3,0,5,0,1,1,0,0,6.928384249000033,50.90829092300004
2020,9,18,5,3,0,1,0,1,0,0,0,6.918679298000029,50.92120921000003
2020,9,19,5,3,6,4,1,1,0,1,0,6.932631945000026,50.93751965000007
2020,9,7,5,3,1,5,0,1,1,0,0,6.946605749000071,50.93364211100004
2020,9,17,6,3,5,2,0,1,1,0,0,7.653647720000038,51.94830239300006
2020,9,17,6,2,5,3,0,1,1,0,0,7.53870153400004,51.94797136100004
2020,9,13,6,2,5,3,0,1,0,0,1,7.005975055000022,50.95971006000008
2020,9,9,6,1,5,3,0,1,1,0,0,6.910026986000048,50.963360634000026
2020,9,13,1,3,4,6,0,1,0,0,0,7.637331766000045,51.95818485700005
2020,9,7,3,3,0,5,0,1,1,0,0,7.007759289000035,50.877734746000044
2020,9,14,3,3,5,3,0,1,0,0,0,7.580318408000039,51.96725225400007
2020,9,13,4,3,5,3,0,1,1,0,0,6.995152683000072,50.93934709400003
2020,9,8,4,3,0,1,0,1,0,0,0,7.062459916000023,50.88303545900004
2020,9,14,3,3,1,5,0,1,0,0,0,6.976104341000053,50.93685414600003
2020,9,14,4,3,0,1,0,1,0,0,0,6.922509223000077,50.940643548000025
2020,9,10,3,3,0,1,0,1,0,0,0,6.938859045000072,50.930045033000056
2020,9,8,3,3,0,7,0,1,1,0,0,6.924099084000034,50.95240301000007
2020,9,11,4,3,5,2,0,1,1,0,0,6.943050984000024,50.93516027100003
2020,9,23,3,3,0,7,2,1,0,0,0,7.647372339000071,51.95903562500007
2020,9,6,2,3,1,6,2,1,0,0,0,7.650052327000026,51.936876976000065
2020,9,13,2,3,5,3,0,1,1,0,0,7.59106317100003,51.95555273400004
2020,9,7,3,3,4,6,1,1,0,0,0,6.953040909000038,50.939028379000035
2020,9,14,3,3,1,2,0,1,1,0,0,6.900631766000061,50.93620096700005
2020,9,14,2,3,3,2,0,1,1,0,0,7.632590793000077,51.95362789200004
2020,9,16,3,3,0,7,0,1,0,0,0,7.634760511000025,51.996224436000034
2020,9,6,3,3,4,2,2,1,1,0,0,6.918444952000073,50.92799690500004
2020,9,15,3,3,5,7,0,1,1,0,0,7.653053502000034,51.95887948300003
2020,10,1,1,2,0,1,2,1,0,0,0,6.950439067000048,50.949251135000054
2020,10,15,2,3,5,3,0,1,1,0,0,7.024940034000053,50.878295741000045
2020,10,15,6,3,0,7,0,1,0,0,0,7.629015705000029,51.90452165500005