UJAHR,UMONAT,USTUNDE,UWOCHENTAG,UKATEGORIE,UART,UTYP1,ULICHTVERH,IstRad,IstPKW,IstFuss,IstKrad,XGCSWGS84,YGCSWGS84
2020,10,4,7,2,3,6,2,1,0,0,0,6.899607197000023,50.92007108300004
2020,10,7,6,3,4,6,0,1,0,0,0,7.608550428000058,51.94388415700007
2020,10,9,6,3,5,3,0,1,1,0,0,7.88086910100003,51.68700374400004
2020,10,8,5,2,5,3,0,1,1,0,0,7.607606443000066,51.96828147200006
2020,10,6,5,3,5,2,1,1,1,0,0,6.955036815000028,51.00261442600004
2020,10,8,5,3,0,1,0,1,0,0,0,6.974583598000038,50.94025993400004
2020,10,7,5,3,0,3,0,1,1,0,0,6.89848796900003,50.958867214000065
2020,10,22,5,3,5,3,2,1,1,0,0,6.941427906000058,50.90767927100006
2020,10,22,5,3,0,3,2,1,1,0,0,6.95600952500007,50.942529222000076
2020,10,11,6,3,5,3,0,1,1,0,0,7.710940487000073,51.99069370600006
2020,10,13,4,3,5,3,0,1,1,0,0,7.647511868000038,51.94031821600004
2020,10,14,4,3,5,2,0,1,0,0,0,7.625133727000048,51.97095742100004
2020,10,7,6,3,5,3,0,1,1,0,0,7.860808237000072,51.682252153000036
2020,10,13,4,3,3,5,0,1,0,0,0,6.917808810000054,50.960144152000055
2020,10,16,4,3,5,3,0,1,1,0,0,7.019426169000042,50.873435734000054
2020,10,7,4,3,0,1,2,1,0,0,0,6.935117029000026,50.92789262800005
2020,10,15,4,3,5,2,0,1,0,0,0,6.927609339000071,50.89584764600005
2020,10,14,6,3,1,5,0,1,1,0,0,7.621800876000066,51.943245165000064
2020,10,14,5,3,0,1,0,1,0,0,0,7.613913797000066,51.95815062100007
2020,10,17,3,2,3,2,0,1,1,0,0,7.648523311000076,51.95249750700003
2020,10,13,3,3,4,3,0,1,0,0,0,7.628329834000056,51.96821402100005
2020,10,8,5,2,6,4,0,1,0,1,0,6.997827379000057,50.935116427000025
2020,10,10,5,2,0,1,0,1,0,0,0,6.976030311000045,50.931614323000076
2020,10,8,5,3,0,3,0,1,0,0,1,7.034310702000028,50.961568715000055
2020,10,17,3,3,1,6,0,1,1,0,0,7.087049010000044,50.872112893000065
2020,10,9,5,3,0,3,0,1,1,0,0,7.00332118700004,50.962576468000066
2020,10,8,3,2,0,3,0,1,0,0,0,6.931191474000059,50.92316721000003
2020,10,14,3,3,0,1,0,1,0,0,0,6.935472674000039,50.92809679000004
2020,10,13,3,3,0,1,0,1,0,0,0,6.935491199000069,50.92810743300004
2020,10,16,3,3,0,1,0,1,1,0,0,6.95703704500005,50.92079335900007
2020,10,15,5,3,0,2,0,1,1,0,0,7.007696578000036,50.95167446600004
2020,10,15,2,3,5,3,0,1,1,0,0,6.904064652000045,50.91938746000005
2020,10,18,5,3,1,5,1,1,1,0,0,6.992911599000024,50.89257699800004
2020,10,16,3,3,0,3,0,1,1,0,0,7.074712023000075,50.975929214000075
2020,10,10,2,3,0,1,0,1,0,0,0,6.960260822000066,50.91837364300005
2020,10,17,4,3,0,3,0,1,0,0,0,6.890882279000039,50.97339838800008
2020,10,16,5,3,5,3,0,1,1,0,0,6.947465737000073,50.98403976800006
2020,10,20,7,3,0,1,2,1,0,0,0,7.086794502000032,50.88477893400005
2020,10,15,4,3,5,3,0,1,1,0,0,7.630894486000045,51.92947874500004
2020,10,22,7,2,8,1,2,1,0,0,0,7.001482881000072,50.940487921000056
2020,10,14,7,3,5,3,0,1,1,0,0,6.907591939000042,51.02575122500008
2020,10,13,5,3,0,7,0,1,0,0,0,6.926182952000033,50.92379292600003
2020,10,14,4,2,5,7,0,1,1,0,0,6.921961095000029,50.91904041200007
2020,10,9,2,3,5,3,0,1,1,0,0,6.960971135000023,50.98454627700005
2020,10,15,1,3,0,1,0,1,0,0,0,6.961370032000048,50.941076999000074
2020,10,21,2,3,5,3,2,1,1,0,0,6.961498151000058,50.93664529000006
2020,10,13,1,3,2,6,0,1,1,0,0,6.960490735000064,50.91803871900004
2020,10,14,4,2,0,6,0,1,0,1,0,7.050816743000041,50.96424839300005
2020,10,10,4,3,0,3,0,1,0,0,0,6.900760052000067,50.957575431000066
2020,10,16,2,3,0,5,0,1,1,0,0,7.592485904000057,52.00083921600003
2020,10,13,1,2,5,2,0,1,1,0,0,7.619870571000035,51.944875151000076
2020,10,8,4,3,0,5,0,1,1,0,0,6.917910173000053,50.95950212400004
2020,10,9,7,1,0,1,0,1,0,0,0,6.948595192000028,50.917013319000034
2020,10,23,4,3,4,6,2,1,0,0,0,7.633623484000054,51.96548255000005
2020,10,15,4,3,5,3,0,1,1,0,0,6.932756110000071,50.948619035000036
2020,10,16,3,3,0,1,0,1,1,0,0,6.938477707000061,50.93309874300007
2020,10,18,7,3,5,3,0,1,1,0,0,7.828747754000062,51.70923603300008
2020,10,23,3,2,0,1,2,1,0,0,0,6.95758451200004,50.95594990600006
2020,10,16,4,3,5,3,0,1,1,0,0,6.918007991000025,50.92865467200005
2020,10,16,4,3,5,3,0,1,1,0,0,7.784293253000044,51.66184955300008
2020,10,10,2,3,0,7,0,1,0,1,0,7.608531196000058,51.95111828800003
2020,10,9,2,2,0,1,0,1,0,0,0,6.933990192000067,50.957266967000066
2020,10,13,1,3,3,6,0,1,0,0,0,6.909163549000027,51.04204031200004
2020,10,15,3,3,0,3,0,1,1,0,0,6.961122295000052,50.985937240000055
2020,10,16,1,3,5,3,0,1,1,0,0,6.966228040000033,50.97213392700007
2020,10,12,4,3,0,1,0,1,0,0,0,6.917915569000058,50.95949327500006
2020,10,0,7,3,4,1,2,1,0,0,0,7.608231749000026,51.96821429000005
2020,10,3,6,3,1,5,2,1,1,0,0,7.013334942000029,50.940202397000064
2020,10,19,6,3,0,3,2,1,0,0,0,6.986333921000039,50.93347017800005
2020,10,8,5,3,0,2,0,1,1,0,0,7.778801008000073,51.66589040500003
2020,10,8,2,3,3,6,0,1,0,0,0,6.942407670000023,50.944739328000026
2020,10,12,3,2,0,1,0,1,0,0,0,6.973779464000074,50.93091284500008
2020,10,16,4,3,3,6,0,1,1,0,0,6.991422918000069,50.88791867100008
2020,10,18,4,2,5,4,0,1,0,1,0,7.836069414000065,51.67199586400005
2020,10,16,2,3,0,1,0,1,0,0,0,7.576439117000064,51.96961436200007
2020,10,17,3,3,0,1,0,1,0,0,0,6.93516973100003,50.927922882000075
2020,10,19,4,2,0,1,2,1,0,0,0,6.927927861000057,50.900562551000064
2020,10,15,2,3,5,3,0,1,1,0,0,6.938306810000029,50.93307735900004
2020,10,4,2,3,0,7,0,1,1,0,0,7.002594504000058,50.97272927300003
2020,10,14,2,3,0,1,0,1,0,0,0,7.633570847000044,51.96020201700003
2020,10,8,2,3,5,2,0,1,1,0,0,6.997861936000049,50.88782505300003
2020,10,18,5,3,5,7,1,1,1,0,0,7.62087499300003,51.96075622600006
2020,10,7,6,3,5,2,2,1,1,0,0,6.952970320000077,50.91455728600005
2020,10,11,2,3,3,2,0,1,0,0,0,6.933214084000042,50.91360096200003
2020,10,16,7,3,6,7,0,1,0,1,0,7.020992887000034,50.940308565000066
2020,10,14,2,3,0,1,0,1,0,0,0,6.86008064300006,50.930511668000065
2020,10,0,6,2,0,1,2,1,0,0,0,6.923368636000021,50.92284793500005
2020,10,16,5,3,0,2,0,1,1,0,0,6.940356307000059,50.94275994100008
2020,10,9,5,3,0,1,0,1,0,0,0,6.958833175000052,50.92349148100004
2020,10,17,6,3,1,5,0,1,1,0,0,6.956448069000032,50.92042159600004
2020,10,6,7,3,0,7,2,1,0,0,0,7.618247865000058,51.98420805100005
2020,10,16,2,3,5,3,0,1,1,0,0,7.661602394000056,51.93563956000003
2020,10,9,7,3,1,5,0,1,1,0,0,6.973385373000042,50.96080754600007
2020,10,14,2,3,0,1,0,1,0,0,0,6.934723087000066,50.95121978000003
2020,10,23,6,3,4,6,2,1,0,0,0,7.01050659200007,50.88286650600003
2020,10,15,2,3,5,3,0,1,1,0,0,7.630594553000037,51.95787063800003
2020,10,10,2,2,0,1,0,1,0,0,0,6.959382833000063,50.970979028000045
2020,10,9,2,3,5,3,0,1,1,0,0,6.886252821000028,50.934079086000054
2020,10,12,5,3,0,1,0,1,0,0,0,7.820615577000069,51.68053081000005
2020,10,16,4,3,5,3,0,1,0,0,0,7.658976143000075,51.95853453500007
2020,10,10,5,3,3,6,0,1,0,0,0,7.65900845300007,51.95853125800005
2020,10,17,4,3,5,3,1,1,1,0,0,7.661608993000073,51.93563436200003
2020,10,7,4,3,5,2,0,1,1,0,0,7.621349544000054,51.95826860100004
2020,10,18,4,2,0,7,2,1,0,0,0,7.644315265000046,51.96754290300004
2020,10,9,5,3,5,3,0,1,1,0,0,7.639291548000074,51.96667246100003
2020,10,8,4,3,5,2,0,1,1,0,0,6.888231055000063,50.98595233700007
2020,10,16,4,3,5,2,0,1,1,0,0,6.965588022000077,50.90033721800006
2020,10,9,4,2,0,1,0,1,0,0,0,6.933769928000061,50.92736411700008
2020,10,21,4,3,0,1,2,1,0,0,0,6.938518244000022,50.92985324700004
2020,10,13,4,3,0,1,0,1,0,0,0,6.950206209000044,50.947135151000055
2020,10,8,6,3,5,7,0,1,1,0,0,6.893743572000062,50.946441340000035
2020,10,18,5,3,3,6,2,1,1,0,0,7.023929212000041,50.94470090800007
2020,10,15,5,3,5,5,0,1,1,0,0,7.001480671000024,50.94048160500006
2020,10,1,5,3,0,7,2,1,0,0,0,6.940883963000033,50.91206781200003
2020,10,11,6,3,5,3,0,1,0,0,0,7.00609799800003,50.959431996000035
2020,10,19,6,3,3,5,2,1,1,0,0,6.959957434000046,50.91987544300008
2020,10,9,3,3,1,5,0,1,1,0,0,7.815643502000057,51.682129012000075
2020,11,15,2,3,0,1,0,1,0,0,0,6.85310036900006,50.94221188100005
2020,11,15,1,3,5,2,0,1,1,0,0,6.919869482000024,50.921589684000025
2020,10,14,7,3,5,2,0,1,1,0,0,6.989779045000034,50.91138292200003
2020,10,23,7,2,0,7,2,1,1,0,0,6.999249555000063,50.93941211100008
2020,10,13,7,3,0,1,0,1,0,0,0,6.952116699000044,50.97501425300004
2020,10,12,7,3,7,7,0,1,0,0,0,6.945766558000059,51.03900525100005
2020,11,20,4,3,5,3,2,1,1,0,0,7.596090773000071,51.96270495700003
2020,11,17,3,2,0,1,1,1,0,0,0,7.609137721000025,51.99143538900006
2020,11,18,2,3,3,2,1,1,1,0,0,6.952907320000065,50.96103674500006
2020,11,16,4,3,4,6,0,1,1,0,0,6.993315899000038,50.89425230400008
2020,11,11,4,3,1,5,0,1,1,0,0,6.972149450000075,50.93685074800004
2020,11,18,2,3,5,3,2,1,1,0,0,6.90498543700005,50.92439419100003
2020,11,12,3,2,0,1,0,1,0,0,0,7.606603532000065,51.98521189500008
2020,11,22,6,3,0,7,2,1,0,0,0,7.625808137000036,51.93173455200008
2020,11,12,6,3,0,7,0,1,1,0,0,6.925634218000027,50.921103704000075
2020,11,14,2,2,4,6,0,1,0,0,0,6.946011430000056,50.94091225100004
2020,11,15,5,3,0,1,0,1,0,0,0,7.573170215000062,51.94416486100005
2020,11,15,5,2,0,1,0,1,0,0,0,7.643533197000068,51.970564911000054
2020,11,12,2,3,0,1,0,1,0,0,0,6.923459579000053,50.91947591700006
2020,11,10,5,2,1,5,0,1,1,0,0,6.885679449000065,50.94694986700006
2020,11,16,5,3,0,1,0,1,0,0,0,7.001892009000073,50.88103672200003
2020,11,12,7,3,5,2,0,1,1,0,0,6.92216793800003,50.973104454000065
2020,11,11,7,3,0,1,0,1,0,0,0,6.92390030200005,50.90908598800007
2020,11,8,7,2,5,3,0,1,1,0,0,6.969012368000051,50.91844905500005
2020,11,8,2,3,1,5,1,1,0,0,0,6.957687441000076,50.96564398000004
2020,11,8,4,3,0,1,0,1,0,0,0,6.99562783600004,50.949263733000066
2020,11,9,4,3,5,2,0,1,1,0,0,6.978331952000076,50.96948298900003
2020,11,1,4,2,0,1,2,1,0,0,0,6.907851769000047,50.94712445500005
2020,11,13,4,2,0,3,0,1,0,0,0,6.972469232000037,50.90110359600004
2020,11,17,3,3,0,1,2,1,0,0,0,7.049712746000068,50.948992555000075
2020,11,18,3,3,0,1,2,1,0,0,0,6.937491217000058,50.91864790300008
2020,11,15,5,3,9,1,0,1,0,0,0,7.096239130000072,50.863395136000065
2020,11,15,2,3,0,6,0,1,0,0,0,7.624592895000035,51.95691309500006
2020,11,13,6,3,0,7,0,1,1,0,0,6.948962229000074,50.94867781800008
2020,11,8,5,3,1,7,0,1,0,0,0,7.623796076000076,51.97178357100006
2020,11,15,2,2,4,6,0,1,0,0,0,7.637494292000042,51.99144970800006
2020,11,13,5,3,0,7,0,1,0,0,0,6.888048362000063,50.95537713600004
2020,11,16,3,3,5,2,0,1,1,0,0,6.936143342000037,50.91931256300006
2020,11,20,5,3,5,3,2,1,1,0,0,6.945578017000059,50.93667814500003
2020,11,9,4,2,0,1,0,1,0,0,0,7.635229249000076,51.94829420500008
2020,11,13,2,2,5,3,0,1,1,0,0,7.580031656000074,51.971961530000044
2020,11,14,4,3,5,3,0,1,1,0,0,7.083498165000037,50.869512248000035
2020,11,13,7,3,0,1,0,1,0,0,0,6.996650370000054,50.96396576800004
2020,11,7,3,3,0,3,0,1,0,0,0,7.031885760000023,50.98105162600007
2020,11,15,7,3,6,6,0,1,0,1,0,6.979589348000047,50.966986758000075
2020,11,11,7,3,0,7,0,1,0,0,0,6.927677374000041,50.942075233000025
2020,11,9,2,3,0,7,0,1,0,0,0,6.933527980000065,50.927283601000056
2020,11,0,7,3,0,1,2,1,0,0,0,6.927151361000028,50.924102505000064
2020,11,11,7,3,0,1,0,1,0,0,0,6.943232484000021,50.90181652100006
2020,11,15,4,3,0,3,0,1,1,0,0,7.659571710000023,51.93452253600003
2020,11,9,2,3,5,3,0,1,0,0,0,6.948997506000069,50.935437414000035
2020,11,20,1,3,0,3,2,1,1,0,0,6.955994970000063,50.942553039000074
2020,11,20,2,3,0,1,2,1,0,0,0,6.93353649900007,50.92728657400005
2020,11,8,4,3,0,1,0,1,0,0,0,6.924022438000065,50.95236728300006
2020,11,13,7,3,0,5,0,1,1,0,0,7.648849107000046,51.970949605000044
2020,11,12,4,3,3,6,0,1,0,0,0,7.787664407000023,51.672745977000034
2020,11,19,6,2,5,3,2,1,1,0,0,7.621760162000044,51.94277113900006
2020,11,10,6,3,5,3,0,1,1,0,0,7.577895682000076,51.96933577000004
2020,11,9,4,3,5,3,0,1,1,0,0,6.90597308200006,51.01178442200006
2020,11,16,6,3,5,2,0,1,0,0,0,7.551745091000043,51.94844950500004
2020,11,13,4,2,0,4,0,1,0,1,0,7.046527850000075,50.92812045200003
2020,11,11,4,3,3,6,0,1,0,0,0,7.580272267000055,51.93122935300005
2020,11,22,2,3,2,6,2,1,0,0,0,6.923811692000072,51.02773354200008
2020,11,7,6,3,0,3,0,1,1,0,0,6.916081397000028,50.96856507500007
2020,11,4,6,2,0,1,2,1,0,0,0,6.956471123000029,50.916861219000054
2020,11,13,7,3,5,3,0,1,1,0,0,6.969372273000033,50.97480240200008
2020,11,16,6,3,5,3,0,1,1,0,0,6.960433698000031,50.91835811300007
2020,11,11,1,3,8,5,0,1,1,0,0,7.673736070000075,52.02693035200008
2020,11,8,7,3,6,4,0,1,0,1,0,7.822799775000021,51.70895469100003
2020,11,9,5,3,5,3,0,1,1,0,0,7.001592084000038,50.945832550000034
2020,11,11,1,3,0,1,0,1,0,0,0,6.945802787000048,50.98117583100003
2020,11,15,2,3,4,2,0,1,1,0,0,6.960041986000022,50.97661424100005
2020,11,8,7,2,8,1,0,1,0,0,0,7.649422562000041,51.952211875000046
2020,11,17,2,3,0,7,2,1,0,0,0,6.908916280000028,50.91933034600004
2020,11,12,2,3,3,6,0,1,1,0,0,7.790712346000021,51.66767002600005
2020,11,11,2,3,5,2,0,1,1,0,0,7.685266617000025,51.91433838100005
2020,11,9,6,3,5,2,0,1,1,0,0,6.966150209000034,50.89786517500005
2020,11,16,2,3,1,5,1,1,1,0,0,7.819038637000062,51.67485143300007
2020,11,13,4,3,5,3,0,1,1,0,0,7.640825053000071,51.90522515500004
2020,11,11,6,3,1,3,0,1,0,0,0,6.906293325000036,50.96781114600003
2020,11,19,6,3,5,2,2,1,0,0,0,6.951401950000047,50.939026983000076
2020,11,18,1,3,0,7,2,1,0,0,0,6.926010192000035,50.92373732100003
2020,11,8,5,3,5,3,0,1,1,0,0,7.572124562000056,51.969032354000035
2020,11,16,6,2,0,6,0,1,0,1,0,7.673624949000043,51.94707110300004
2020,11,20,5,2,8,1,2,1,1,0,0,6.887049920000038,50.95542165400008
2020,11,15,6,3,5,3,0,1,0,0,0,6.904570990000025,50.99753952400005
2020,11,9,7,3,0,1,0,1,0,0,0,7.629059338000047,51.967255170000044
2020,11,17,7,2,0,5,2,1,1,0,0,6.921398239000041,50.91824832400005
2020,11,13,3,3,0,1,0,1,1,0,0,7.049017336000077,50.94412243200003
2020,11,9,3,3,0,1,0,1,0,0,0,6.943458892000024,50.987070911000046
2020,11,10,4,3,0,1,0,1,0,0,0,6.97777074000004,50.919125853000025
2020,11,6,3,3,5,3,2,1,1,0,0,6.948777041000028,50.93642036500006
2020,11,18,4,3,1,7,2,1,1,0,0,6.918846617000042,50.95825633000004
2020,11,18,4,3,0,1,2,1,0,0,0,6.942177422000043,50.93195470500007
2020,11,8,4,3,4,6,0,1,1,0,0,7.629329508000069,51.97138699900006
2020,11,10,4,3,5,3,0,1,1,0,0,7.647290951000059,51.96805309400003
2020,12,18,6,3,1,5,2,1,1,0,0,7.025346030000037,50.939563332000034
2020,12,18,5,3,4,6,2,1,1,0,0,7.640216270000053,51.994984259000034
2020,12,17,5,3,0,3,2,1,1,0,0,7.589084310000033,51.960057988000074
2020,12,7,5,3,5,3,2,1,1,0,0,6.991380927000023,50.92399751500005
2020,12,7,5,3,5,3,2,1,1,0,0,6.960958882000057,50.984448771000075
2020,12,7,5,3,0,7,1,1,0,0,0,6.926722139000049,50.956822110000076
2020,12,5,5,3,5,2,2,1,1,0,0,6.956801891000055,50.948512952000044
2020,12,7,5,3,5,3,0,1,0,0,0,6.952865447000022,50.94149483000007
2020,12,16,6,3,2,6,2,1,1,0,0,7.575321541000051,51.96532037500003
2020,12,16,6,3,5,3,2,1,0,0,0,6.933311266000032,50.94376272900007
2020,12,7,4,3,5,3,2,1,1,0,0,7.662761616000068,51.93629884400008
2020,12,21,6,3,0,3,2,1,1,0,0,6.942709452000031,50.94463659400003
2020,12,10,4,3,0,7,0,1,1,0,0,7.55649717600005,51.99645549500008
2020,12,7,4,3,3,6,0,1,0,0,0,7.632805339000072,51.973084709000034
2020,12,17,4,3,0,2,2,1,1,0,0,7.001607510000042,50.94084404600005
2020,12,18,4,2,0,7,2,1,0,0,0,6.923590408000052,50.924004092000075
2020,12,16,4,3,0,1,0,1,0,0,0,6.95680151800002,50.93090469200007
2020,11,15,2,3,5,2,0,1,1,0,0,7.042259279000064,50.96511829000008
2020,11,7,2,3,1,5,0,1,1,0,0,6.892892504000031,50.96150046500003
2020,12,6,6,3,1,5,2,1,1,0,0,7.656792668000037,51.94037903800006
2020,11,11,2,3,0,1,0,1,0,0,0,6.919703465000055,50.91450558100007
2020,11,9,2,3,1,5,0,1,1,0,0,6.894886757000052,50.92092149900003
2020,12,8,3,3,3,5,0,1,1,0,0,7.64616989700005,51.95378257900006
2020,12,13,3,3,5,3,0,1,1,0,0,7.628934033000064,51.94477687300008
2020,12,16,3,3,5,2,1,1,1,0,0,7.032187564000026,50.970913788000075
2020,12,13,4,2,6,4,0,1,0,1,0,6.919734091000066,50.95395747300006
2020,12,5,2,3,5,3,2,1,1,0,0,6.994133249000072,50.957378196000036
2020,12,17,2,3,3,7,2,1,1,0,0,7.814188199000057,51.677189379000026
2020,12,7,3,3,1,5,0,1,0,0,0,7.00058296900005,50.93825473800007
2020,12,7,5,3,0,1,0,1,0,0,0,6.912036200000046,50.96527593800005
2020,12,13,2,3,5,3,0,1,1,0,0,6.981417069000031,50.93735474600004
2020,12,13,3,3,0,3,0,1,0,0,1,7.662911046000033,51.95696423000004
2020,12,8,4,3,0,1,1,1,0,0,0,7.615435755000021,51.97316810500007
2020,12,18,1,3,5,3,2,1,1,0,0,6.908602931000075,50.95720609300008
2020,12,13,2,2,5,3,0,1,1,0,0,6.924132454000073,50.95239064200007
2020,12,16,5,3,5,2,2,1,1,0,0,6.965282341000034,50.92520997100007
2020,12,16,4,3,5,3,1,1,1,0,0,7.018325702000027,50.94986598100007
2020,12,15,7,3,0,5,0,1,1,0,0,7.648061916000074,51.95651059800008
2020,12,21,5,3,4,2,2,1,1,0,0,7.781522322000058,51.668978303000074
2020,12,7,2,3,5,3,2,1,1,0,0,6.898780455000065,51.02531952000004
2020,12,13,7,3,5,3,0,1,1,0,0,7.060572801000035,50.900138053000035
2020,12,10,3,3,5,3,0,1,1,0,0,6.961674388000063,50.914610062000065
2020,12,18,2,3,1,5,2,1,1,0,0,6.911663092000026,50.986170386000026
2020,12,16,3,3,5,3,1,1,1,0,0,6.991114310000057,50.98693966900004
2020,12,10,2,3,5,3,0,1,1,0,0,6.948585345000026,50.93377954300007
2020,12,15,2,3,1,1,0,1,1,0,0,6.915571860000057,50.96199731100006
2020,12,16,3,3,0,1,2,1,0,0,0,6.93684704900005,50.918965969000055
2020,12,18,6,3,5,3,2,1,1,0,0,6.945597540000051,50.95947440000003
2020,12,14,6,3,5,3,0,1,1,0,0,6.966676154000027,50.966422969000064
2020,12,15,6,3,0,1,0,1,0,0,0,6.918488391000039,50.92115688900003
2020,12,18,3,3,5,3,2,1,1,0,0,6.934839169000043,50.94118909600007
2020,12,15,2,3,5,2,0,1,1,0,0,6.852858535000053,50.942212350000034
2020,12,12,2,3,0,1,0,1,0,0,0,6.914422253000055,50.920211495000046
2020,12,16,7,3,3,7,1,1,1,0,0,7.622473369000034,51.96169065400005
2020,12,16,7,3,5,3,2,1,1,0,0,6.994648515000051,50.94133156000004
2020,12,12,6,3,5,3,0,1,0,0,0,7.615612762000069,51.98610329300004
2020,12,9,5,2,3,1,0,1,1,0,0,7.001339586000029,50.93321526200003
2020,12,9,5,2,7,7,0,1,0,0,0,6.947697795000067,50.96525778500006
2020,12,13,2,3,5,3,0,1,1,0,0,7.59472800900005,51.99939596100006
2020,12,17,3,3,0,1,2,1,0,0,0,7.635287878000042,51.94847008900007
2020,12,13,6,2,0,1,0,1,0,0,0,6.926234279000028,50.955935553000074
2020,12,15,1,3,0,3,0,1,1,0,0,6.931626705000042,50.93142342600004
2020,12,17,2,3,2,3,2,1,1,0,0,7.021120241000062,50.97439422700006
2020,12,10,6,2,0,7,0,1,0,0,0,7.061356925000041,50.88784153200004
2020,12,12,5,3,5,3,0,1,1,0,0,7.825082126000041,51.683025385000064
2020,12,16,5,3,5,3,0,1,0,0,1,6.880390484000031,50.942581965000045
2020,12,7,3,3,5,3,2,1,1,0,0,7.658971471000029,51.95853500900006
2020,12,12,6,3,0,3,0,1,1,0,0,6.923364882000044,50.92433172600005
2020,12,12,4,3,5,6,0,1,1,0,0,7.575430331000064,51.929860407000035
2020,12,15,1,2,5,3,1,1,1,0,0,6.933236124000075,50.91359313600003
2020,12,12,4,3,1,5,0,1,1,0,0,6.989130739000075,50.995523139000056
2020,12,13,2,2,0,7,0,1,0,0,0,7.627270401000033,51.963850825000065
2020,12,15,4,2,5,2,0,1,1,0,0,6.918442607000031,50.928000248000046
2020,12,10,6,3,5,3,0,1,1,0,0,7.562426659000039,51.87318598200005
2020,12,12,3,3,0,1,0,1,0,0,0,6.942327925000029,50.93204471800004
2020,12,15,6,3,5,4,0,1,0,1,0,7.069085405000067,50.882057641000074
2020,12,13,3,3,1,1,0,1,1,0,0,7.649042950000023,51.95235427000006
2020,12,15,6,3,5,2,0,1,1,0,0,6.964446215000066,50.90407062300005
2020,12,12,1,3,5,3,0,1,1,0,0,6.873172733000047,50.95803063500006
2020,12,10,3,3,0,5,0,1,1,0,0,6.920313837000037,50.94572273700004
2020,12,12,7,3,0,7,0,1,0,0,0,7.683635018000075,51.91611686700003
2020,12,22,7,3,0,1,2,1,0,0,0,7.635178878000033,51.94814378500007
2020,12,22,7,3,1,5,2,1,1,0,0,6.920776948000025,50.953571202000035
2020,12,20,5,2,0,1,2,1,0,0,0,6.943240240000023,50.91070471000006
2020,12,16,4,3,5,3,1,1,1,0,0,6.897416457000077,50.96676504800007
2020,12,17,4,2,0,7,2,1,0,0,0,6.914963832000069,50.970143964000044
2020,12,14,3,3,5,5,0,1,1,0,0,7.021251266000036,50.92982061100008
2020,12,9,4,3,0,5,0,1,1,0,0,6.94084936400003,50.92100456800006
2021,9,14,6,3,1,6,0,1,0,0,0,6.881843960000026,50.93760046600005
2021,3,14,2,3,5,2,0,1,0,0,0,6.886175321000053,50.964272754000035
2021,4,11,3,3,0,7,0,1,1,0,0,6.855605844000024,50.93787516900005
2021,6,8,3,2,0,7,0,1,0,0,0,6.913534076000076,50.95225775700004
2021,6,14,4,3,5,3,0,1,1,0,0,6.892181037000057,50.99200115800005
2021,6,14,6,3,5,3,0,1,1,0,0,6.972346823000066,50.957018617000074
2021,7,8,4,3,8,1,0,1,1,1,0,6.957105768000076,50.952176300000076
2021,1,18,1,3,3,6,2,1,1,0,0,6.907412811000029,50.93695891100003
2021,3,14,4,3,6,4,0,1,0,1,0,6.910434333000069,50.93685174500007
2021,10,17,2,2,0,1,0,1,0,0,0,6.951112702000046,50.948531383000045
2021,5,19,3,3,7,1,0,1,0,0,0,6.931473977000053,50.947688646000074
2021,3,15,1,3,4,6,0,1,0,0,0,6.929943181000056,50.936650867000026
2021,6,10,5,2,0,1,0,1,0,0,0,6.912025859000039,50.92418722100007
2021,9,16,5,3,1,7,0,1,1,0,0,6.919583514000067,50.95324238000006
2021,12,15,5,3,3,6,1,1,1,0,0,6.936416523000048,50.94177223400004
2021,6,14,6,3,5,3,0,1,0,0,0,6.910486705000039,50.92845288700005
2021,2,18,5,3,3,5,2,1,1,0,0,6.913787501000058,50.95209267100006
2021,10,19,2,2,5,3,2,1,1,0,0,6.947862576000034,50.89333601000004
2021,4,14,3,3,5,3,0,1,1,0,0,6.932126976000063,50.871007331000044
2021,3,16,7,3,5,2,0,1,1,0,0,6.935434735000058,50.93651829800007
2021,4,0,1,3,0,7,2,1,0,0,0,6.949384481000038,50.95548295400005
2021,2,11,4,3,6,4,0,1,0,1,0,6.953815164000048,50.96404934200007
2021,5,14,2,2,8,1,0,1,0,0,0,6.965874091000046,50.90373708700008
2021,9,15,4,2,0,1,0,1,0,0,0,6.954833304000033,50.99870727800004
2021,3,10,3,3,5,3,0,1,0,0,0,6.902199232000044,50.957002626000076
2021,3,15,4,2,5,3,0,1,1,0,0,6.868245897000065,50.95885395600004
2021,2,16,2,3,0,6,0,1,1,0,0,6.956615835000036,50.92229302000004
2021,9,18,5,3,5,2,0,1,1,0,0,6.948051422000049,50.95485775700007