UJAHR,UMONAT,USTUNDE,UWOCHENTAG,UKATEGORIE,UART,UTYP1,ULICHTVERH,IstRad,IstPKW,IstFuss,IstKrad,XGCSWGS84,YGCSWGS84
2021,12,23,3,3,0,7,2,1,1,0,0,6.91770486300004,50.94955537800007
2021,3,16,3,3,1,5,0,1,1,0,0,6.962591861000021,50.95090051300008
2021,1,19,7,3,5,3,2,1,1,0,0,6.953144457000064,50.93526247600005
2021,11,12,4,3,0,1,0,1,0,0,0,6.95483471600005,50.99874305800006
2021,2,14,5,3,0,7,0,1,0,0,0,6.978185608000047,50.84809961700006
2021,10,12,3,3,6,4,0,1,0,1,0,6.915926247000073,50.95070724800007
2021,6,20,4,2,3,2,0,1,1,0,0,6.925929520000068,50.936747439000044
2021,12,12,7,3,5,7,0,1,1,0,0,6.908447300000034,50.92818650000004
2021,12,18,3,2,5,3,2,1,1,0,0,6.968936624000037,50.955796242000076
2021,5,14,5,3,0,7,0,1,0,0,0,6.909024857000077,50.95475089400003
2021,11,15,5,3,0,7,0,1,0,0,0,6.900733510000066,50.95751057200005
2021,2,10,3,3,0,1,0,1,0,0,0,6.94491127200007,50.93581031900004
2021,6,15,6,3,0,3,0,1,1,0,0,6.977660288000038,50.92952493300004
2021,9,19,3,3,0,2,2,1,1,0,0,6.916589416000022,50.95027863900003
2021,3,8,4,3,0,1,0,1,0,0,0,6.948268081000037,50.95495740900003
2021,5,15,4,3,3,2,0,1,1,0,0,6.923530176000043,50.94698197500003
2021,9,17,5,2,0,1,0,1,0,0,0,6.977684819000046,50.90675393200007
2021,12,10,4,2,6,6,0,1,0,1,0,6.908253761000026,50.92755852100004
2021,9,8,6,3,5,2,0,1,1,0,0,6.898385339000072,50.99601834400005
2021,5,11,3,3,0,2,0,1,1,0,0,6.952543770000034,50.96959283700005
2021,7,14,3,3,5,2,0,1,0,0,0,6.92838389800005,50.94493580100004
2021,12,20,6,3,5,2,2,1,1,0,0,6.940995705000034,50.95377735100004
2021,11,6,4,3,5,2,2,1,1,0,0,6.90298797500003,50.956736902000046
2021,11,15,4,2,0,7,0,1,0,0,0,6.907255527000075,51.012919528000054
2021,6,11,7,3,5,2,0,1,1,0,0,6.940242302000058,50.968241152000076
2021,9,16,1,3,0,1,0,1,0,0,0,6.971152388000064,50.87694970200005
2021,11,17,3,3,9,4,2,1,0,1,0,6.937231990000043,50.941332473000045
2021,11,12,3,3,6,4,0,1,0,1,0,6.910744339000075,50.95405087600005
2021,10,15,6,2,5,3,0,1,1,0,0,6.902676762000056,50.926436643000045
2021,9,10,2,3,5,3,0,1,0,0,0,6.950242212000035,50.87457372500006
2021,7,18,2,3,5,2,0,1,0,0,0,6.939049414000067,50.93541623200008
2021,9,13,5,3,0,6,0,1,0,1,0,6.922786131000066,50.91140006100005
2021,5,17,5,2,4,6,0,1,0,0,0,6.960739826000065,50.93554906700007
2021,6,17,1,3,3,1,0,1,1,0,0,6.953433172000075,50.966058246000046
2021,7,18,5,3,3,2,0,1,1,0,0,6.88221294300007,50.93778502200007
2021,3,15,6,3,1,5,0,1,0,0,0,6.954781965000052,50.95694724700007
2021,1,16,6,3,4,6,0,1,0,0,0,6.924967370000047,50.93356030000007
2021,9,0,1,3,0,6,2,1,0,0,0,6.91294378300006,50.92942222200003
2021,3,15,3,3,5,3,0,1,1,0,0,6.859020736000048,50.97561520100004
2021,9,17,4,2,0,3,0,1,0,0,0,6.929041472000051,50.93669630800008
2021,6,18,3,3,4,6,0,1,0,0,0,6.972508059000063,50.955163491000064
2021,10,14,2,3,0,1,0,1,0,0,0,6.906637475000025,50.95554075000007
2021,4,14,5,3,3,3,0,1,1,0,0,6.911205593000034,50.940396142000054
2021,9,13,1,2,0,7,0,1,0,0,0,6.865959092000026,50.97060912400008
2021,5,7,5,3,5,3,0,1,0,0,0,6.956725677000065,50.90383108200007
2021,6,17,4,3,1,5,0,1,1,0,0,6.917462360000059,50.94971217700004
2021,10,6,2,2,5,2,2,1,1,0,0,6.980728038000052,50.897991438000076
2021,10,16,3,3,5,3,0,1,1,0,0,6.852095768000027,50.91385821500006
2021,9,16,6,3,0,1,0,1,0,0,0,6.895272040000066,50.92527865900007
2021,4,17,3,3,0,1,0,1,0,0,0,6.954795025000067,50.99773713600007
2021,9,2,7,2,3,6,2,1,0,0,0,6.860521581000057,50.91278622900006
2021,5,17,2,3,5,3,0,1,0,0,0,6.949875488000032,50.93529500600005
2021,9,18,5,2,5,3,0,1,0,0,0,6.882230440000058,50.93758998900006
2021,11,8,2,3,0,3,0,1,1,0,0,6.88574757400005,51.023784188000036
2021,11,18,5,3,0,6,2,1,0,1,0,6.936260786000048,50.93538898800006
2021,3,19,5,3,5,2,2,1,1,0,0,6.956722652000053,50.90383119900008
2021,6,8,4,3,3,2,0,1,0,0,0,6.947098578000066,50.92629352200004
2021,11,19,4,3,0,1,2,1,0,0,0,6.927610554000069,50.94528692800003
2021,12,13,5,3,4,6,0,1,0,0,0,6.940154256000028,50.94141603300005
2021,10,14,2,3,5,3,0,1,1,0,0,6.851257779000036,51.05452371700005
2021,3,22,4,2,9,1,2,1,0,0,0,6.969863942000075,50.957372752000026
2021,2,14,1,3,0,3,0,1,1,0,0,6.921577588000048,50.85452540500006
2021,9,16,5,3,0,7,0,1,0,0,0,6.962840632000052,50.92847726300005
2021,12,11,5,3,5,3,0,1,0,0,0,6.881716699000037,50.93779810500007
2021,12,20,2,3,0,2,2,1,1,0,0,6.955593376000024,50.95716216800008
2021,10,10,3,3,1,5,0,1,1,0,0,6.946140325000044,50.93615833700005
2021,12,1,1,3,0,1,2,1,0,0,0,6.916332609000051,50.91791830500006
2021,11,14,5,3,0,7,0,1,0,0,0,6.972469322000052,50.91295388800006
2021,6,16,5,3,3,5,0,1,1,0,0,6.912217574000067,50.95311192100007
2021,3,21,7,2,0,1,2,1,1,0,0,6.915596786000037,50.94900271500006
2021,2,19,3,3,5,2,2,1,1,0,0,6.920214506000036,50.94836669400007
2021,9,8,5,2,0,3,0,1,1,0,0,6.960372244000041,50.935407671000064
2021,6,21,5,3,3,2,1,1,0,0,0,6.924941900000022,50.93777206300007
2021,4,15,3,3,5,3,0,1,1,0,0,6.924268644000051,50.936757768000064
2021,4,14,5,3,0,5,0,1,1,0,0,6.915763629000026,50.95081234500003
2021,5,17,7,3,0,5,0,1,1,0,0,6.954246376000071,50.96213598600008
2021,9,14,4,3,0,3,0,1,1,0,0,6.86759655700007,50.922478873000045
2021,6,19,4,3,6,7,0,1,0,1,0,6.910735204000048,50.925572008000074
2021,9,16,1,3,4,6,0,1,0,0,0,6.966559810000035,50.92338059700006
2021,2,16,1,3,5,3,0,1,0,0,0,6.973383722000051,50.939896385000054
2021,7,1,1,2,7,7,2,1,0,0,0,6.927304584000069,50.910465661000046
2021,6,9,5,3,1,5,0,1,1,0,0,6.978145863000066,50.938195361000055
2021,9,7,3,3,5,3,0,1,0,0,0,6.912561590000053,50.94540321300008
2021,9,12,4,3,6,4,0,1,0,1,0,6.934942418000048,50.93652504700003
2021,3,20,2,3,1,5,1,1,1,0,0,6.941028429000028,50.93013514900008
2021,10,11,1,3,5,2,0,1,1,0,0,6.92478784900004,50.93675455200008
2021,3,17,5,3,2,6,0,1,0,0,0,6.939015891000054,50.93675419300007
2021,5,16,2,3,4,1,0,1,0,0,0,6.915479851000043,50.95099574200003
2021,11,10,3,3,0,7,0,1,0,0,0,6.941588034000063,50.94430364700003
2021,11,14,6,3,3,2,0,1,1,0,0,6.857812340000066,50.93054448600003
2021,3,9,5,3,5,2,0,1,1,0,0,6.94019664700005,50.94161689200007
2021,5,15,2,3,5,3,0,1,0,0,0,6.907987135000042,50.933167049000076
2021,5,12,3,3,0,1,0,1,0,0,0,6.94780935600005,50.982382604000065
2021,6,19,1,3,1,5,0,1,1,0,0,6.971008223000069,50.93280084600008
2021,11,6,3,3,5,2,2,1,1,0,0,6.910667059000048,50.93976645200007
2021,2,10,7,3,0,5,0,1,1,0,0,6.914332822000063,50.951736795000045
2021,6,13,6,2,5,3,0,1,1,0,0,6.856769887000041,50.92029847200007
2021,6,14,4,3,0,1,0,1,0,0,0,6.957617310000046,50.935319535000076
2021,9,16,6,2,5,3,0,1,1,0,0,6.829184699000052,50.95775659900005
2021,4,14,2,3,6,4,0,1,0,1,0,6.917878960000053,50.951154091000035
2021,3,10,3,3,5,2,0,1,1,0,0,6.903650500000026,50.93719903400006
2021,6,16,5,3,8,6,0,1,0,0,0,6.873649651000051,50.98268725200006
2021,12,7,2,3,3,2,0,1,1,0,0,6.962757055000054,50.92967580000004
2021,10,14,5,3,2,7,0,1,1,0,0,6.953148846000033,50.935261670000045
2021,2,19,2,3,1,5,2,1,1,0,0,6.955904996000072,50.950078983000026
2021,2,9,6,3,5,3,0,1,1,0,0,6.97316217100007,50.86841915600007
2021,4,19,5,2,4,6,0,1,0,0,0,6.943585299000063,50.94561038900008
2021,4,18,2,3,0,2,0,1,1,0,0,6.939381444000048,50.92706071300006
2021,3,17,5,3,5,3,1,1,0,0,0,6.929361122000046,50.93668607800004
2021,11,15,5,2,3,5,1,1,1,0,0,6.919880096000043,50.94851099200008
2021,11,12,6,3,5,2,0,1,1,0,0,6.924786644000051,50.93655050600006
2021,3,19,2,3,0,5,0,1,1,0,0,6.957997169000066,50.921427607000055
2021,9,20,6,3,5,2,2,1,1,0,0,6.926520835000076,50.86041295000007
2021,6,14,5,3,1,5,0,1,1,0,0,6.939220957000032,50.93029115600007
2021,1,7,4,3,4,2,1,1,1,0,0,6.881249903000025,50.966447680000044
2021,11,18,6,2,4,1,2,1,0,0,0,6.924786644000051,50.93655050600006
2021,3,9,6,3,0,1,0,1,0,0,0,6.933391827000037,50.92158279300003
2021,7,22,3,3,0,1,2,1,0,0,0,6.940612721000036,50.93112761000003
2021,9,14,5,3,1,5,0,1,1,0,0,6.918519003000029,50.94909913600003
2021,9,16,5,3,5,3,0,1,1,0,0,6.949778820000063,50.95562216800005
2021,6,13,3,3,5,2,0,1,1,0,0,6.966570029000025,50.90397637900003
2021,9,15,7,3,1,3,0,1,1,0,0,6.886283779000053,50.93405616200005
2021,9,9,5,3,3,2,0,1,1,0,0,6.955750659000046,50.95711288100006
2021,3,22,2,3,5,3,2,1,1,0,0,6.944265598000072,50.927546137000036
2021,1,7,4,3,5,2,1,1,0,0,0,6.916323060000025,50.91793634900006
2021,6,19,5,3,2,6,0,1,0,0,0,6.911799323000025,50.95337989800004
2021,9,13,3,3,6,4,0,1,0,1,0,6.962906475000068,50.93224768600004
2021,12,17,4,3,0,1,1,1,0,0,0,6.907190169000046,50.90359736900007
2021,9,4,7,3,0,1,2,1,0,0,0,6.939351018000025,50.93827608400005
2021,6,16,2,3,5,2,0,1,1,0,0,6.930271253000058,50.936623618000056
2021,6,13,5,2,5,3,0,1,1,0,0,6.969460905000062,50.882985751000035
2021,10,17,7,3,5,2,0,1,1,0,0,6.974029628000039,50.95622019600006
2021,11,10,7,3,0,5,0,1,1,0,0,6.916228922000073,50.91879422200003
2021,6,17,6,3,0,2,0,1,1,0,0,6.933881623000048,50.96451117400005
2021,5,16,4,3,5,2,0,1,1,0,0,6.940625493000027,50.99269256500003
2021,6,21,6,3,2,2,0,1,1,0,0,6.936956528000053,50.93158548400004
2021,9,12,5,3,5,3,0,1,0,0,1,6.912345213000037,50.92381931700004
2021,5,8,5,3,0,3,0,1,0,0,0,6.967027187000042,50.92287039000007
2021,7,18,6,3,5,2,0,1,1,0,0,6.947213540000064,50.93011764700003
2021,6,8,3,3,0,1,0,1,0,0,0,6.860913174000075,50.984175237000045
2021,12,7,4,3,5,3,0,1,1,0,0,6.853698550000047,50.93808999300006
2021,6,9,4,3,4,6,0,1,1,0,0,6.911767548000057,50.924472439000056
2021,10,8,5,3,0,3,0,1,0,0,0,6.915006670000025,50.93024993900008
2021,1,7,3,2,5,2,2,1,1,0,0,6.928338091000057,50.94507292900005
2021,7,9,5,3,0,1,0,1,0,0,0,6.962710229000038,50.93114011600005
2021,6,20,6,3,0,1,0,1,0,0,0,6.907623935000061,50.93257147600008
2021,12,10,4,3,5,3,0,1,1,0,0,6.962508102000072,50.943092042000046
2021,6,18,4,3,0,1,0,1,0,0,0,6.828718301000038,50.95095281500005
2021,7,1,7,3,8,1,2,1,0,0,0,6.95441538700004,50.94978000800006
2021,9,8,2,3,5,3,0,1,0,0,0,6.955079219000027,51.01944000900005
2021,5,17,6,3,5,3,0,1,0,0,0,6.92683782000006,50.936725815000045
2021,10,8,5,3,5,2,0,1,1,0,0,6.893111124000029,50.937260765000076
2021,5,15,5,3,5,3,0,1,1,0,0,6.925451804000033,50.93975286600005
2021,12,1,1,3,4,6,2,1,0,0,0,6.938981978000072,50.93641287300005
2021,2,10,5,3,3,3,0,1,1,0,0,6.942636940000057,50.945281926000064
2021,4,15,4,3,4,6,0,1,1,0,0,6.975996605000034,50.92757438000007
2021,1,16,4,2,0,1,1,1,0,0,0,6.908781670000053,50.92833385500006
2021,12,14,6,3,7,1,0,1,0,0,0,6.940624200000059,50.99269386900005
2021,6,18,1,3,0,1,0,1,0,0,0,6.910517257000038,50.95418943700008
2021,11,14,1,2,5,3,0,1,1,0,0,6.856754598000066,50.920295374000034
2021,10,7,5,3,5,3,0,1,1,0,0,6.947935795000035,50.89342227900005
2021,6,17,5,3,5,2,0,1,1,0,0,6.932077154000069,50.962991669000075
2021,7,14,3,3,5,2,0,1,1,0,0,6.92179771900004,50.95504085700003
2021,5,17,3,2,3,3,0,1,1,0,0,6.962122961000034,50.93624719200005
2021,9,9,5,3,5,2,0,1,1,0,0,6.92657245700002,50.93104061900004
2021,7,12,4,3,1,3,0,1,0,0,0,6.91296152700005,50.94304512200006
2021,4,15,3,3,0,6,0,1,1,0,0,6.908725041000025,50.93710240000007
2021,5,19,4,3,6,4,0,1,0,1,0,6.919965540000021,50.94847412300004
2021,7,18,4,2,3,6,0,1,0,0,0,6.964324355000031,50.92636572300006
2021,12,15,3,3,5,3,0,1,1,0,0,6.910501169000042,50.93960989400006
2021,4,11,5,3,5,2,0,1,1,0,0,6.953144053000074,50.93526255100005
2021,4,14,7,3,1,5,0,1,1,0,0,6.973602925000023,50.92923900400007
2021,1,12,3,3,5,2,0,1,1,0,0,6.945740981000029,50.94657554300005
2021,11,17,5,2,0,1,2,1,0,0,0,6.939361530000042,50.927042346000064
2021,10,17,7,3,8,1,0,1,0,0,0,6.864788784000041,51.06785033500006
2021,9,10,7,3,5,3,0,1,1,0,0,6.968926628000077,50.95580434900006
2021,11,18,3,3,6,6,2,1,0,1,0,6.921042988000067,50.91427221500004
2021,12,22,2,3,0,1,2,1,0,0,0,6.959969943000033,50.93531191000005
2021,9,12,2,2,0,1,0,1,0,0,0,6.878510505000065,50.93781617500008
2021,9,18,2,3,3,7,1,1,0,0,0,6.939078201000029,50.92678543400007
2021,1,7,6,3,5,3,2,1,1,0,0,6.915625736000038,50.970985917000064
2021,6,8,3,3,5,3,0,1,1,0,0,6.891333929000041,50.920386474000054
2021,5,20,3,2,5,2,0,1,1,0,0,6.941444402000059,50.929204422000055
2021,11,11,5,3,5,2,0,1,1,0,0,6.958736164000072,50.95013462600008
2021,4,15,4,3,3,6,0,1,0,0,0,6.946482957000057,50.946889362000036
2021,6,15,7,2,0,1,0,1,0,0,0,6.940488506000065,50.88491636100008
2021,3,9,4,3,6,7,0,1,0,1,0,6.918805223000049,50.952162239000074
2021,3,18,5,2,0,2,0,1,1,0,0,6.852452203000041,50.93794024500005
2021,7,13,6,3,0,2,0,1,1,0,0,6.93631627700006,50.90680882700008
2021,6,7,4,3,6,4,0,1,0,1,0,6.910650672000031,50.93975098700008
2021,6,17,2,3,4,3,0,1,0,0,0,6.954207475000032,50.93510547300008
2021,7,18,2,2,0,7,0,1,0,0,0,6.932616164000024,50.93629804700004
2021,4,14,5,3,5,2,0,1,1,0,0,6.927379722000069,50.91579515800004
2021,10,20,3,2,0,1,2,1,0,0,0,6.939805529000068,50.93990540300007
2021,5,21,3,3,5,2,0,1,1,0,0,6.935304898000027,50.94239005500003
2021,2,16,7,3,5,3,0,1,1,0,0,6.909908832000042,50.954454111000075
2021,5,11,6,2,4,3,0,1,1,0,0,6.95298329000002,50.893665560000045
2021,2,17,1,3,5,3,0,1,1,0,0,6.977916191000077,50.92578951000007
2021,12,12,3,3,0,1,0,1,0,0,0,6.916619982000043,50.95025888400005
2021,6,0,4,2,0,1,2,1,0,0,0,6.908278130000042,50.936925718000055
2021,12,17,6,3,5,2,2,1,1,0,0,6.902206953000075,50.937233244000026
2021,7,20,7,2,8,1,1,1,1,0,0,6.888749751000034,50.99086147200006
2021,9,17,5,3,3,6,0,1,0,0,0,6.927617830000031,50.91569195500006
2021,6,9,4,3,1,5,0,1,1,0,0,6.918050246000064,50.94934868800004
2021,5,23,3,3,0,1,2,1,0,0,0,6.911471479000056,50.92473904500008
2021,3,14,4,3,4,6,0,1,0,0,0,6.939000579000037,50.93613989000005
2021,12,8,6,3,5,3,0,1,1,0,0,6.927598843000055,50.929007107000075
2021,1,10,5,3,5,3,0,1,1,0,0,6.940245053000069,50.96824154800004
2021,11,13,3,3,3,6,0,1,1,0,0,6.918145143000061,50.94929485800003
2021,6,17,2,3,5,2,0,1,1,0,0,6.92325300300007,50.93676490400003
2021,1,9,6,3,0,2,0,1,1,0,0,6.936289015000057,50.906818857000076
2021,10,0,1,3,6,4,2,1,0,1,0,6.91068130900004,50.93978311500007
2021,6,14,3,3,5,2,0,1,1,0,0,6.950650534000033,50.97400373900007
2021,9,16,5,3,3,6,0,1,1,0,0,6.974531303000049,50.85971501500006
2021,6,17,5,3,5,3,0,1,1,0,0,6.927247426000065,50.94542713000004
2021,7,1,4,3,0,6,2,1,0,0,1,6.93964551800002,50.94059036400006
2021,6,14,6,3,0,6,0,1,1,0,0,6.953452435000031,50.96594624700003
2021,3,14,4,2,0,1,0,1,0,0,0,6.954794769000046,50.99773066900008
2021,12,12,4,3,4,6,0,1,1,0,0,6.944739689000073,50.93580840100003
2021,6,21,2,2,0,7,0,1,0,0,0,6.977880224000046,50.93764215300007
2021,9,23,4,3,4,6,2,1,0,0,0,6.912583193000046,50.92354593600004
2021,6,20,6,3,0,5,0,1,1,0,0,6.908071016000065,50.93141445200007
2021,9,23,3,3,0,1,2,1,0,0,0,6.948516156000039,50.93633369600008
2021,5,8,2,3,4,3,0,1,0,0,0,6.940339551000022,50.942959881000036
2021,1,5,3,2,5,3,2,1,1,0,0,6.936966575000042,50.99728358800007
2021,6,15,3,3,0,3,0,1,1,0,0,6.901523586000053,50.926336796000044
2021,7,12,6,3,3,6,0,1,1,0,0,6.915304954000021,50.951108772000055
2021,2,14,5,3,5,3,0,1,1,0,0,6.957135909000044,50.935139022000044
2021,5,16,2,3,0,1,0,1,0,0,0,6.939711481000074,50.933297131000074
2021,12,18,5,3,3,5,2,1,1,0,0,6.91735331700005,50.949782682000034
2021,2,10,4,3,5,3,0,1,1,0,0,6.934041332000049,50.93653898300005
2021,9,14,3,3,5,3,0,1,0,0,0,6.954744905000041,50.95923033400004
2021,6,16,3,3,0,2,0,1,1,0,0,6.930232669000077,50.93662677900005
2021,5,12,2,3,0,1,0,1,0,0,0,6.92003304900004,50.94844499300007
2021,6,9,5,3,5,3,0,1,1,0,0,6.933881623000048,50.96451117400005
2021,6,18,7,3,0,5,0,1,1,0,0,6.908170204000044,50.935112960000026
2021,9,14,6,3,0,1,0,1,0,0,0,6.983337420000055,50.937329463000026
2021,5,13,1,3,5,3,0,1,0,0,0,6.895690473000059,50.91469747800005
2021,9,13,2,3,0,2,0,1,1,0,0,6.935546815000066,50.94225558000005
2021,9,18,4,3,0,1,0,1,0,0,0,6.911078006000025,50.93683408000004
2021,6,8,2,2,5,2,0,1,1,0,0,6.914064327000062,50.93674598300004
2021,5,9,3,3,1,5,0,1,1,0,0,6.954177125000058,50.96242572400007
2021,6,17,6,3,0,1,0,1,0,0,0,6.946090562000052,50.98602096600007
2021,6,22,7,2,0,1,1,1,0,0,0,6.930963152000061,50.93548788900006
2021,9,16,3,3,0,1,0,1,1,0,0,6.920444462000034,50.948269925000034
2021,2,9,6,3,1,5,0,1,1,0,0,6.953380295000045,50.96636568800005
2021,11,6,3,3,9,1,1,1,0,0,0,6.855452540000044,50.93787836300004
2021,10,0,1,3,0,1,2,1,0,0,0,6.924807905000023,50.93462992100007
2021,12,16,6,3,5,3,2,1,1,0,0,6.91563751700005,50.97097788800005
2021,7,20,7,3,0,2,1,1,1,0,0,6.941225603000021,50.94393445400004
2021,5,10,6,3,3,2,0,1,1,0,0,6.852418876000058,50.93810767800005
2021,11,13,3,3,4,6,0,1,0,0,0,6.905844175000027,50.93697572500008
2021,6,17,5,3,1,5,0,1,0,0,0,6.923630379000031,50.95730526300008
2021,10,6,1,2,0,1,2,1,0,0,0,6.937470414000074,50.936489857000026
2021,10,17,6,2,5,2,0,1,0,0,0,6.910554774000047,50.95416654500008
2021,6,13,7,3,5,3,0,1,0,0,0,6.951137061000054,50.97287548600008
2021,12,10,5,3,0,5,0,1,0,0,0,6.916880048000053,50.91756793400003
2021,1,9,5,3,5,3,0,1,1,1,0,6.948324524000043,50.93557256400004
2021,11,12,6,3,0,2,0,1,0,0,0,6.928522643000065,50.945057166000026
2021,9,16,6,3,3,2,0,1,1,0,0,6.924557765000031,50.93726172400005
2021,11,1,1,2,0,1,2,1,1,0,0,6.936930307000068,50.88034163900005
2021,10,20,6,3,0,1,2,1,0,0,0,6.87617184800007,50.924223477000055
2021,4,23,6,3,3,5,2,1,1,0,0,6.954370354000048,50.961588694000056
2021,9,7,3,3,5,3,1,1,1,0,0,6.932368029000031,50.94842472500005
2021,5,13,1,3,7,7,0,1,0,0,0,6.962294738000026,50.93626004600003
2021,5,14,2,3,7,5,0,1,1,0,0,6.953986787000076,50.96326161200005
2021,11,19,1,3,3,6,2,1,1,0,0,6.886255676000076,50.93410650800007
2021,6,14,5,3,5,3,0,1,1,0,0,6.977916191000077,50.92578951000007
2021,4,18,5,3,3,2,0,1,1,0,0,6.898340458000064,50.99605464500007
2021,6,11,5,3,5,3,0,1,1,0,0,6.941430183000023,50.929220574000055
2021,3,13,5,3,0,1,0,1,0,0,0,6.938324300000033,50.930816665000066
2021,4,16,5,3,3,6,0,1,0,0,0,6.916994267000064,50.90579493100006
2021,2,15,7,3,6,4,0,1,0,1,0,6.953929463000065,50.96352145100008
2021,10,13,6,2,0,1,0,1,0,0,0,6.863598956000033,50.937822666000045
2021,10,11,6,3,4,2,0,1,1,0,0,6.912858051000057,50.945006189000026
2021,12,17,2,2,3,2,2,1,0,0,1,6.979451915000027,50.84950065600003
2021,10,18,2,3,5,3,1,1,1,0,0,6.935792757000058,50.92341997800003
2021,11,3,7,3,0,1,2,1,0,0,0,6.949007072000029,50.95528840900005
2021,10,11,5,3,5,3,0,1,1,0,0,6.96655316600004,50.903974633000075
2021,10,14,1,2,0,1,0,1,0,0,0,6.954830082000058,50.998625606000076
2021,9,10,2,3,5,3,0,1,1,0,0,6.977599818000044,50.93471229200003
2021,2,10,5,3,5,3,0,1,1,0,0,6.925418301000036,50.939667634000045
2021,2,14,4,3,0,1,0,1,0,0,0,6.977295516000027,50.953450333000035
2021,4,19,4,3,5,2,0,1,1,0,0,6.927419585000052,50.861944581000046
2021,10,17,3,3,0,1,0,1,0,0,0,6.93213600200005,50.93548836600007
2021,2,15,1,3,5,3,0,1,1,0,0,6.830071585000042,50.96433117000004
2021,4,15,5,3,2,6,0,1,1,0,0,6.913355455000044,50.95237367200008
2021,4,8,2,3,5,2,0,1,0,0,0,6.952207301000044,50.93541372800007
2021,5,20,7,3,3,6,1,1,0,0,0,6.971548677000044,50.850042632000054
2021,11,17,7,3,5,3,2,1,1,0,0,6.924461615000041,50.93655099600005
2021,10,15,6,2,0,4,0,1,0,1,0,6.877716596000027,50.998685273000035
2021,6,15,4,2,5,2,0,1,1,0,0,6.895313605000069,50.925286878000065
2021,1,17,6,3,5,2,2,1,1,0,0,6.928338091000057,50.94507292900005
2021,11,18,1,3,5,2,2,1,1,0,0,6.90809133700003,50.931228719000046
2021,12,14,4,3,1,5,0,1,1,0,0,6.948857519000057,50.92521923700008
2021,9,14,7,3,5,7,0,1,1,0,0,6.911772843000051,50.95339686300008
2021,9,17,4,3,5,2,0,1,1,0,0,6.927957976000073,50.95967672000006
2021,4,16,3,3,0,3,0,1,0,0,0,6.935557644000028,50.94224956200003
2021,11,13,2,3,0,1,0,1,0,0,0,6.954835879000029,50.99877251500004
2021,9,14,6,3,0,1,0,1,0,0,0,6.969147029000055,50.91850121600004
2021,4,10,3,3,6,6,0,1,0,1,0,6.953529049000053,50.96549638100004
2021,9,11,2,3,5,2,0,1,1,0,0,6.952444917000037,50.969833839000046
2021,9,13,4,3,5,3,0,1,1,0,0,6.98325899200006,50.937320028000045
2021,4,9,5,3,0,3,0,1,1,0,0,6.937307721000025,50.92510597100005
2021,5,17,7,3,4,6,0,1,0,0,0,6.942782587000067,50.96908010900006
2021,9,7,5,3,5,3,0,1,1,0,0,6.956715754000072,50.90383146700003
2021,12,17,5,3,5,3,2,1,1,0,0,6.89533911500007,50.95994370900007
2021,5,17,2,3,5,3,0,1,1,0,0,6.962757407000026,50.92849550700004
2021,6,18,2,3,0,3,0,1,1,0,0,6.911047422000024,50.94021119900003
2021,4,13,3,3,5,3,0,1,1,0,0,6.95401462600006,50.873524443000065
2021,5,20,7,3,0,1,1,1,0,0,0,6.912978873000043,50.95261545800008
2021,12,13,7,3,3,2,0,1,0,0,0,6.921246189000044,50.94793436300006
2021,10,10,1,3,2,6,0,1,1,0,0,6.835018614000035,51.00526092000007
2021,12,9,4,3,0,1,0,1,0,0,0,6.903777830000024,50.95647281200007
2021,5,18,4,3,0,2,0,1,1,0,0,6.920333306000032,50.932098447000044
2021,3,10,5,3,0,5,0,1,1,0,0,6.909949918000052,50.93871585100004
2021,1,17,6,3,3,2,1,1,1,0,0,6.953615372000058,50.96504828700006
2021,11,7,3,3,3,6,0,1,0,0,0,6.929772937000052,50.92590159800005
2021,9,13,7,2,0,1,0,1,0,0,0,6.84015140200006,51.046861636000074
2021,11,17,2,3,0,7,2,1,0,1,0,6.971711776000063,50.904811316000064
2021,10,14,2,3,3,2,0,1,1,0,0,6.903139814000042,50.95668444900008
2021,12,7,2,3,5,3,2,1,1,0,0,6.916839865000043,50.91699883000007
2021,7,19,1,3,0,3,0,1,1,0,0,6.931673328000045,50.94399726200004
2021,5,19,7,3,0,7,0,1,0,0,0,6.917086606000055,50.950630569000054
2021,5,12,1,3,0,7,0,1,0,0,0,6.953296387000023,50.96678607900003
2021,6,15,6,3,5,3,0,1,1,0,0,6.855265701000064,50.93806012600004
2021,10,17,1,3,0,7,0,1,1,0,0,6.927106431000027,50.94548590000005
2021,7,22,2,2,0,1,1,1,0,0,0,6.916586327000061,50.94989395600004
2021,3,16,5,3,0,2,0,1,1,0,0,6.852415510000071,50.93794091700005
2021,6,13,3,3,5,3,0,1,0,0,0,6.932621428000061,50.93656096800004
2021,5,11,4,3,5,3,0,1,1,0,0,6.90755598800007,50.927282554000044
2021,12,16,2,3,0,2,1,1,1,0,0,6.903063215000032,50.956711718000065