UJAHR,UMONAT,USTUNDE,UWOCHENTAG,UKATEGORIE,UART,UTYP1,ULICHTVERH,IstRad,IstPKW,IstFuss,IstKrad,XGCSWGS84,YGCSWGS84
2021,12,17,2,3,5,2,1,1,1,0,0,6.896661387000051,50.925595256000065
2021,6,13,3,2,0,6,0,1,0,0,0,6.929273626000054,50.96028604900005
2021,5,11,7,2,0,1,0,1,0,0,0,6.940713735000031,50.93618650600007
2021,11,9,5,3,0,7,0,1,1,0,0,6.919162881000034,50.94882068900006
2021,4,15,3,3,0,5,0,1,0,0,0,6.852469054000039,51.00138189200004
2021,2,9,5,3,0,2,0,1,1,0,0,6.937350427000069,50.92511945900003
2021,9,14,4,3,5,3,0,1,1,0,0,6.888884601000029,51.02428199000008
2021,6,13,4,3,0,6,0,1,0,0,0,6.932605864000038,50.93414105000005
2021,12,18,3,3,5,2,2,1,1,0,0,6.956338133000031,50.95591780400008
2021,5,18,6,3,0,3,0,1,0,0,0,6.945764194000049,50.986482409000075
2021,6,16,4,2,3,2,0,1,1,0,0,6.917311221000034,50.95085642000004
2021,6,14,2,3,5,3,0,1,1,0,0,6.850890635000042,50.919128139000065
2021,5,18,1,3,5,2,0,1,1,0,0,6.955744038000034,50.957122233000064
2021,6,13,6,3,5,3,0,1,1,0,0,6.92605958200005,50.914196237000056
2021,10,17,3,3,5,3,0,1,1,0,0,6.930232669000077,50.93662677900005
2021,6,17,4,3,6,6,0,1,0,1,0,6.934406132000049,50.93300934100006
2021,5,13,2,3,3,2,0,1,1,0,0,6.848168129000044,50.93815765100004
2021,3,7,3,3,3,6,0,1,0,0,0,6.936219878000031,50.96651291200004
2021,4,19,5,3,5,3,0,1,0,0,0,6.941711328000054,50.99159922800004
2021,3,16,6,3,1,2,0,1,1,0,0,6.957767682000053,50.95777701000003
2021,11,15,3,3,0,3,0,1,1,0,0,6.94794911200006,50.95481069900006
2021,11,14,1,3,0,1,0,1,0,0,0,6.917147468000053,50.90281386800007
2021,9,15,3,3,5,5,0,1,1,0,0,6.963602044000027,50.94997795000006
2021,6,16,3,3,2,6,0,1,1,0,0,6.851762201000042,51.04884382900008
2021,5,17,7,3,3,6,0,1,1,0,0,6.954479178000042,50.960375002000035
2021,9,11,3,3,2,6,0,1,1,0,0,6.957164797000075,50.95295919800003
2021,9,13,7,3,3,2,0,1,1,0,0,6.945128616000034,50.92705121400007
2021,10,15,7,3,6,4,0,1,0,1,0,6.909052491000068,50.95474181800006
2021,10,20,3,3,0,1,2,1,0,0,0,6.936338886000044,50.92393360700004
2021,5,15,1,3,0,3,0,1,1,0,0,6.950123722000058,50.93547127200003
2021,1,15,2,2,0,7,0,1,0,0,0,6.908961026000043,50.90474233500004
2021,1,8,2,3,5,3,1,1,0,0,0,6.886175321000053,50.964272754000035
2021,1,2,6,3,5,3,2,1,1,0,0,6.955833882000036,50.956946505000076
2021,6,8,4,3,0,7,0,1,0,0,0,6.977881885000045,50.937673645000075
2021,9,16,7,2,5,3,0,1,1,0,0,6.952312300000074,50.97014222300004
2021,5,16,6,3,3,6,0,1,0,0,0,6.967313354000055,50.95101609200003
2021,9,18,6,3,0,1,0,1,0,0,0,6.868629150000061,51.007366098000034
2021,5,1,1,3,0,1,2,1,0,0,0,6.858116144000064,50.93782502000005
2021,7,15,6,2,0,6,0,1,0,1,0,6.896975430000055,50.93716976600007
2021,10,7,2,3,0,1,1,1,0,0,0,6.939971669000045,50.940549875000045
2021,9,15,2,3,0,7,0,1,0,0,0,6.917095172000074,50.94994959200005
2021,12,19,3,3,0,1,2,1,0,0,0,6.963009543000055,50.93495670800007
2021,12,18,5,3,0,2,2,1,0,0,0,6.91128397500006,50.93682842700008
2021,12,12,6,3,1,5,0,1,1,0,0,6.914487784000073,50.95163691400006
2021,10,14,3,3,6,4,0,1,0,1,0,6.954581243000064,50.903916982000055
2021,6,16,3,2,0,3,0,1,1,0,0,6.85706964600007,50.919598231000066
2021,7,5,4,3,0,2,0,1,1,0,0,6.955037957000059,51.002654989000064
2021,9,20,2,2,2,6,2,1,1,0,0,6.949293810000029,50.97691945000008
2021,9,18,5,3,4,6,0,1,0,0,0,6.943409796000026,50.93579768600006
2021,10,16,6,3,5,2,0,1,0,0,0,6.85890087100006,51.07026130600008
2021,4,12,5,2,5,3,0,1,1,0,0,6.928541710000047,50.944986519000054
2021,9,13,2,2,1,7,0,1,1,0,0,6.877899767000031,50.96754530700008
2021,9,13,5,3,6,4,0,1,0,1,0,7.027443378000044,50.94019383800003
2021,9,13,4,3,5,3,0,1,1,0,0,7.042985542000054,51.00344022000007
2021,3,8,6,3,5,3,0,1,1,0,0,7.022533334000059,50.94030504500006
2021,11,12,3,3,5,2,0,1,1,0,0,7.018338177000032,50.933505394000065
2021,9,7,6,2,5,3,0,1,1,0,0,7.001759678000042,50.91095037400004
2021,4,12,6,3,5,3,0,1,0,0,0,7.015506293000044,50.975688234000074
2021,9,16,7,3,5,3,0,1,1,0,0,6.992955950000066,50.93685456900005
2021,1,13,7,3,2,6,0,1,1,0,0,7.067469942000059,50.96750677600005
2021,6,18,6,3,0,2,0,1,1,0,0,7.012845767000044,50.96296091800008
2021,11,12,7,3,5,3,0,1,1,0,0,7.069967633000033,50.88204784900006
2021,9,8,4,3,5,3,1,1,1,0,0,7.002150092000022,50.91070261300007
2021,9,18,6,2,0,1,0,1,0,0,0,6.996715361000042,50.96394585300004
2021,11,17,6,3,0,1,2,1,0,0,0,7.101510129000076,50.896410047000074
2021,2,13,5,3,6,7,0,1,0,1,0,6.991976243000067,50.91577969600007
2021,3,17,2,2,5,2,0,1,1,0,0,7.127944787000047,50.91026959900006
2021,9,19,1,3,5,2,0,1,1,0,0,7.058568301000037,50.89734969600005
2021,11,7,3,2,5,3,0,1,1,0,0,7.015681966000045,50.95178413700006
2021,12,20,5,3,5,2,2,1,1,0,0,7.006896238000024,50.96917367200007
2021,6,8,3,3,0,2,0,1,1,0,0,7.000546814000074,50.91179971400004
2021,6,15,3,3,5,3,0,1,1,0,0,7.013821094000036,50.95316907200004
2021,2,16,7,3,5,2,0,1,1,0,0,7.006697143000054,50.969423465000034
2021,6,8,4,3,5,3,0,1,1,0,0,7.002998803000025,50.97874051700006
2021,4,19,3,3,0,7,0,1,0,0,0,7.034664336000048,50.858997919000046
2021,3,9,4,3,5,2,0,1,1,0,0,7.004425670000046,50.97691498100005
2021,1,11,1,3,1,5,0,1,1,0,0,7.122990919000074,50.89052332700004
2021,3,15,3,3,6,4,0,1,0,1,0,7.08234839000005,50.88155454100007
2021,2,23,6,3,0,1,2,1,0,0,0,7.081010156000048,50.885696075000055
2021,9,17,3,3,5,2,0,1,1,0,0,7.043015712000056,50.96913050300003
2021,9,17,4,3,0,7,0,1,0,0,0,7.022133982000071,50.94031264300003
2021,3,16,4,3,5,3,0,1,0,0,0,7.025056903000063,50.94025417100005
2021,11,11,7,3,5,3,0,1,1,0,0,7.104293892000044,50.86194767300003
2021,11,8,2,3,0,4,0,1,1,1,0,7.07942378000007,50.94847404800004
2021,2,11,7,3,0,1,0,1,0,0,0,7.055050990000041,50.86375981100008
2021,3,12,6,3,0,4,0,1,0,1,0,7.06445900600005,50.88292643900007
2021,9,5,5,3,6,7,2,1,0,1,0,6.999310139000045,50.989422518000026
2021,6,13,3,3,6,4,0,1,0,1,0,7.010806901000024,50.96986779500003
2021,3,16,6,3,5,2,0,1,1,0,0,7.07801981800003,50.92337755600005
2021,3,15,3,2,4,2,0,1,1,0,0,7.057217435000041,51.00061647100006
2021,1,17,4,3,0,7,2,1,0,0,0,7.037604152000029,50.89739082700004
2021,12,13,2,3,5,2,0,1,1,0,0,6.98466759300004,50.92085420800004
2021,9,7,5,3,5,3,0,1,1,0,0,7.054574352000031,50.88969270300004
2021,4,6,6,3,6,4,0,1,0,1,0,6.985991369000033,50.891839308000044
2021,6,17,3,3,0,6,0,1,0,0,0,7.018720791000021,50.94020541400005
2021,4,16,3,3,5,3,0,1,1,0,0,7.113293916000032,50.94135692200007
2021,9,13,3,3,5,3,0,1,1,0,0,6.994312391000051,50.94961137300004
2021,6,21,5,3,0,1,0,1,0,0,0,7.005449308000038,50.96412998000005
2021,11,6,6,3,5,2,2,1,1,0,0,7.093015208000054,50.92970354800008
2021,11,14,2,3,1,5,0,1,1,0,0,6.998162360000038,50.937462104000076
2021,12,19,4,3,5,5,2,1,1,0,0,7.00873286500007,50.93897040200005
2021,10,16,7,3,5,7,0,1,1,0,0,7.008019860000047,50.93881240700006
2021,12,10,2,3,5,2,0,1,1,0,0,7.002510223000058,50.95981824000006
2021,12,11,3,3,5,3,0,1,1,0,0,7.083498831000043,50.86950026400007
2021,9,14,7,3,5,3,0,1,1,0,0,7.027452221000033,50.94308281000008
2021,6,17,2,3,4,7,0,1,0,0,0,7.064558802000022,50.882925528000044
2021,2,7,6,3,0,6,1,1,0,0,0,7.06799718000002,50.97778595500006
2021,2,12,5,3,1,7,0,1,1,0,0,7.057963938000057,50.88230089700005
2021,4,16,6,3,5,3,0,1,1,0,0,7.107386939000037,50.86872944800007
2021,11,12,4,3,0,3,0,1,1,0,0,7.03503285000005,50.967498774000035
2021,2,15,5,2,4,6,0,1,0,0,0,7.053006338000046,50.91546760800003
2021,9,12,3,3,5,2,0,1,0,0,0,6.984345002000055,50.93703146900003
2021,6,13,4,3,0,5,0,1,1,0,0,7.023907725000072,50.90263910200008
2021,12,11,6,3,3,3,0,1,0,0,0,7.071979272000021,50.94623431700006
2021,10,13,5,3,0,1,0,1,0,0,0,6.989120171000025,50.91785148900004
2021,11,14,6,2,0,7,0,1,0,0,0,7.052470705000076,50.88943911400003
2021,9,8,5,3,4,6,0,1,0,0,0,7.008228450000047,50.96799850000008
2021,6,11,2,3,0,2,0,1,1,0,0,7.05941492200003,50.97470493800006
2021,10,20,5,2,0,6,2,1,0,0,1,7.012085477000028,50.93653812100007
2021,7,20,1,3,2,2,0,1,1,0,0,7.011127417000068,50.939367778000076
2021,6,16,4,3,5,2,0,1,1,0,0,7.028184774000067,50.98479401900005
2021,1,16,4,3,5,2,0,1,1,0,0,7.00036317100006,50.93767444900004
2021,9,12,4,3,5,3,0,1,1,0,0,6.992636093000044,50.93568945700008
2021,9,10,5,3,5,3,0,1,1,0,0,7.037123522000059,50.99742297300003
2021,9,12,3,3,0,1,0,1,0,0,0,7.006114679000063,50.96550551100006
2021,10,19,4,3,5,2,1,1,1,0,0,7.034030705000021,50.96729406800006
2021,1,13,5,3,5,2,0,1,1,0,0,7.060861946000045,50.944911654000066
2021,9,18,5,2,5,2,1,1,1,0,0,7.003909975000056,50.97712076500005
2021,11,16,6,3,0,3,1,1,1,0,0,7.083906594000041,50.863020059000064
2021,11,7,3,3,5,3,0,1,1,0,0,7.030917306000049,50.93163163300005
2021,5,15,2,3,5,2,0,1,1,0,0,7.018338177000032,50.933505394000065
2021,10,18,2,3,0,3,1,1,0,0,0,7.083298770000056,50.87528361600005
2021,4,16,5,3,0,2,0,1,0,0,1,7.002617228000076,50.93790498800007
2021,12,17,4,3,4,2,2,1,1,0,0,7.076473838000027,50.94511920100007
2021,6,7,6,2,0,1,0,1,0,0,0,6.996047937000071,50.96405696700003
2021,2,16,7,3,0,1,0,1,0,0,0,7.034869281000056,50.999328665000064
2021,7,10,3,3,5,3,0,1,1,0,0,7.100034108000045,50.85887724600008
2021,11,17,4,3,0,6,2,1,0,1,0,7.029631305000066,50.98883387400008
2021,4,15,7,3,0,3,0,1,1,0,0,7.100941190000071,50.89971624000003
2021,4,17,5,3,5,3,0,1,0,0,1,7.12558109400004,50.88945056800003
2021,7,16,4,3,3,6,0,1,1,0,0,7.120850763000021,50.91246867900003
2021,6,17,5,3,1,5,0,1,1,0,0,7.092551059000073,50.88172506700005
2021,10,19,1,2,0,1,2,1,0,0,0,7.007313115000045,50.96337474000006
2021,6,12,4,2,5,3,0,1,1,0,0,7.022598593000055,50.90301836900005
2021,11,6,6,3,7,7,2,1,0,0,0,6.989236117000075,50.91772506600006
2021,10,14,6,3,0,2,0,1,1,0,0,7.069961441000032,50.88204791800007
2021,9,13,6,3,5,3,0,1,1,0,0,7.013734637000027,50.95460472900004
2021,4,19,2,3,5,2,0,1,1,0,0,7.006353855000043,50.96687080100003
2021,4,15,7,3,5,3,0,1,1,0,0,7.037524871000073,50.933623587000056
2021,12,18,6,3,1,5,2,1,1,0,0,7.001584427000068,50.93777479700003
2021,3,13,2,3,6,6,0,1,0,1,0,6.985714295000037,50.93653933500008
2021,12,17,3,3,5,3,2,1,0,0,0,6.98952616300005,50.897313077000035
2021,6,8,3,3,1,2,0,1,1,0,0,7.082590162000031,50.88092091200008
2021,6,16,6,3,5,3,0,1,1,0,0,7.053004356000031,50.87774370400007
2021,12,19,5,3,3,2,2,1,1,0,0,7.059409042000027,50.974702824000076
2021,11,6,2,3,5,2,2,1,1,0,0,7.002654100000029,50.95965272300003
2021,3,6,7,3,0,7,2,1,0,0,0,6.999693418000049,50.95488186400007
2021,9,12,2,2,5,3,0,1,1,0,0,7.083708479000052,50.863130753000064
2021,11,11,4,3,5,3,0,1,1,0,0,7.040863111000021,50.929752568000026
2021,4,8,4,3,5,3,0,1,1,0,0,7.006145539000045,50.96565819800003
2021,12,9,2,2,2,6,0,1,0,0,0,7.076473838000027,50.94511920100007
2021,6,15,3,3,1,3,0,1,1,0,0,7.042308302000038,50.89651540800003
2021,10,19,6,3,4,6,1,1,0,0,0,7.022819627000047,50.93314425400007
2021,3,11,5,3,5,2,0,1,1,0,0,7.030174749000025,50.93166078200005
2021,11,14,6,3,5,3,0,1,1,0,0,7.005109252000068,50.93829905300004
2021,10,15,4,3,0,1,0,1,0,0,0,7.016779815000064,50.97632071000004
2021,3,15,2,3,0,3,0,1,1,0,0,7.095726075000073,50.92459323800006
2021,10,15,3,3,0,5,0,1,1,0,0,7.001611123000032,50.93777699100008
2021,12,8,3,3,5,3,1,1,1,0,0,7.063854282000023,50.973419242000034
2021,10,16,1,2,5,3,0,1,0,0,0,7.031331142000056,50.93753737900005
2021,12,12,3,3,3,3,0,1,1,0,0,7.013788529000067,50.934694156000035
2021,2,13,2,3,5,3,0,1,1,0,0,7.005626595000024,50.96442458100006
2021,2,10,3,3,5,2,0,1,1,0,0,7.000345375000052,50.93767298700004
2021,2,16,5,3,5,3,0,1,1,0,0,6.99271335800006,50.93654222600003
2021,7,15,5,3,0,3,0,1,1,0,0,7.107370592000052,50.86614716300005
2021,12,7,2,3,5,3,2,1,1,0,0,7.015491731000054,50.95171064600004
2021,4,20,3,3,5,7,2,1,1,0,0,7.028396194000038,50.96613338000003
2021,5,11,5,3,0,3,0,1,1,0,0,6.995801389000064,50.93729190200003
2021,3,11,2,3,5,3,0,1,1,0,0,6.993249119000041,51.01119847700005
2021,10,11,6,3,0,1,0,1,0,0,0,7.069348885000068,50.925491511000075
2021,6,13,6,3,0,7,0,1,0,0,0,6.985099351000031,50.92055751100003
2021,2,15,1,3,1,5,0,1,1,0,0,6.989021426000022,50.891260129000045
2021,12,11,4,3,5,3,0,1,1,0,0,7.00563332400003,50.96443568700005
2021,2,17,3,3,0,1,1,1,0,0,0,7.038811404000057,50.93211821800003
2021,3,20,6,3,9,1,2,1,0,0,0,7.079806576000067,50.922822815000075
2021,6,10,6,3,5,2,0,1,1,0,0,7.047491796000031,50.99282502800003
2021,10,18,6,3,0,5,2,1,1,0,0,7.003587449000065,50.93805086400005
2021,12,21,5,3,0,1,2,1,0,0,0,6.999950815000034,50.87063129400008
2021,10,10,3,3,5,3,0,1,1,0,0,7.082240566000053,50.88208427400008
2021,7,8,5,3,5,3,0,1,1,0,0,7.053004356000031,50.87774370400007
2021,5,12,4,3,3,2,0,1,1,0,0,7.106139324000026,50.88040528500005
2021,2,11,5,3,5,2,0,1,1,0,0,7.048070726000049,50.99586028600004
2021,3,8,6,3,0,2,0,1,1,0,0,7.01458016600003,50.93389353400005
2021,6,0,1,3,7,1,2,1,0,0,0,7.006835311000032,50.840514631000076
2021,12,18,4,3,5,3,2,1,1,0,0,7.028772190000041,50.98635409000008
2021,9,8,5,2,0,1,0,1,0,0,0,7.019578660000036,50.93339870800003
2021,2,9,4,3,4,6,0,1,0,0,0,7.05626981100005,50.911671726000066
2021,6,9,4,3,6,4,0,1,0,1,0,6.987487087000034,50.89856004500007
2021,9,22,4,3,5,2,2,1,1,0,0,7.000357405000045,50.937703448000036
2021,6,22,5,3,5,2,1,1,1,0,0,7.00384843300003,50.96186069700008
2021,3,7,2,3,1,5,0,1,1,0,0,7.047625303000075,50.868781915000056
2021,7,18,3,3,0,1,0,1,0,0,0,7.052096446000064,50.94331561800004
2021,1,19,1,3,0,1,2,1,0,0,0,7.05756814700004,50.89423853300008
2021,11,12,3,3,5,3,0,1,1,0,0,7.069085405000067,50.882057641000074
2021,12,8,5,3,0,5,1,1,1,0,0,6.999043708000045,50.88430693400005
2021,6,10,4,3,0,1,0,1,0,0,0,7.101679189000038,50.86371268900007
2021,9,17,7,2,2,6,0,1,0,0,0,7.133322531000033,50.884116008000035
2021,6,10,3,2,1,1,0,1,1,0,0,6.99881672600003,50.88458178900004
2021,1,8,4,3,0,1,0,1,0,0,0,6.989557712000021,50.89728116400005
2021,9,17,7,3,4,6,0,1,0,0,0,7.001202584000055,50.96248638800006
2021,7,13,6,2,0,1,0,1,0,0,0,6.984516785000039,50.90064500600005
2021,10,12,3,3,0,1,0,1,0,0,0,7.022836824000024,50.940299269000036
2021,9,10,5,3,4,5,0,1,1,0,0,7.074781900000062,50.88113290800004
2021,6,11,3,3,1,5,0,1,1,0,0,7.002450882000062,50.937880016000065
2021,11,7,3,2,7,1,2,1,0,0,0,6.996225888000026,50.96400248300006
2021,12,14,4,3,0,7,0,1,1,0,0,7.001020381000046,50.95723368400007
2021,12,10,5,3,5,3,0,1,1,0,0,7.053012250000052,50.87775661900008
2021,12,22,6,3,0,3,2,1,1,0,0,7.027590398000029,50.94897720500006
2021,7,15,3,3,0,4,0,1,0,1,0,7.01835456200007,50.94984505200006
2021,6,14,3,3,5,3,0,1,1,0,0,7.005621931000064,50.96441688300007
2021,9,19,2,3,0,2,0,1,1,0,0,7.086175893000075,50.85739023100007
2021,10,18,4,3,1,5,2,1,1,0,0,7.00160906800005,50.937776822000046
2021,3,12,7,3,5,2,0,1,1,0,0,7.024486318000072,50.96534546100003
2021,11,11,2,3,8,1,0,1,0,0,0,7.000619447000076,50.882439806000036
2021,4,16,5,3,1,5,0,1,1,0,0,7.005913372000066,50.96492259300004
2021,5,15,4,3,9,1,0,1,0,0,0,7.483364081000047,51.94452360000008
2021,7,8,4,2,5,2,0,1,1,0,0,7.765733925000063,51.690407436000044
2021,12,13,6,3,5,2,0,1,1,0,0,7.614577975000032,52.00279621900006
2021,10,11,1,3,0,7,0,1,0,0,0,7.71709661400007,51.93479591800008
2021,3,8,4,3,5,2,0,1,1,0,0,7.645490981000023,51.945186781000075
2021,4,5,5,3,5,3,2,1,1,0,0,7.612313689000075,51.97427103800004
2021,1,14,7,2,0,1,0,1,0,0,0,7.854240203000074,51.66256391400003
2021,9,17,6,3,3,3,0,1,0,0,0,7.678691573000037,52.02998512200003
2021,6,18,1,3,0,1,0,1,0,0,0,7.834494476000032,51.68591834000006
2021,9,9,5,3,5,3,0,1,1,0,0,7.61723878600003,51.89509097000007
2021,9,15,1,3,4,2,0,1,1,0,0,7.831339869000033,51.66764890200005
2021,11,2,1,3,0,7,2,1,0,0,0,7.648464656000044,51.94234111700007
2021,11,2,5,2,0,1,2,1,0,0,0,7.614938813000037,52.00855632400004
2021,12,13,6,3,0,7,0,1,0,0,0,7.626300923000031,51.90955944400008
2021,1,12,4,3,5,2,0,1,1,0,0,7.643991846000063,51.96216881400005
2021,10,13,6,2,0,1,0,1,0,0,0,7.838443338000047,51.65476782500008
2021,11,16,5,3,0,2,0,1,1,0,0,7.623980599000049,51.94078588500008
2021,3,11,6,3,5,2,0,1,1,0,0,7.801718360000052,51.69994700900003
2021,6,19,4,3,5,2,0,1,1,0,0,7.635974664000059,51.959380734000035
2021,6,12,7,3,3,6,0,1,1,0,0,7.598677086000066,52.02774601100003
2021,10,20,4,2,3,6,2,1,0,0,0,7.61760460000005,51.961904668000045
2021,6,19,5,3,0,3,0,1,1,0,0,7.640778758000067,51.97111777900005
2021,9,12,1,2,1,6,0,1,0,0,0,7.607496787000059,51.99380960900004
2021,10,12,7,3,5,3,0,1,1,0,0,7.571070089000045,51.97402948200005
2021,1,19,2,3,5,3,2,1,1,0,0,7.630950787000074,51.94631413900004
2021,10,8,5,3,5,2,0,1,1,0,0,7.621768489000033,51.99355763500006
2021,11,13,3,3,5,3,0,1,1,0,0,7.644727772000067,51.98045078600006
2021,11,11,3,3,5,3,0,1,1,0,0,7.883525080000027,51.68590457100004
2021,5,19,6,2,5,3,0,1,1,0,0,7.809990851000066,51.68866061500006
2021,3,13,5,3,5,2,0,1,0,0,0,7.783746439000026,51.66552948100008
2021,10,16,6,3,5,3,0,1,1,0,0,7.662164799000038,51.99488527700004
2021,12,1,7,2,0,1,2,1,0,0,0,7.634060444000056,51.96206072600006
2021,3,12,2,3,3,1,0,1,0,0,0,7.625043586000061,51.936785934000056
2021,12,10,3,3,5,3,0,1,1,0,0,7.746841435000022,51.63965499100004
2021,6,19,6,3,5,3,0,1,1,0,0,7.800508346000072,51.63783653400003
2021,11,16,2,3,5,3,0,1,1,0,0,7.850073900000041,51.68412774400008
2021,7,8,4,2,0,1,0,1,0,0,0,7.604604360000053,51.97169444000008
2021,11,19,4,3,4,3,2,1,0,0,0,7.623121985000068,51.966185084000074
2021,10,14,1,3,5,2,0,1,1,0,0,7.75475203700006,51.71244513500005
2021,9,8,5,3,2,1,0,1,0,0,0,7.680021797000052,51.971354914000074
2021,1,12,7,3,5,3,0,1,1,0,0,7.644961964000061,51.98079482800006
2021,11,13,6,3,1,5,0,1,1,0,0,7.845788604000063,51.68488029400004
2021,6,12,4,3,4,2,0,1,0,0,0,7.635969416000023,51.95938270100004
2021,6,17,4,3,3,5,0,1,0,0,0,7.631281826000077,51.95392751700007
2021,6,14,5,3,5,2,0,1,1,0,0,7.623404142000027,51.94388578500008
2021,11,18,4,3,5,3,2,1,1,0,0,7.645568246000039,51.96762983500008
2021,2,14,5,2,3,6,0,1,0,0,0,7.602951364000035,51.886220285000036
2021,4,15,7,3,5,2,0,1,1,0,0,7.625635977000059,51.902441054000064
2021,5,15,1,3,8,1,0,1,0,0,0,7.683148532000075,51.99084262800005
2021,10,18,6,3,0,1,0,1,0,0,0,7.818041881000056,51.670830857000055
2021,3,12,5,3,0,1,0,1,0,0,0,7.724169860000075,51.91594686500008
2021,6,15,3,3,6,7,0,1,0,1,0,7.677722877000065,51.91916298600006
2021,9,23,7,3,0,6,2,1,0,0,0,7.633365507000065,51.90772707900004
2021,9,13,6,3,2,6,0,1,1,0,0,7.608706898000037,51.967135678000034
2021,9,18,7,3,3,1,0,1,0,0,0,7.569259723000073,51.900600447000045
2021,12,7,3,2,5,3,2,1,1,0,0,7.597784349000051,51.97865099000006
2021,1,16,4,2,5,3,1,1,1,0,0,7.631273537000027,51.94812952800004
2021,4,15,4,3,5,2,0,1,1,0,0,7.831508632000066,51.70652344800004
2021,6,11,6,3,1,5,0,1,0,0,0,7.793906120000031,51.66818229800003
2021,6,9,3,3,5,3,0,1,0,0,0,7.593510482000056,51.96511081700004
2021,6,21,4,3,0,1,1,1,0,0,0,7.636654444000044,51.95289859700006
2021,11,17,6,3,0,1,2,1,0,0,0,7.628937654000026,51.92684875500004
2021,10,7,3,3,0,1,2,1,0,0,0,7.785424473000035,51.63486727000003
2021,11,11,4,2,5,3,0,1,1,0,0,7.632764222000048,51.958631292000064
2021,5,16,4,3,5,2,0,1,1,0,0,7.588656910000054,51.96542533400003
2021,6,14,5,3,5,3,0,1,1,0,0,7.595287615000075,51.97667755100008
2021,9,14,6,3,0,2,0,1,1,0,0,7.598870225000042,51.99251468600005
2021,9,10,5,3,4,2,0,1,1,0,0,7.817130112000029,51.67821291900003
2021,1,14,4,3,2,6,0,1,1,0,0,7.640133449000075,51.95762830700005
2021,9,8,5,3,5,2,0,1,1,0,0,7.569228630000055,51.942306408000036
2021,5,23,2,2,5,3,2,1,1,0,0,7.806229476000055,51.67237244300003
2021,5,16,5,3,5,3,0,1,1,0,0,7.658993406000036,51.96741767700007
2021,1,7,6,2,2,6,2,1,1,0,0,7.612493289000042,51.972521390000054
2021,6,6,4,3,5,3,0,1,0,0,0,7.588742215000025,51.986967969000034
2021,11,8,6,3,6,6,0,1,1,1,0,7.634766142000046,51.952986476000035
2021,4,8,4,3,5,3,0,1,1,0,0,7.711634385000025,51.99470313000006
2021,9,17,4,3,1,6,0,1,1,0,0,7.727112456000043,51.91584996000006
2021,3,0,7,3,6,6,2,1,0,1,0,7.660806333000039,51.93360105800008
2021,1,7,6,3,5,3,2,1,1,0,0,7.641622623000046,51.95323059700007
2021,9,8,5,3,3,4,0,1,0,1,0,7.625039050000055,51.95110321900006
2021,1,13,4,3,5,7,0,1,1,0,0,7.586514663000059,51.92765925400005
2021,3,19,6,3,5,3,2,1,1,0,0,7.617004916000042,51.94985581200007
2021,5,9,3,3,5,2,0,1,0,0,0,7.635347154000044,51.97109713400005
2021,2,17,2,3,0,1,1,1,0,0,0,7.631582159000061,51.95748628000007
2021,1,12,3,3,5,2,0,1,1,0,0,7.554603740000061,51.97907450500003
2021,3,21,3,3,5,3,2,1,1,0,0,7.758938698000065,51.641088041000046
2021,11,15,5,3,5,2,0,1,0,0,0,7.64493837200007,51.98076017100004
2021,10,23,4,3,0,1,2,1,0,0,0,7.614661707000039,52.00278820200003
2021,2,13,5,3,0,2,0,1,1,0,0,7.636962882000034,51.950893429000075
2021,9,13,6,2,0,1,0,1,0,0,0,7.716764718000036,51.93322349600004
2021,11,17,6,3,4,6,1,1,0,0,0,7.658113478000075,51.935443838000026
2021,6,13,4,3,1,5,0,1,1,0,0,7.626395499000068,51.95542496400003
2021,12,9,2,3,5,3,0,1,1,0,0,7.54097607500006,51.924735852000026
2021,5,5,3,3,5,3,1,1,1,0,0,7.589037705000067,51.92852792000008
2021,2,14,1,2,4,6,0,1,0,0,0,7.691324381000072,51.91049855300008
2021,2,12,4,3,6,4,0,1,0,1,0,7.820633693000048,51.67877466900006
2021,9,14,2,3,1,7,0,1,1,0,0,7.641442365000046,51.89833482700004
2021,6,11,4,3,5,7,0,1,1,0,0,7.624054914000055,51.96580671300006
2021,12,19,4,3,5,3,2,1,1,0,0,7.608467478000023,51.94890572200006
2021,12,14,2,3,3,2,0,1,0,0,0,7.803073254000026,51.67344589900006
2021,10,16,5,3,4,6,0,1,0,0,0,7.675366518000033,51.949428993000026
2021,6,9,2,3,9,1,0,1,0,0,0,7.645948480000072,51.95575224500004
2021,11,10,3,3,4,2,0,1,1,0,0,7.703405088000068,51.98033695200007
2021,5,14,6,3,5,3,0,1,1,0,0,7.626297032000025,51.955476446000034
2021,3,11,6,3,5,2,0,1,0,0,0,7.619939587000033,51.954658875000064
2021,5,14,4,3,5,3,0,1,1,0,0,7.563127758000064,51.92525946100005
2021,12,17,5,3,5,2,2,1,1,0,0,7.590554346000033,51.973743342000034