UJAHR,UMONAT,USTUNDE,UWOCHENTAG,UKATEGORIE,UART,UTYP1,ULICHTVERH,IstRad,IstPKW,IstFuss,IstKrad,XGCSWGS84,YGCSWGS84
2021,10,7,6,3,5,3,2,1,1,0,0,7.85255729000005,51.67935135500005
2021,11,6,3,3,5,2,2,1,1,0,0,7.783717903000024,51.66552704500003
2021,10,1,5,3,0,1,2,1,0,0,0,7.626351444000022,51.965259254000046
2021,11,14,2,3,0,2,0,1,0,0,0,7.619851159000063,51.954996375000064
2021,6,15,4,2,0,1,0,1,0,0,0,7.787621094000031,51.621704772000044
2021,9,15,6,3,3,2,0,1,0,0,0,7.650991499000042,51.90167915600006
2021,10,8,4,3,5,3,0,1,1,0,0,7.628503999000031,51.964695730000074
2021,12,18,4,3,5,2,2,1,1,0,0,7.633364180000058,51.90772950400003
2021,4,16,4,3,5,3,0,1,0,0,0,7.647501301000034,51.959939219000034
2021,9,7,4,2,3,6,0,1,0,0,0,7.623288367000043,51.94450991200006
2021,2,16,2,3,4,6,0,1,0,0,0,7.56714637400006,51.95555809200005
2021,1,17,2,3,5,3,2,1,1,0,0,7.700696609000033,51.92341550800006
2021,11,14,1,3,5,3,0,1,1,0,0,7.60245449100006,51.95970348600008
2021,9,8,5,3,0,1,0,1,0,0,0,7.625057758000025,51.95115660300007
2021,4,13,6,2,0,1,0,1,0,0,0,7.619890701000031,51.954909490000034
2021,12,8,5,3,5,3,0,1,1,0,0,7.58865596000004,51.96540161100006
2021,1,10,3,3,1,5,0,1,1,0,0,7.884553164000067,51.68841704400006
2021,10,7,2,2,1,7,0,1,1,0,0,7.599790846000076,51.99402440500006
2021,12,14,6,3,3,2,0,1,1,0,0,7.63431414300004,51.95303428500006
2021,10,13,5,3,5,2,0,1,1,0,0,7.639738047000037,51.961743814000044
2021,10,18,4,3,4,7,1,1,1,0,0,7.624718191000056,51.96552716400004
2021,10,17,6,3,0,3,1,1,1,0,0,7.66577570000004,51.930210352000074
2021,10,15,2,3,0,1,0,1,0,0,0,7.639050693000058,51.902830599000026
2021,4,16,3,3,0,3,0,1,1,0,0,7.62863554200004,51.95486832700004
2021,5,17,2,2,0,2,0,1,0,0,1,7.603930533000039,51.88035326100004
2021,11,17,3,3,5,3,2,1,0,0,0,7.62413568900007,51.94019376600005
2021,10,7,2,3,0,3,0,1,1,0,0,7.65881652500002,51.98569459200007
2021,11,21,2,3,0,7,2,1,0,0,0,7.621342860000027,51.96659751000004
2021,9,19,4,3,5,3,1,1,1,0,0,7.728864213000065,51.685445119000065
2021,2,13,4,3,5,3,0,1,1,0,0,7.754860058000077,51.644115457000055
2021,6,16,2,3,0,7,0,1,0,0,0,7.645744344000036,51.95549979200007
2021,6,14,7,3,5,2,0,1,1,0,0,7.618526987000052,51.959577151000076
2021,10,14,6,3,4,2,0,1,1,0,0,7.840514205000034,51.69350138000004
2021,11,20,5,2,5,2,2,1,0,0,1,7.588672923000047,51.98694895700004
2021,2,15,6,3,0,5,0,1,1,0,0,7.616495126000075,51.95405948400003
2021,12,7,4,3,0,2,0,1,1,0,0,7.606575143000043,51.93052454800005
2021,6,15,1,2,5,3,0,1,0,0,1,7.838446456000042,51.65595519300007
2021,5,18,3,3,2,6,0,1,0,0,0,7.615104767000048,51.96736897800008
2021,10,11,6,3,3,6,0,1,0,0,0,7.638803778000067,51.974244533000046
2021,5,18,3,3,5,3,0,1,1,0,0,7.627035315000057,51.95580420500005
2021,11,8,4,3,5,2,0,1,1,0,0,7.612029715000062,51.94394281900003
2021,11,5,7,2,0,7,2,1,0,0,0,7.636027607000074,51.95936089500003
2021,12,6,4,3,5,3,2,1,1,0,0,7.577983576000065,51.89285245900004
2021,11,7,5,2,5,3,0,1,1,0,0,7.712164975000064,51.91099696300006
2021,6,7,5,3,5,2,0,1,0,0,0,7.677852115000064,51.91904488100005
2021,12,16,1,3,5,3,1,1,1,0,0,7.624555085000054,51.94958466500003
2021,5,14,3,3,5,3,0,1,0,0,0,7.758394133000024,51.67456656200005
2021,6,10,6,3,4,6,0,1,0,0,0,7.645425267000064,51.962823187000026
2021,9,14,3,3,5,2,0,1,1,0,0,7.588249614000063,51.97044358900007
2021,5,22,4,2,1,7,2,1,1,0,0,7.636425347000056,51.97262751400007
2021,2,16,5,3,0,6,0,1,1,0,0,7.625054242000033,51.93746381700004
2021,12,15,5,3,5,3,0,1,1,0,0,7.651033084000062,51.90169533800008
2021,10,10,4,3,2,6,0,1,0,0,0,7.800240378000069,51.68895786600007
2021,12,11,6,3,3,6,0,1,0,0,0,7.617486261000067,51.965361288000054
2021,6,14,5,3,5,2,0,1,1,0,0,7.642068659000074,51.90384872300007
2021,9,12,6,3,6,1,0,1,0,1,0,7.639107243000069,51.902851604000034
2021,9,21,1,3,5,3,2,1,1,0,0,7.625921371000061,51.95567825300003
2021,9,12,7,3,0,3,0,1,1,0,0,7.669936059000065,51.951270574000034
2021,9,16,7,3,5,2,0,1,1,0,0,7.527101705000064,51.924731723000036
2021,10,17,5,3,0,3,0,1,1,0,0,7.599075382000024,51.99080541600006
2021,2,14,1,3,0,1,0,1,0,0,0,7.641903051000043,51.95684647300004
2021,3,19,3,3,0,6,0,1,0,0,0,7.624764284000037,51.950238167000066
2021,6,18,5,3,0,7,0,1,0,0,0,7.610156043000075,51.94167643800006
2021,5,8,6,2,0,1,0,1,0,0,0,7.834757016000026,51.65382159600006
2021,6,9,2,2,9,1,0,1,0,0,0,7.815873048000071,51.69226320100006
2021,1,13,5,3,5,3,0,1,1,0,0,7.800558472000034,51.70309556800004
2021,7,21,7,2,0,1,1,1,0,0,0,7.689083854000046,51.910059225000055
2021,12,19,3,3,5,2,2,1,1,0,0,7.616552351000053,51.939642710000044
2021,4,21,7,3,9,5,2,1,1,0,0,7.639318938000031,51.95802556400008
2021,12,10,4,2,0,1,0,1,0,0,0,7.631345226000064,51.94835696800004
2021,12,14,6,3,6,6,0,1,0,1,0,7.645063113000049,51.90423137700003
2021,9,19,3,2,5,3,1,1,1,0,0,7.821369534000041,51.67654845200008
2021,9,19,3,3,0,3,1,1,1,0,0,7.631123167000055,51.94714626000007
2021,5,16,2,3,3,6,0,1,0,0,0,7.52047277500003,52.01313684200005
2021,9,15,6,3,5,3,0,1,1,0,0,7.563143899000067,51.925258711000026
2021,6,17,5,2,4,1,0,1,0,0,0,7.670048161000068,51.951232264000055
2021,9,15,1,3,6,6,0,1,0,1,0,7.784481071000073,51.67300728500004
2021,6,15,3,3,4,6,0,1,0,0,0,7.633903093000072,51.95308375400003
2021,4,17,7,3,0,3,0,1,1,0,0,7.631797924000068,51.94990220700004
2021,3,4,7,3,0,1,2,1,0,0,0,7.645615343000031,51.96779756300003
2021,6,18,7,3,5,2,0,1,1,0,0,7.613618578000057,51.968299718000026
2021,12,15,2,3,5,3,0,1,0,0,0,7.589579454000045,51.92877709100003
2021,5,13,1,3,3,2,0,1,1,0,0,7.728848629000026,51.680356705000065
2021,11,9,5,3,5,2,0,1,1,0,0,7.626597918000073,51.93190917000004
2021,10,16,6,3,1,5,0,1,1,0,0,7.611109001000045,51.95166586600004
2021,12,11,5,3,5,3,0,1,1,0,0,7.687869299000056,51.928227364000065
2021,10,20,7,3,3,2,2,1,1,0,0,7.617617429000063,51.96184416400007
2021,12,18,1,3,0,1,2,1,0,0,0,7.641322389000038,51.976536811000074
2021,10,6,6,3,0,2,2,1,1,0,0,7.632831785000064,51.97308048500008
2021,5,8,3,3,0,1,0,1,0,0,0,7.60879122800003,51.99375663600006
2021,9,8,4,3,5,3,0,1,1,0,0,7.835105322000061,51.71005129400004
2021,5,9,2,3,3,2,0,1,1,0,0,7.80676354600007,51.675651419000076
2021,7,14,3,3,5,2,0,1,1,0,0,7.631759830000021,51.95078220100004
2021,12,17,3,2,5,3,2,1,0,0,0,7.615099294000061,51.96729107800007
2021,2,14,5,3,5,3,0,1,1,0,0,7.594384385000069,51.98852354600007
2021,2,9,5,3,5,2,0,1,0,0,0,7.598164026000063,51.96482718000004
2021,6,8,4,3,5,3,0,1,1,0,0,7.662151462000054,51.99488939200006
2021,6,16,4,3,5,3,0,1,1,0,0,7.624527870000065,51.93943843300008
2021,6,7,1,3,0,1,0,1,0,0,0,7.607601309000074,51.99380555100004
2021,12,12,5,3,5,2,0,1,1,0,0,7.588152985000022,51.97037172800003
2021,4,6,3,3,5,3,0,1,1,0,0,7.648303234000025,51.88212353500006
2021,11,7,3,3,0,1,0,1,0,0,0,7.797798834000048,51.67045349700004
2021,11,12,4,3,5,2,0,1,1,0,0,7.631431654000039,51.95397502900005
2021,6,7,2,3,4,2,0,1,1,0,0,7.607829045000074,51.93356733300004
2021,12,18,4,3,5,2,2,1,1,0,0,7.835136009000053,51.71019990000008
2021,10,9,1,3,0,1,0,1,0,0,0,7.584497538000051,51.96115288500005
2021,11,10,4,3,0,3,0,1,1,0,0,7.64737728700004,51.96291697100003
2021,4,9,5,3,5,3,0,1,1,0,0,7.583951084000034,51.92680706600004
2021,7,16,5,3,0,7,0,1,0,0,0,7.627134228000045,51.96526426500003
2021,3,15,6,2,5,3,0,1,1,0,0,7.75229186100006,51.64086757800004
2021,6,10,6,3,4,1,0,1,0,0,0,7.588469534000069,51.970552302000044
2021,12,14,5,3,5,3,0,1,0,0,0,7.853787066000052,51.66548694200003
2021,4,15,5,3,5,3,0,1,1,0,0,7.711998540000025,51.99474366000004
2021,10,8,7,3,5,2,0,1,1,0,0,7.727213096000071,51.92238240100005
2021,6,10,4,2,0,7,0,1,0,0,0,7.62510026800004,51.96542644400006
2021,6,1,1,3,0,1,2,1,0,0,0,7.837990791000038,51.69895967900004
2021,12,17,4,3,4,2,2,1,0,0,0,7.616617396000038,51.96652775100006
2021,5,8,6,3,5,3,0,1,1,0,0,7.59652957000003,51.96984409400005
2021,11,19,6,3,5,3,2,1,1,0,0,7.673401906000038,51.923050491000026
2021,4,14,3,3,2,6,0,1,0,0,0,7.622150086000033,51.993108206000045
2021,9,7,4,3,2,1,0,1,1,0,0,7.648161837000032,51.98878662800007
2021,7,14,5,3,0,2,0,1,1,0,0,7.848324995000041,51.68638300300006
2021,9,7,3,2,2,2,0,1,1,0,0,7.728882967000061,51.68524984100003
2021,9,19,1,3,5,3,0,1,1,0,0,7.612032302000046,51.94394594500005
2021,7,9,5,2,9,1,0,1,0,0,0,7.562925039000049,51.946377350000034
2021,4,15,4,3,5,3,0,1,1,0,0,7.635538221000047,51.959547506000035
2021,7,12,3,3,7,1,0,1,0,0,0,7.767704180000067,51.69018297300005
2021,9,8,2,3,4,1,0,1,0,0,0,7.602400161000048,51.920347597000045
2021,11,10,3,3,4,2,0,1,1,0,0,7.830617145000076,51.70391309300004
2021,9,15,3,3,5,3,0,1,0,0,0,7.565646000000072,51.996360811000045
2021,6,17,2,3,0,2,0,1,1,0,0,7.612473178000073,51.96912398500007
2021,6,17,5,3,0,6,0,1,0,0,0,7.590923950000047,51.96527327800004
2021,9,13,4,3,5,3,0,1,0,0,0,7.636940406000065,51.950905714000044
2021,10,11,2,3,5,3,0,1,1,0,0,7.821088990000021,51.67798040000008
2021,6,18,3,3,5,3,0,1,0,0,0,7.618718362000038,51.95485286500008
2021,7,16,2,3,5,2,0,1,1,0,0,7.63293533600006,51.97306394600008
2021,12,7,6,3,0,2,1,1,1,0,0,7.606398093000053,51.94952229100005
2021,3,16,5,3,5,2,0,1,1,0,0,7.758356727000034,51.70176628000007
2021,10,17,5,3,0,1,0,1,0,0,0,7.637330935000023,51.95591531600007
2021,6,17,6,2,5,3,0,1,1,0,0,7.728289904000064,51.68730788100004
2021,6,14,4,3,5,3,0,1,1,0,0,7.78942937000005,51.67767820800003
2021,5,15,6,2,5,3,0,1,0,0,0,7.562440210000034,52.02333917800007
2021,1,17,5,3,5,3,2,1,1,0,0,7.768269886000041,51.66553841800004
2021,6,11,3,3,0,7,0,1,0,1,0,7.783221481000055,51.669296348000046
2021,6,17,3,3,1,7,0,1,1,0,0,7.608214410000073,51.97239330900004
2021,9,16,6,2,0,1,0,1,0,0,0,7.584442906000049,51.93557233100006
2021,6,1,3,2,0,1,2,1,0,0,0,7.627850192000039,51.92938658300005
2021,11,19,1,3,0,3,2,1,1,0,0,7.637601713000038,51.95875199200003
2021,6,10,2,2,5,3,0,1,1,0,0,7.678097524000066,51.918803841000056
2021,11,13,7,3,5,3,0,1,1,0,0,7.641406104000055,51.96173567100004
2021,12,7,6,3,5,2,1,1,1,0,0,7.60930156400002,51.94085322600006
2021,7,13,7,3,1,3,0,1,1,0,0,7.837059306000072,51.65393104100008
2021,9,6,4,3,3,2,0,1,0,0,0,7.557312741000032,51.95001535600005
2021,10,9,4,2,0,1,0,1,0,0,0,7.666797213000052,51.96888858800003
2021,7,15,2,3,3,2,0,1,1,0,0,7.816954581000061,51.67725640800006
2021,10,13,6,3,0,6,0,1,1,0,0,7.801087897000059,51.672197339000036
2021,5,7,4,3,5,3,0,1,1,0,0,7.851326272000051,51.66787923100003
2021,11,13,4,3,0,4,0,1,0,1,0,7.630553364000036,51.96394107000003
2021,9,0,2,3,0,7,2,1,0,0,0,7.623480932000064,51.97471817400003
2021,11,10,2,3,3,2,0,1,1,0,0,7.645545340000069,51.904287443000044
2021,2,11,2,3,5,3,0,1,1,0,0,7.774372281000069,51.69740066500003
2021,3,10,2,3,5,3,0,1,1,0,0,7.698923280000031,51.98865845600005
2021,9,11,5,3,8,1,0,1,0,0,0,7.67260496800003,51.969994979000035
2021,12,16,4,3,5,3,0,1,1,0,0,7.63658982100003,51.95289373600008
2021,11,7,3,3,5,3,1,1,1,0,0,7.602619273000073,51.93566756900003
2021,7,7,3,3,0,2,0,1,1,0,0,7.589950721000037,51.965335767000056
2021,1,15,6,3,5,3,0,1,1,0,0,7.599479171000041,51.928853186000026
2021,7,12,6,3,4,6,0,1,0,0,0,7.809395631000029,51.67699761000006
2021,5,15,1,3,5,3,0,1,0,0,0,7.599157539000032,51.96954568800004
2021,10,14,3,2,0,1,0,1,0,0,0,7.660403279000036,51.98636813400003
2021,12,16,3,3,0,3,2,1,0,0,0,7.667696716000023,51.92845019400005
2021,3,9,3,3,0,7,0,1,0,0,0,7.80633917800003,51.68155802800004
2021,7,10,3,3,0,2,0,1,1,0,0,7.631035502000032,51.946605816000044
2021,6,13,6,2,3,1,0,1,0,0,0,7.619417278000071,51.956689564000044
2021,5,3,7,3,8,1,2,1,0,0,0,7.619719617000044,51.95751193900003
2021,4,15,4,3,0,6,0,1,0,0,0,7.615116809000028,51.96736017600006
2021,11,13,6,3,0,2,0,1,1,0,0,7.672700644000031,51.923810005000064
2021,12,9,7,3,5,2,0,1,1,0,0,7.617672283000047,51.965294037000035
2021,12,15,4,3,4,2,0,1,1,0,0,7.821953274000066,51.67589953700008
2021,4,13,4,3,5,2,0,1,1,0,0,7.673504657000024,51.92995048300003
2021,10,15,1,3,0,1,0,1,0,0,0,7.639962454000056,51.97528494800008
2021,10,10,3,3,5,3,0,1,1,0,0,7.648818755000036,51.964307518000055
2021,10,22,1,2,0,7,2,1,0,0,0,7.667569135000065,51.951676242000076
2021,10,21,7,3,5,3,2,1,1,0,0,7.776483342000063,51.69275770000007
2021,10,9,3,2,4,6,0,1,0,0,0,7.697149968000076,51.97397443300008
2021,9,6,4,3,3,6,1,1,0,0,0,7.637706196000067,51.96182219900004
2021,6,15,3,3,5,2,0,1,1,0,0,7.642284320000044,51.96181164400008
2021,12,12,6,3,5,3,0,1,1,0,0,7.85255729000005,51.67935135500005
2021,1,18,1,3,5,3,2,1,0,0,0,7.655289878000076,51.99622759400006
2021,7,23,7,2,0,1,2,1,0,0,0,7.670349739000073,51.92595432100006
2021,4,12,4,2,5,3,0,1,1,0,0,7.711011208000059,51.91740281400007
2021,4,14,7,3,0,4,0,1,1,1,0,7.641948570000068,51.95682857800006
2021,1,17,6,3,5,3,2,1,1,0,0,7.62499071700006,51.93639174100008
2021,11,10,3,3,5,3,0,1,1,0,0,7.584578084000043,51.93586471700007
2021,4,6,3,3,4,6,0,1,0,0,0,7.631049696000048,51.92201883900003
2021,10,14,5,2,5,3,0,1,1,0,0,7.678856024000027,51.94882433600003
2021,10,14,5,3,2,2,0,1,0,0,1,7.889720308000051,51.60863755500003
2021,9,17,5,3,3,2,0,1,0,0,0,7.632630898000059,51.953747459000056
2021,10,5,6,3,5,3,2,1,0,0,0,7.605588223000041,51.97411721700007
2021,3,18,6,3,5,2,1,1,1,0,0,7.629027337000025,51.94415169400003
2021,11,9,5,3,5,3,0,1,1,0,0,7.601812004000067,51.99488891300007
2021,10,22,4,3,5,3,2,1,1,0,0,7.619737176000058,51.95534896800007
2021,7,8,3,2,5,7,0,1,1,0,0,7.642561259000047,51.95658770500006
2021,12,10,4,3,2,6,0,1,0,0,0,7.612551009000072,51.96935042300004
2021,7,10,6,3,0,3,0,1,1,0,0,7.632830865000074,51.97308063200006
2021,6,10,2,3,2,6,0,1,1,0,0,7.606680650000044,51.97347259900005
2021,7,5,2,3,5,3,1,1,1,0,0,7.837768216000029,51.69935169000007
2021,4,7,4,2,0,6,0,1,0,0,0,7.631331492000072,51.95399493700006
2021,10,18,4,3,4,6,2,1,0,0,0,7.582327758000076,51.96055973300008
2021,1,16,6,3,5,3,0,1,1,0,0,7.757558679000056,51.64618260700007
2021,6,1,4,3,9,1,2,1,0,0,0,7.591948241000068,51.93956894200005
2021,6,11,5,3,6,1,0,1,0,1,0,7.82927002200006,51.68160553800004
2021,12,16,3,3,2,6,2,1,0,0,0,7.626119643000038,51.90942994200003
2021,6,16,6,3,0,1,0,1,0,0,0,7.623514638000074,51.943406484000036
2021,9,16,6,3,6,7,0,1,0,1,0,7.758805120000034,51.64719499300003
2021,10,11,6,3,3,2,0,1,1,0,0,7.645568246000039,51.96762983500008
2021,9,7,4,3,5,2,0,1,1,0,0,7.84926697800006,51.67128542900008
2021,5,7,2,3,5,2,0,1,1,0,0,7.656475715000056,51.936533997000026
2021,11,17,7,3,0,7,2,1,1,0,0,7.625456299000064,51.952448125000046
2021,9,13,6,3,0,3,0,1,1,0,0,7.588492931000076,51.984151507000036
2021,11,18,3,3,0,3,2,1,1,0,0,7.855069163000053,51.66406965200008
2021,6,12,6,3,0,1,0,1,0,0,0,7.819629465000048,51.66967916800007
2021,3,12,5,1,3,2,0,1,1,0,0,7.811207259000071,51.67758250400004
2021,11,12,1,2,0,1,0,1,0,0,0,7.641459715000053,51.948032237000064
2021,12,17,5,3,3,2,2,1,1,0,0,7.623602465000033,51.97471814800008
2021,5,15,4,3,3,2,0,1,1,0,0,7.807028771000034,51.67579163500005
2021,6,11,1,3,5,3,0,1,0,0,1,7.613040565000063,51.939810143000045
2021,6,8,6,3,5,3,0,1,1,0,0,7.772964821000073,51.689804303000074
2021,11,8,2,3,5,3,0,1,1,0,0,7.601634963000038,51.995083100000045
2021,6,15,6,3,0,7,0,1,1,0,0,7.626165767000032,51.95468004600008
2021,9,9,4,3,5,3,0,1,1,0,0,7.625929598000027,51.955665476000036
2021,1,14,3,3,5,3,0,1,1,0,0,7.651601146000075,51.904144330000065
2021,6,8,5,3,5,3,0,1,1,0,0,7.668700391000073,51.90604307600006
2021,1,18,4,3,5,2,2,1,1,0,0,7.617574755000021,51.96202659000005
2021,10,17,2,3,5,2,0,1,1,0,0,7.62398281000003,51.94788879600003
2021,5,23,7,3,0,1,2,1,0,1,0,7.60907413800004,51.87945877800007
2021,9,8,5,2,6,7,0,1,0,1,0,7.647705141000074,51.88550717100003
2021,6,18,4,3,5,3,0,1,1,0,0,7.588891994000051,51.96554600800005
2021,4,16,3,3,0,7,0,1,0,0,0,7.628312912000069,51.92785485200005
2021,10,12,1,3,3,6,0,1,0,0,0,7.598730862000025,51.94324604900004
2021,6,8,2,3,5,2,0,1,1,0,0,7.634040773000038,51.96979328600003
2021,11,14,3,3,0,6,0,1,0,0,0,7.62486085300003,51.938177591000056
2021,9,17,3,3,5,2,0,1,1,0,0,7.683948548000046,51.91362158000004
2021,11,13,3,2,0,1,0,1,0,0,0,7.615490646000069,52.01451955300007
2021,12,8,2,3,5,3,1,1,1,0,0,7.63815831900007,51.90245840400007
2021,11,8,3,3,5,3,1,1,0,0,0,7.631271814000058,51.948122126000044
2021,11,19,2,3,0,1,2,1,0,0,0,7.636986586000035,51.99489091400005
2021,9,10,6,3,5,3,0,1,1,0,0,7.890468231000057,51.69059271900005
2021,3,15,4,3,5,3,0,1,1,0,0,7.612515002000066,51.96722846200004
2021,10,15,3,3,1,3,0,1,1,0,0,7.840508372000045,51.67559334500004
2021,9,9,4,2,5,3,0,1,1,0,0,7.622595328000045,51.89777974400005
2021,9,15,3,3,2,6,0,1,1,0,0,7.776505483000051,51.689464093000026
2021,10,7,3,2,5,3,2,1,0,0,0,7.566437386000075,51.877040160000035
2021,5,5,2,3,5,3,0,1,1,0,0,7.754768116000037,51.674275462000026
2021,5,12,6,3,0,7,0,1,0,0,0,7.643996862000051,51.90410934700003
2021,7,10,2,3,5,3,0,1,0,0,0,6.939858526000023,50.95362839200004
2021,7,12,4,3,5,3,0,1,1,0,0,6.977783895000073,50.92573595300007
2021,8,14,7,3,0,1,0,1,0,0,0,6.962690115000044,50.93915063800006
2021,10,14,1,2,5,3,0,1,1,0,0,7.07556248700007,50.94517429200005
2021,8,15,1,3,5,3,0,1,1,0,0,7.046553411000048,50.87020359300004
2021,8,9,4,2,5,3,0,1,0,0,0,7.026421563000042,50.99814777700004
2021,7,17,6,3,3,6,0,1,1,0,0,7.01106119700006,50.957600307000064
2021,4,16,2,3,5,3,0,1,1,0,0,7.020514461000062,50.948239398000055
2021,7,18,4,2,5,2,0,1,1,0,0,6.921282652000059,50.94791911600004
2021,8,9,6,3,0,2,0,1,1,0,0,6.848342846000037,50.96909122000005
2021,7,18,5,3,0,1,0,1,0,0,0,6.926382764000039,50.93093736800006
2021,8,16,2,3,0,7,0,1,0,0,0,6.921667962000072,50.93658581400007
2021,7,10,3,1,5,3,0,1,1,0,0,7.034231203000047,50.85347026200003
2021,6,12,7,3,0,4,0,1,0,1,0,6.926098499000034,50.945935718000044
2021,8,22,7,3,0,1,2,1,0,0,0,7.064194182000051,50.92675927000005
2021,8,19,6,3,3,6,0,1,0,0,0,6.967563766000069,50.92140672200003
2021,8,17,3,3,5,3,0,1,0,0,0,6.971485324000071,50.936795707000044
2021,8,17,7,3,5,2,0,1,1,0,0,6.939457075000064,50.905493825000065
2021,8,14,1,3,5,2,0,1,0,0,0,6.914059898000062,50.97216986500007
2021,8,7,3,3,5,3,0,1,1,0,0,6.829199623000022,50.957449997000026
2021,8,22,1,2,0,1,2,1,0,0,0,6.935546815000066,50.94225558000005
2021,8,17,3,3,5,3,0,1,0,0,0,6.929883104000055,50.92573810700003
2021,8,1,7,3,0,1,2,1,0,0,0,6.920211678000044,50.953781380000066
2021,8,10,6,3,0,3,0,1,0,0,0,6.913184436000051,50.93677490300007
2021,7,22,6,3,6,4,2,1,0,1,0,6.953337159000057,50.96661648700007
2021,7,17,1,3,5,3,0,1,0,0,0,6.939351018000025,50.93827608400005
2021,7,19,7,3,1,5,0,1,1,0,0,6.954455382000049,50.96094898800004
2021,8,14,5,3,5,3,0,1,1,0,0,6.920211678000044,50.953781380000066
2021,4,9,5,3,3,6,0,1,0,0,0,6.93579410600006,50.93540425600003
2021,8,18,3,3,5,3,0,1,1,0,0,6.947874332000026,50.89334986000006
2021,7,13,5,3,3,6,0,1,1,0,0,6.957416590000037,50.93529888900008
2021,8,21,7,3,5,2,2,1,1,0,0,6.920241096000041,50.94835522000005
2021,8,8,2,2,5,2,0,1,1,0,0,6.918930470000021,50.90773205000005
2021,8,12,6,3,0,3,0,1,1,0,0,6.957799665000039,50.95766835500007
2021,8,7,3,3,5,3,0,1,0,0,0,6.949022950000028,50.93542911900005
2021,6,12,1,3,0,1,0,1,0,0,0,7.019841968000037,50.94896842000003
2021,8,3,2,3,0,5,2,1,0,1,0,6.93962267400002,50.93919549300006
2021,8,12,7,3,0,1,0,1,0,0,0,6.915565221000065,50.93046000900006
2021,6,7,5,3,3,2,0,1,0,0,0,6.848189610000077,50.93815729000005
2021,8,11,5,2,5,2,0,1,1,0,0,6.947213540000064,50.93011764700003
2021,7,10,4,3,0,2,0,1,0,0,1,6.924290240000062,50.94666137100006
2021,8,18,3,3,3,2,1,1,1,0,0,6.953662183000063,50.964808909000055
2021,8,8,3,3,5,3,0,1,1,0,0,6.829190523000022,50.95774082600008
2021,8,17,7,3,3,2,0,1,1,0,0,6.923980647000064,50.912219650000054
2021,7,12,3,2,0,7,0,1,0,0,0,6.864500393000071,50.95258029900003
2021,4,16,5,3,4,2,0,1,1,0,0,6.934419720000051,50.93300166900008
2021,8,13,7,2,5,3,0,1,1,0,0,7.002507403000038,50.97967410500007
2021,8,12,1,3,0,6,0,1,0,1,0,6.936821763000069,50.950242788000025
2021,7,13,7,3,6,6,0,1,0,1,0,7.073633760000064,50.89929576800006
2021,7,19,5,3,6,4,0,1,0,1,0,6.911080106000043,50.925162801000056
2021,8,3,4,3,3,6,2,1,1,0,0,6.942854333000071,50.99042706500006
2021,8,19,2,3,0,6,0,1,0,0,0,6.919986069000061,50.91468508000003
2021,7,14,1,2,0,7,0,1,0,0,0,7.079127173000074,50.98164091000007
2021,8,19,5,3,0,7,1,1,1,0,0,6.924086827000053,50.93655695000007
2021,8,17,1,3,0,5,0,1,1,0,0,6.915639685000031,50.95089244600007
2021,8,15,7,3,0,1,0,1,0,0,0,6.855341166000073,50.93788068400005
2021,7,13,7,3,5,3,0,1,1,0,0,6.916780190000054,50.95015604200006
2021,8,16,5,3,3,5,0,1,1,0,0,6.924480084000038,50.94658128800006
2021,8,11,2,3,5,2,0,1,1,0,0,6.939519929000028,50.93882127400008
2021,4,18,3,2,9,1,0,1,1,0,0,6.836247686000036,51.05180870100003
2021,8,11,3,3,0,5,0,1,0,0,0,7.021338221000065,50.96471443200005
2021,6,12,1,3,4,6,0,1,0,0,0,6.925186666000059,51.01222321300003
2021,8,12,5,2,5,3,0,1,1,0,0,6.882137583000031,50.93778771700005
2021,8,18,1,3,0,6,0,1,0,0,0,6.969381703000067,50.936674002000075
2021,4,14,1,3,3,2,0,1,1,0,0,6.939252300000021,50.93027278800008
2021,8,8,4,3,0,7,0,1,0,0,0,6.939166056000033,50.93747098600005
2021,8,18,2,3,5,3,0,1,1,0,0,6.974174726000058,50.95630556400005
2021,8,18,1,2,5,3,0,1,1,0,0,6.953394501000048,50.93521749900003
2021,8,7,7,3,5,3,0,1,1,0,0,6.829018822000023,50.95386140700003
2021,8,0,4,3,5,3,2,1,1,0,0,7.104004737000025,50.864400095000065
2021,8,6,4,2,1,5,0,1,1,0,0,6.956763128000034,50.950214638000034
2021,8,10,3,3,3,6,0,1,1,0,0,6.954336824000052,50.96174885900007
2021,8,7,2,3,3,3,0,1,0,0,0,6.863293013000032,50.93780570100006
2021,4,20,3,3,5,2,2,1,1,0,0,6.903169985000034,50.95667433800003
2021,7,8,3,3,5,3,0,1,1,0,0,7.083707747000062,50.86312170000008
2021,8,8,6,3,0,2,0,1,1,0,0,6.984115642000063,50.90093345900004
2021,7,8,1,3,3,6,0,1,0,0,0,6.953146086000061,50.967411241000036
2021,7,12,2,3,5,3,0,1,1,0,0,7.053004356000031,50.87774370400007