UJAHR,UMONAT,USTUNDE,UWOCHENTAG,UKATEGORIE,UART,UTYP1,ULICHTVERH,IstRad,IstPKW,IstFuss,IstKrad,XGCSWGS84,YGCSWGS84
2021,8,13,2,3,4,6,0,1,0,0,0,6.924268644000051,50.936757768000064
2021,7,19,7,3,5,2,0,1,1,0,0,7.013153019000072,50.95614794200003
2021,8,12,7,3,1,5,0,1,1,0,0,7.03710574400003,50.99728527600007
2021,5,16,7,3,5,3,0,1,1,0,0,6.861807291000048,51.01197657000006
2021,8,10,6,2,5,3,0,1,1,0,0,6.924086827000053,50.93655695000007
2021,7,11,6,3,3,6,0,1,1,0,0,6.918533753000077,50.949091414000065
2021,8,16,6,3,0,7,0,1,1,0,0,6.880372777000048,50.96673746000005
2021,8,9,1,3,7,1,0,1,0,0,0,6.90810063400005,50.95505620200004
2021,7,15,1,2,0,1,0,1,0,0,0,6.962643018000051,50.93628391400006
2021,8,14,4,3,0,1,0,1,0,0,0,6.916834931000039,50.950117857000066
2021,7,6,4,3,0,6,0,1,0,0,0,6.948142602000075,50.95489969500005
2021,7,16,7,2,5,3,0,1,0,0,0,7.005389965000063,50.963832626000055
2021,7,14,5,3,5,2,0,1,1,0,0,6.902989024000021,50.99072593600005
2021,4,20,3,3,5,3,1,1,1,0,0,7.055576733000066,50.881241773000056
2021,7,9,6,1,1,5,0,1,1,0,0,6.924698599000067,50.912903751000044
2021,7,21,1,3,4,6,1,1,0,0,0,6.963191258000052,50.93565863100008
2021,5,13,7,3,0,2,0,1,1,0,0,6.957195766000041,50.95328442600004
2021,8,12,7,3,0,1,0,1,0,0,0,6.860527151000042,50.977991974000076
2021,8,11,7,3,0,1,0,1,0,0,0,6.955088904000036,51.004904460000034
2021,7,20,7,3,0,1,1,1,0,0,0,6.989127547000066,50.93660629000004
2021,8,18,5,3,3,2,0,1,1,0,0,6.932681689000049,50.93402134200005
2021,7,13,6,3,5,3,0,1,0,0,0,7.628896658000031,51.98458027800007
2021,8,11,4,3,0,3,0,1,1,0,0,7.626286169000025,51.909608227000035
2021,6,18,2,3,5,3,0,1,0,0,0,7.602355430000046,51.96158822000007
2021,8,18,4,3,5,3,0,1,1,0,0,7.768196587000034,51.66549478500008
2021,8,7,5,3,5,3,0,1,1,0,0,7.604417348000027,51.92525465500006
2021,7,12,2,3,0,1,0,1,0,0,0,7.615891700000077,51.88290844100004
2021,8,9,6,3,5,2,0,1,1,0,0,7.623776613000075,51.94721620000007
2021,2,4,4,3,0,1,2,1,0,0,0,7.659204860000045,51.967451088000075
2021,7,7,6,3,5,2,0,1,1,0,0,7.806229476000055,51.67237244300003
2021,7,22,3,2,0,1,2,1,0,0,0,7.006754967000063,50.968045999000026
2021,7,17,7,3,5,3,0,1,1,0,0,7.631456879000041,51.95397001600003
2021,7,22,3,3,5,2,2,1,1,0,0,7.591934776000073,51.93956227000007
2021,8,17,2,3,5,2,0,1,0,0,0,7.663791418000073,51.931602833000056
2021,6,16,5,3,5,3,0,1,1,0,0,7.594514555000046,51.988542238000036
2021,7,17,3,3,3,2,0,1,1,0,0,6.939051063000022,50.935392929000045
2021,8,5,5,3,0,3,2,1,1,0,0,7.828106879000075,51.708601584000064
2021,8,14,7,3,3,6,0,1,0,0,0,7.625607961000071,51.95290654000007
2021,8,14,7,3,5,3,0,1,0,0,0,7.59051392300006,51.973716471000046
2021,7,15,3,3,5,3,0,1,0,0,1,7.575484611000036,51.893732396000075
2021,8,7,3,2,5,3,0,1,1,0,0,7.822971515000063,51.67206659100003
2021,7,14,6,3,6,4,0,1,0,1,0,7.634705274000055,51.96430574400006
2021,8,18,5,3,5,3,0,1,1,0,0,7.809372304000021,51.690686612000036
2021,8,7,4,3,5,3,0,1,1,0,0,7.618112742000051,51.99826320400007
2021,8,9,2,3,0,1,0,1,1,0,0,7.833892005000052,51.663516720000075
2021,8,10,7,2,5,3,0,1,1,0,0,6.905272060000073,50.95597946500004
2021,8,17,1,3,0,1,0,1,0,0,0,7.076160442000059,50.945104109000056
2021,8,18,4,3,5,3,0,1,1,0,0,7.647687206000057,51.88560253800006
2021,6,14,7,3,5,3,0,1,1,0,0,7.603808629000071,51.99412822000005
2021,4,9,3,3,0,2,0,1,1,0,0,7.606564204000051,51.930498227000044
2021,8,17,4,2,5,6,0,1,1,0,0,7.531973357000027,52.00886162000006
2021,8,16,4,3,1,5,0,1,1,0,0,7.624785459000066,51.937728176000064
2021,7,8,5,3,0,5,0,1,0,0,0,7.775480985000058,51.665614205000054
2021,5,15,5,3,4,6,0,1,0,0,0,7.844161351000025,51.687526441000045
2021,8,15,6,3,5,3,0,1,1,0,0,7.582201453000039,51.89357629800003
2021,7,8,2,3,5,3,0,1,0,0,0,7.629139771000041,51.926378699000054
2021,8,14,1,3,5,3,0,1,1,0,0,7.837108181000076,51.65393957900005
2021,7,18,4,3,0,6,0,1,0,0,0,7.622685990000036,51.89783224400003
2021,8,22,3,3,4,2,2,1,1,0,0,7.632805339000072,51.973084709000034
2021,4,14,5,3,4,2,0,1,1,0,0,7.651361535000035,51.90514283700003
2021,8,14,3,3,0,3,0,1,1,0,0,7.673209209000049,51.929870307000044
2021,8,15,5,3,5,3,0,1,0,0,0,7.80821131600004,51.66454841800004
2021,7,22,7,3,0,1,2,1,0,0,0,7.779338389000031,51.698343918000035
2021,8,19,1,2,5,2,0,1,1,0,0,7.578817751000031,51.93437858100003
2021,8,15,6,3,0,7,0,1,0,0,0,6.857919465000066,51.01310457900007
2021,8,14,4,3,4,2,0,1,1,0,0,7.038674049000065,50.968230876000064
2021,8,7,5,3,0,1,2,1,0,0,0,6.944266830000061,50.88927453900004
2021,7,11,3,3,1,1,0,1,1,0,0,6.902111744000024,50.93705424500007
2021,8,12,4,3,2,6,0,1,0,0,0,7.625833405000037,51.95355904200005
2021,8,17,2,3,5,2,0,1,1,0,0,7.69511901900006,51.91107593900006
2021,8,18,2,3,5,3,0,1,0,0,0,7.588667144000055,51.96362929900005
2021,4,12,3,3,0,1,0,1,0,0,0,7.777866823000068,51.68868976300007
2021,7,2,7,2,5,1,2,1,1,0,0,7.821092219000036,51.67794592700005
2021,8,18,2,3,0,2,0,1,0,0,0,7.631950218000043,51.96287675700006
2021,8,17,4,3,5,2,0,1,1,0,0,7.628491076000046,51.96471163700005
2021,5,6,6,2,5,3,0,1,1,0,0,7.837259904000064,51.67631665700003
2021,8,9,6,3,0,3,0,1,1,0,0,7.601774103000025,51.97629636900007
2021,7,13,6,3,5,3,0,1,0,0,0,7.030057724000073,50.94026072500003
2021,8,13,6,3,0,6,0,1,1,0,0,7.614741379000066,51.993242372000054
2021,7,13,7,3,1,5,0,1,1,0,0,7.605664070000046,51.88379565300005
2021,7,22,1,2,0,6,1,1,0,0,0,7.635053279000033,51.95295617900007
2021,7,17,7,2,5,3,0,1,1,0,0,7.643740788000059,51.89547825600005
2021,8,23,7,2,9,2,2,1,1,0,0,7.631331492000072,51.95399493700006
2021,8,23,6,3,7,1,2,1,0,0,0,7.648246227000072,51.94255671800005
2021,5,19,7,2,3,6,0,1,0,0,0,7.598764743000061,51.96482060400007
2021,8,13,3,3,1,3,0,1,1,0,0,7.659206304000065,51.96745131600005
2021,8,15,4,3,5,3,0,1,1,0,0,7.820176656000058,51.69969733100004
2021,8,17,3,3,5,3,0,1,0,0,0,7.612087830000064,51.97679506700007
2021,5,13,5,3,1,5,0,1,1,0,0,7.62340421600004,51.945984589000034
2021,6,10,7,2,3,6,0,1,0,0,0,7.623836012000027,51.974710008000045
2021,8,18,3,3,0,3,0,1,1,0,0,7.623417114000063,51.943825074000074
2021,7,10,2,3,5,3,0,1,0,0,0,7.601718745000028,51.99491902500006
2021,8,21,3,3,4,1,2,1,0,1,0,7.584494190000044,51.93558563600004
2021,7,16,3,3,0,2,0,1,1,0,0,7.092946032000043,50.929667023000036
2021,7,8,3,2,5,2,0,1,1,0,0,7.560615541000061,52.01429376900006
2021,8,9,3,3,5,2,0,1,1,0,0,7.62773310700004,51.911669292000056
2021,2,13,6,3,4,6,0,1,0,0,0,7.638997190000055,51.961753420000036
2021,7,16,5,2,5,3,0,1,1,0,0,7.779903113000046,51.68895847600004
2021,7,16,2,3,8,6,0,1,1,0,0,6.951858860000073,50.97119660300007
2021,6,23,7,1,5,3,2,1,1,0,0,7.65655487600003,51.95451657400008
2021,8,19,1,3,5,3,0,1,1,0,0,7.083498165000037,50.869512248000035
2021,8,8,2,3,5,2,0,1,0,0,0,7.594397534000052,51.96505409900004
2021,8,13,6,3,5,3,0,1,1,0,0,7.61489120400006,52.007584605000034
2021,8,18,3,3,0,2,0,1,1,0,0,6.945740981000029,50.94657554300005
2021,7,18,2,3,0,1,0,1,0,0,0,7.825363886000048,51.67241965300008
2021,7,14,4,3,0,3,0,1,1,0,0,6.942820229000063,50.935785234000036
2021,8,19,6,3,3,2,0,1,1,0,0,7.617525350000051,51.965254809000044
2021,7,10,7,3,5,3,0,1,1,0,0,7.09983165500006,50.90946027200005
2021,8,10,1,2,5,3,0,1,1,0,0,7.604314076000037,51.93695292700005
2021,6,14,7,3,5,1,0,1,0,0,0,6.928525429000047,50.936704450000036
2021,7,9,7,3,1,5,0,1,1,0,0,7.044993357000067,50.86869481200006
2021,8,11,2,2,5,3,0,1,1,0,0,7.614657137000052,52.00275529500004
2021,4,11,2,3,5,3,0,1,1,0,0,7.003799979000064,50.93808289300006
2021,4,13,4,3,5,2,0,1,1,0,0,7.647387474000027,51.95828159200005
2021,8,17,1,2,5,3,0,1,1,0,0,7.648857361000069,51.96431864600004
2021,7,17,1,3,6,7,0,1,0,1,0,6.910746365000023,50.95404963900006
2021,1,19,5,3,0,1,2,1,0,0,0,6.873478247000037,50.932410686000026
2021,12,6,4,3,5,3,2,1,1,0,0,6.847392895000041,50.91849489500004
2021,9,21,7,3,0,6,2,1,0,0,0,6.878677455000059,51.00321516300005
2021,1,16,3,3,3,6,0,1,0,0,0,6.854206943000065,50.94211218400005
2021,12,12,7,3,5,3,0,1,1,0,0,6.870387187000063,50.93566067000006
2021,1,21,6,3,0,1,2,1,0,0,0,6.833240322000051,50.93889196200007
2021,7,15,5,3,0,7,0,1,0,1,0,6.840064759000029,50.96118778400006
2021,4,15,3,3,0,3,2,1,1,0,0,6.842931757000031,51.04459836800004
2021,3,16,4,3,6,6,0,1,0,1,0,6.848045594000041,51.05528417600004
2021,11,9,3,3,5,3,0,1,1,0,0,6.86599577000004,50.92733371800006
2021,9,10,5,2,0,1,0,1,0,0,0,6.861674438000023,51.01256163800008
2021,5,20,4,3,0,7,0,1,0,0,0,6.84949313900006,51.01542748800006
2021,6,17,5,3,8,1,0,1,0,0,0,6.87732373800003,50.94104014100003
2021,5,17,5,2,0,1,0,1,0,0,0,6.870951722000029,50.92606609400008
2021,12,14,2,3,7,1,0,1,0,0,0,6.873570993000044,50.937605860000076
2021,10,11,3,3,5,2,0,1,1,0,0,6.822854492000033,50.93684896600007
2021,2,18,6,2,6,6,0,1,0,1,0,6.842197921000036,50.96089072600006
2021,3,12,3,3,1,5,0,1,1,0,0,6.85989124200006,50.937014988000044
2021,2,16,4,3,5,3,0,1,1,0,0,6.874691914000039,50.993953505000036
2021,12,17,5,2,0,1,2,1,0,0,0,6.851387036000062,50.93100158400006
2021,5,15,1,2,0,7,0,1,0,0,0,6.870106067000052,50.94889608700004
2021,12,16,3,3,5,2,2,1,1,0,0,6.876266738000027,50.931992886000046
2021,1,8,3,3,0,7,1,1,0,0,0,6.830867539000053,50.94190086100008
2021,9,10,2,3,0,7,0,1,0,0,0,6.859934099000043,50.92968403200007
2021,3,17,4,3,0,1,0,1,0,0,0,6.873524806000034,51.005657463000034
2021,9,17,4,3,0,5,0,1,1,0,0,6.870985413000028,50.935610643000075
2021,9,13,2,3,0,5,0,1,1,0,0,6.842920011000047,50.93453934300004
2021,7,18,3,3,5,2,0,1,0,0,0,6.853244274000076,50.935497129000055
2021,5,14,2,3,2,6,0,1,1,0,0,6.828379002000077,50.96437399900003
2021,9,8,4,3,1,6,0,1,1,0,0,6.862667060000035,50.93208973600008
2021,9,15,4,3,5,3,0,1,1,0,0,6.872846743000025,50.99587344100007
2021,4,18,2,3,0,2,0,1,1,0,0,6.852933111000027,50.94220149700004
2021,5,22,6,2,0,1,2,1,0,0,0,6.857264158000021,50.932075206000036
2021,5,9,2,3,1,5,0,1,1,0,0,6.82915596600003,50.94208072500004
2021,5,8,6,3,1,5,0,1,1,0,0,6.864705556000047,50.97634220200007
2021,2,10,3,2,0,1,0,1,0,0,0,6.822843324000075,50.93546607600007
2021,12,14,4,3,5,3,0,1,1,0,0,6.831618718000072,50.96635913800003
2021,10,15,3,3,0,1,0,1,1,0,0,6.923989754000047,50.92306668200007
2021,9,8,5,3,3,5,0,1,1,0,0,6.948726302000068,50.93427738300005
2021,3,7,4,3,5,3,1,1,1,0,0,6.878749946000028,50.98762445500006
2021,6,14,3,3,5,3,0,1,1,0,0,6.928055279000034,50.96895488600006
2021,1,9,1,3,5,3,0,1,1,0,0,6.917415156000061,50.954853236000076
2021,1,9,6,3,0,5,0,1,0,0,0,6.938130909000051,50.907896066000035
2021,9,20,3,3,5,2,2,1,1,0,0,6.948156274000041,50.92229477400008
2021,4,12,5,3,6,4,0,1,0,1,0,6.912234914000067,50.95691383700006
2021,3,13,2,3,3,2,0,1,1,0,0,6.901146882000035,50.954857005000065
2021,12,14,7,3,0,1,0,1,0,0,0,6.915510654000059,50.95561255900003
2021,9,11,6,3,0,3,0,1,1,0,0,6.89542420500004,50.96842902800006
2021,12,11,1,3,0,1,0,1,0,0,0,6.919250384000065,50.921369827000035
2021,12,18,6,3,1,5,2,1,1,0,0,6.924341555000069,50.92318674900008
2021,12,15,7,3,0,1,0,1,0,0,0,6.93492486100007,50.92778231400007
2021,6,11,2,3,5,2,0,1,1,0,0,6.945626538000056,50.910319411000046
2021,9,15,5,2,8,1,0,1,0,0,0,6.922173407000059,50.973072271000035
2021,9,6,4,3,4,6,0,1,0,0,0,6.882000303000041,50.94753086600008
2021,10,13,7,3,3,5,0,1,1,0,0,6.921075286000075,50.92648757500007
2021,4,10,1,3,6,4,0,1,0,1,0,6.924691381000059,50.91045999800008
2021,5,14,7,3,2,6,0,1,0,0,0,6.937622712000064,50.91916801900004
2021,5,18,1,3,1,5,0,1,1,0,0,6.948547957000073,50.932016512000075
2021,1,13,3,3,0,1,0,1,0,0,0,6.920666957000037,50.95800817700007
2021,10,18,6,3,5,3,2,1,0,0,0,6.899107592000064,50.964867506000076
2021,6,0,1,3,0,1,2,1,0,0,0,6.945206164000069,50.90565008300007
2021,11,8,3,3,6,4,0,1,0,1,0,6.938891558000023,50.94617650500004
2021,5,14,5,3,5,3,0,1,0,0,0,6.949477529000035,50.91860581600008
2021,12,6,4,3,5,3,2,1,1,0,0,6.915833675000044,50.96172739300005
2021,12,16,5,3,5,3,0,1,1,0,0,6.902487372000053,50.91861214700003
2021,6,18,4,3,1,5,0,1,1,0,0,6.919946597000035,50.95387911900008
2021,6,9,2,3,0,7,0,1,1,0,0,6.900242362000029,51.00235107100008
2021,11,19,6,3,5,3,2,1,1,0,0,6.925893083000062,50.91749047400003
2021,10,10,3,3,4,2,0,1,1,0,0,6.93637118700002,50.94712475500006
2021,6,8,4,3,0,3,0,1,1,0,0,6.944042244000059,50.92378297400006
2021,11,17,6,3,3,6,1,1,1,0,0,6.939144588000033,50.93020924800004
2021,6,16,5,3,1,5,0,1,1,0,0,6.92307411400003,50.92482401600006
2021,7,11,3,3,5,3,0,1,1,0,0,6.908218329000022,50.92101545700007
2021,12,8,6,3,0,3,0,1,1,0,0,6.904175791000057,50.93431303400007
2021,1,14,7,3,0,1,0,1,0,0,0,6.927756222000028,50.92428985600003
2021,11,19,3,3,0,5,2,1,0,0,0,6.938320825000062,50.934427465000056
2021,2,17,6,2,0,1,1,1,0,0,0,6.888851933000069,50.92011944500007
2021,6,7,3,3,0,4,0,1,1,1,0,6.92334128300007,50.94450029800004
2021,5,19,7,3,9,1,0,1,0,0,0,6.91751701000004,50.955949360000034
2021,5,23,6,3,0,7,2,1,1,0,0,6.938187749000065,50.946497169000054
2021,9,19,4,3,5,7,0,1,1,0,0,6.942711560000021,50.94463866000007
2021,5,9,4,3,5,3,0,1,0,0,0,6.921435086000031,50.92066574900008
2021,5,17,7,3,1,3,0,1,1,0,0,6.880334090000076,50.94727453100006
2021,3,13,1,3,0,5,0,1,1,0,0,6.902843722000057,50.93866542500007
2021,6,0,3,3,1,3,2,1,0,0,0,6.936935601000073,50.92894636900007
2021,12,11,4,3,3,6,0,1,1,0,0,6.932799627000065,50.91287654300004
2021,9,17,7,3,3,2,0,1,1,0,0,6.924941235000063,50.91730877700007
2021,2,0,5,3,1,7,2,1,1,0,0,6.892739334000055,50.95640395800007
2021,2,14,1,3,0,3,0,1,1,0,0,6.946297629000071,50.93138628100007
2021,9,9,3,3,0,1,0,1,0,0,0,6.919691639000064,50.91284815800003
2021,5,13,7,3,5,2,0,1,1,0,0,6.899178015000075,50.95277461500007
2021,9,9,5,3,5,2,0,1,0,0,0,6.923912872000074,50.952373624000074
2021,3,14,5,3,4,6,0,1,1,0,0,6.912905312000021,50.95390889200007
2021,5,14,7,3,5,3,0,1,1,0,0,6.917472152000073,50.96001232800006
2021,4,12,1,3,5,3,0,1,1,0,0,6.938446295000062,50.938309881000066
2021,9,17,2,3,0,5,0,1,1,0,0,6.897787454000024,50.94846486000006
2021,12,1,7,3,0,1,2,1,0,0,0,6.93346908500007,50.927263047000054
2021,9,20,1,3,0,7,1,1,0,1,0,6.906559810000033,50.90654335700003
2021,6,12,3,3,6,4,0,1,0,1,0,6.899981624000077,50.93791349800006
2021,5,13,1,3,1,5,0,1,1,0,0,6.927390345000049,50.96920437500006
2021,3,16,3,3,0,5,0,1,1,0,0,6.91575950400005,50.99249841900007
2021,5,15,3,3,0,4,0,1,0,1,0,6.940775164000058,50.91895042200008
2021,12,11,3,3,7,1,0,1,0,0,0,6.943125042000077,50.932375051000065
2021,12,17,1,3,5,3,2,1,1,0,0,6.898434454000039,50.943259443000045
2021,12,13,7,3,0,7,0,1,0,0,0,6.914347404000068,50.95330761200006
2021,7,19,4,2,8,1,0,1,1,0,0,6.936531329000047,50.929472589000056
2021,6,8,2,3,6,4,0,1,0,1,0,6.925725452000052,50.916835168000034
2021,9,8,5,3,6,4,0,1,0,1,0,6.923906671000054,50.91728229100005
2021,5,18,7,2,0,1,1,1,0,0,0,6.933793508000065,50.927371691000076
2021,12,16,3,3,0,5,0,1,1,0,0,6.949111360000074,50.94133884100006
2021,9,17,3,3,6,6,0,1,0,1,0,6.945007531000044,50.93508327300003
2021,11,8,3,3,0,7,0,1,1,0,0,6.917218031000061,50.92297691400006
2021,2,17,5,3,1,5,1,1,1,0,0,6.938261461000025,50.94421095300004
2021,2,18,4,3,3,6,2,1,1,0,0,6.897675540000023,50.94201692900003
2021,6,11,3,3,0,5,0,1,1,0,0,6.941511112000057,50.91102577300006
2021,4,13,7,3,0,1,0,1,0,0,0,6.92051033000007,50.91372621200003
2021,9,12,2,3,6,4,0,1,0,1,0,6.925131993000036,50.91719462200007
2021,6,11,3,3,0,4,0,1,0,1,0,6.943133897000052,50.93038694200004
2021,9,15,7,3,0,1,0,1,0,0,0,6.945864888000074,50.95871063700008
2021,12,8,6,3,0,1,0,1,0,0,0,6.918153467000025,50.98860735800008
2021,6,10,5,2,0,7,0,1,0,0,0,6.899811291000049,50.924149181000075
2021,9,2,1,2,3,6,2,1,0,0,0,6.93498650500004,50.956545058000074
2021,10,15,4,3,5,3,0,1,0,1,0,6.907353460000024,50.921595463000074
2021,6,17,4,2,5,3,0,1,1,0,0,6.898230916000045,51.023442223000075
2021,11,0,6,3,0,1,2,1,0,0,0,6.92250468800006,50.94060990000003
2021,4,9,2,3,5,3,0,1,1,0,0,6.892313052000077,50.940695746000074
2021,5,18,6,3,5,3,0,1,1,0,0,6.927612016000069,50.95365887000003
2021,10,19,4,3,0,1,2,1,0,0,0,6.934628448000069,50.92764362500003
2021,9,7,5,3,9,6,0,1,1,0,0,6.922416704000057,50.98451338000007
2021,5,16,1,3,0,1,0,1,0,0,0,6.914143194000076,51.05280656300005
2021,5,20,6,3,0,1,1,1,0,0,0,6.937930240000071,50.92952162000006
2021,9,7,4,3,2,7,0,1,1,0,0,6.941841454000041,50.95853959200008
2021,6,17,2,3,5,3,0,1,0,0,0,6.948506724000026,50.90974825500007
2021,1,7,2,3,0,1,2,1,0,0,0,6.920438822000051,50.913649519000046
2021,9,18,2,3,1,5,0,1,1,0,0,6.901218199000027,50.917721019000055
2021,10,13,6,3,0,5,0,1,1,0,0,6.924698041000056,50.91745430900005
2021,6,14,1,3,7,1,0,1,0,0,0,6.947068372000047,50.93498933800004
2021,11,18,4,3,0,1,2,1,0,0,0,6.923740235000025,50.92297880700005
2021,6,19,2,3,0,1,0,1,0,0,0,6.936315635000028,50.92858779900007
2021,7,12,6,3,0,2,0,1,1,0,0,6.907620291000057,50.95029564100008
2021,6,16,2,3,0,1,0,1,0,0,0,6.945500121000066,50.90775975200006
2021,9,6,1,2,5,3,2,1,1,0,0,6.916483268000036,50.920602580000036
2021,9,16,5,3,3,2,0,1,1,0,0,6.898191215000054,50.94475001400008
2021,9,12,4,3,0,1,0,1,0,0,0,6.922374706000028,50.94493293100004
2021,6,20,3,3,5,3,0,1,1,0,0,6.934597194000048,50.976828064000074
2021,6,7,5,3,0,3,0,1,1,0,0,6.921724167000036,50.96155330100004
2021,4,17,4,3,5,2,0,1,1,0,0,6.914467140000056,50.96322120200006
2021,10,17,6,3,4,6,0,1,0,0,0,6.937496153000041,50.946786186000054
2021,5,19,4,3,5,3,0,1,1,0,0,6.942291531000023,50.935012750000055
2021,5,23,6,2,0,1,2,1,0,0,0,6.926403493000066,50.97018238700008
2021,6,13,1,3,0,1,0,1,0,0,0,6.91524473100003,50.96238340600007
2021,11,11,4,3,1,3,0,1,1,0,0,6.938675150000051,50.92876891900005
2021,11,7,3,3,3,6,1,1,1,0,0,6.948341486000061,50.958708717000036
2021,11,11,6,3,0,1,0,1,0,0,0,6.920915664000063,50.958014166000055
2021,6,19,4,3,5,3,0,1,1,0,0,6.900753288000033,50.934321425000064
2021,9,19,6,3,2,6,0,1,1,0,0,6.885416747000022,50.97052428400008
2021,11,17,4,3,0,3,2,1,1,0,0,6.936387466000042,50.94720198500005
2021,4,18,3,2,0,1,0,1,0,0,0,6.890961066000045,50.95079531700003
2021,11,16,5,3,5,3,0,1,1,0,0,6.912750686000038,50.91590422300004
2021,5,13,6,3,5,2,0,1,1,0,0,6.908259267000062,51.01211620200007
2021,11,15,3,3,0,5,0,1,1,0,0,6.938449949000074,50.96053085700004
2021,6,7,2,2,0,7,0,1,0,0,0,6.91392557100005,50.92747782100008
2021,7,10,3,3,1,5,0,1,1,0,0,6.936593642000048,50.940307973000074
2021,4,12,5,3,5,3,0,1,1,0,0,6.902422116000025,50.960688309000034
2021,12,19,7,3,0,7,2,1,0,0,0,6.941166138000028,50.91572792100004
2021,6,7,5,3,0,6,0,1,1,0,0,6.944405524000047,50.96709066400007
2021,2,17,5,3,1,5,0,1,1,0,0,6.925789132000034,50.94665676900007
2021,5,15,1,3,1,5,0,1,1,0,0,6.950539364000065,50.94928958100007
2021,6,15,6,3,4,7,0,1,0,0,0,6.945912555000064,50.94181407700006
2021,6,13,2,3,0,1,0,1,0,0,0,6.93409222300005,50.94811970200004
2021,6,13,7,3,1,5,0,1,1,0,0,6.948925727000073,50.93506050000008
2021,11,16,6,3,5,3,0,1,1,0,0,6.880677637000076,50.94732694600003
2021,7,16,5,3,0,7,0,1,0,0,0,6.944673119000072,50.91561274900005
2021,9,20,2,3,0,1,2,1,0,0,0,6.938330769000061,50.92974774500004
2021,11,7,4,3,0,1,0,1,0,0,0,6.943531075000067,50.968325023000034
2021,5,22,7,3,0,1,2,1,0,0,0,6.940240842000037,50.94660782900007
2021,10,0,7,2,0,1,2,1,1,0,0,6.922836172000075,50.91615995400008
2021,1,23,6,2,0,1,2,1,0,0,0,6.933623436000062,50.954070984000055
2021,6,17,7,3,0,1,0,1,0,0,0,6.949710983000045,50.930880140000056
2021,4,15,2,2,0,5,0,1,1,0,0,6.920361373000048,50.95096339500003
2021,9,18,2,3,0,7,1,1,0,1,0,6.90002215100003,51.00294089700003
2021,7,9,3,3,5,3,0,1,1,0,0,6.924641229000031,50.93067835800008
2021,5,20,1,3,9,1,0,1,0,0,0,6.934879452000075,50.95650367300004
2021,10,19,5,2,1,5,2,1,1,0,0,6.917134842000053,50.922968756000046
2021,9,11,3,3,0,7,0,1,1,0,0,6.890358709000054,50.934477790000074
2021,4,4,1,3,3,6,2,1,1,0,0,6.906740443000047,50.92205625100007
2021,11,19,3,3,1,1,2,1,1,0,0,6.941430183000023,50.929220574000055
2021,2,10,4,2,5,2,0,1,1,0,0,6.933415788000048,50.99400567400005
2021,10,0,1,3,6,4,2,1,0,1,0,6.944104443000072,50.93379345100004
2021,12,16,2,3,0,1,2,1,0,0,0,6.941770698000028,50.925779531000046
2021,10,5,1,2,1,5,2,1,1,0,0,6.93250835300006,50.933205256000065
2021,11,11,4,3,0,1,0,1,0,0,0,6.901310649000038,50.92948115200005
2021,9,13,1,3,0,1,0,1,0,0,0,6.926048749000074,50.908487921000074
2021,12,0,4,2,1,1,2,1,1,0,0,6.937711269000033,50.92939498000004
2021,12,1,6,3,9,1,2,1,0,0,0,6.909407118000047,50.923527179000075
2021,9,16,2,3,5,3,0,1,1,0,0,6.942956456000047,50.946292527000026
2021,7,10,3,3,0,1,0,1,0,0,0,6.919628545000023,50.91278048500004
2021,6,12,6,3,5,3,0,1,1,0,0,6.899235855000029,50.95303950700003
2021,4,11,2,3,0,5,0,1,0,0,0,6.935329297000067,50.91971100200004
2021,12,18,4,2,3,6,2,1,1,0,0,6.950202759000035,50.91585894100007
2021,12,15,3,3,0,1,0,1,0,0,0,6.906987809000043,51.02550198700004
2021,2,17,6,3,1,5,0,1,1,0,0,6.938973913000041,50.92880372900004
2021,3,13,7,3,3,3,0,1,1,0,0,6.923132500000065,50.952711312000076
2021,7,8,2,3,0,1,0,1,0,0,0,6.906489911000051,50.953883801000075
2021,6,14,4,2,0,3,0,1,1,0,0,6.894546952000042,50.93471155700007
2021,6,16,2,3,0,1,0,1,0,0,0,6.941631610000059,50.91697344200003
2021,2,15,4,2,0,7,0,1,0,0,0,6.932818951000058,50.91290359200008
2021,5,21,5,3,0,1,2,1,0,0,0,6.912195865000058,50.949818305000065
2021,10,11,3,3,5,3,0,1,0,0,1,6.909015002000046,50.97066825500008
2021,3,20,4,3,1,4,0,1,1,1,0,6.915896589000056,50.90663744100004
2021,9,20,3,3,0,1,2,1,0,0,0,6.919040128000063,50.924284217000036
2021,4,15,3,3,0,1,0,1,0,0,0,6.941250110000055,50.918045154000026
2021,10,7,2,3,0,1,0,1,0,0,0,6.935547651000036,50.928139861000034
2021,11,15,4,3,5,2,0,1,1,0,0,6.907014898000057,50.95597024800003
2021,4,7,2,3,0,6,0,1,0,0,0,6.914269760000025,50.922604153000066
2021,7,12,6,3,5,7,0,1,1,0,0,6.902496566000025,50.918617726000036
2021,12,15,5,3,4,2,0,1,1,0,0,6.942300086000046,50.93777317900003