UJAHR,UMONAT,USTUNDE,UWOCHENTAG,UKATEGORIE,UART,UTYP1,ULICHTVERH,IstRad,IstPKW,IstFuss,IstKrad,XGCSWGS84,YGCSWGS84
2021,6,7,4,2,7,1,0,1,0,0,0,6.900351666000063,50.94588672500004
2021,2,14,4,3,5,3,0,1,1,0,0,6.944393623000053,50.959308468000074
2021,12,16,4,3,5,3,0,1,1,0,0,6.922845993000067,50.92148909800005
2021,6,15,5,3,7,1,0,1,0,0,0,6.950244931000043,51.02944594200005
2021,11,10,1,3,0,1,0,1,0,0,0,6.944480286000044,50.90052214700006
2021,7,11,6,3,5,2,0,1,1,0,0,6.903863564000062,50.95743199200007
2021,9,11,6,3,0,1,0,1,0,0,0,6.942123848000051,50.940092984000046
2021,4,20,1,3,6,4,2,1,0,1,0,6.931654501000025,50.931433120000065
2021,4,16,1,2,0,3,0,1,1,0,0,6.888901032000035,51.029249589000074
2021,9,13,7,3,0,3,0,1,1,0,0,6.905170345000045,50.95364821100003
2021,11,17,3,3,4,3,2,1,1,0,0,6.926393648000044,50.942856290000066
2021,10,15,2,3,0,7,0,1,1,0,0,6.914532347000033,50.914795439000045
2021,1,18,6,3,5,3,2,1,1,0,0,6.894964154000036,50.94631891300003
2021,5,7,5,2,0,1,0,1,0,0,0,6.920927453000047,50.89959112100007
2021,6,11,4,3,5,2,0,1,1,0,0,6.941347354000072,50.973307598000076
2021,6,8,5,3,0,1,0,1,0,0,0,6.934602288000065,50.92763494600007
2021,4,15,5,3,0,7,0,1,0,0,0,6.950056861000064,50.959722957000054
2021,10,20,3,3,0,5,2,1,1,0,0,6.921708168000066,50.953229984000075
2021,9,8,6,3,0,1,0,1,0,0,0,6.926328184000056,50.92492408500004
2021,12,14,5,3,4,6,0,1,0,0,0,6.914932385000043,50.92207162600005
2021,9,16,5,3,0,7,0,1,1,0,0,6.937059867000073,50.91885581000008
2021,10,7,2,3,0,1,0,1,0,0,0,6.90219496800006,50.918416216000026
2021,2,18,2,3,0,1,0,1,0,0,0,6.931303618000072,50.94924574200007
2021,10,8,5,2,0,1,0,1,0,0,0,6.924031893000063,50.923081523000064
2021,4,12,7,3,0,1,0,1,0,0,0,6.941461058000073,50.911193387000026
2021,10,16,6,3,5,3,0,1,1,0,0,6.932806905000064,50.948597953000046
2021,11,15,2,3,0,1,1,1,0,0,0,6.940827929000022,50.912192282000035
2021,9,17,3,3,1,2,0,1,1,0,0,6.947250449000023,50.91492356600003
2021,7,12,3,3,1,5,0,1,1,0,0,6.935652152000046,50.92909094300006
2021,10,15,6,3,1,5,0,1,1,0,0,6.923850361000063,50.923017591000075
2021,6,15,1,3,0,1,0,1,0,0,0,6.934655012000064,50.927681403000065
2021,11,16,2,3,0,1,0,1,0,0,0,6.901069566000047,50.93059006400006
2021,10,18,4,3,0,1,2,1,0,0,0,6.918657814000028,50.921203442000035
2021,11,10,6,2,5,3,0,1,0,0,0,6.933448358000021,50.95087953400008
2021,3,18,5,3,3,2,1,1,0,0,0,6.903909216000045,50.96168996800003
2021,6,13,2,3,0,1,0,1,0,0,0,6.917357407000054,50.94379635300004
2021,9,8,2,3,5,3,0,1,1,0,0,6.938006638000047,50.96858719800008
2021,10,15,2,3,5,3,0,1,0,0,0,6.897859477000054,51.01917370700005
2021,7,10,3,3,0,1,0,1,0,0,0,6.933465916000046,50.92726194100004
2021,9,16,4,3,0,6,0,1,1,0,0,6.920637645000056,50.994821244000036
2021,5,11,1,3,0,1,0,1,0,0,0,6.913974266000025,51.05270582300005
2021,5,12,4,3,3,2,0,1,1,0,0,6.910691239000073,50.94514481300007
2021,11,7,5,3,3,6,1,1,0,0,0,6.943535155000063,50.92456575400007
2021,5,17,5,3,1,5,0,1,1,0,0,6.913228533000051,50.927231782000035
2021,10,8,5,3,0,4,0,1,1,1,0,6.934687285000052,50.939485071000036
2021,9,16,4,3,3,2,0,1,1,0,0,6.890869423000026,50.97055795800003
2021,12,18,3,3,5,3,2,1,0,0,0,6.907452327000044,50.91924438500007
2021,9,10,6,3,6,4,0,1,0,1,0,6.945588832000055,50.93668522000007
2021,12,18,4,3,6,4,2,1,0,1,0,6.928031395000062,50.90851500000008
2021,3,9,7,2,3,6,0,1,0,0,0,6.916901193000058,50.92239241200008
2021,6,8,2,2,0,1,0,1,0,0,0,6.942370358000062,50.91077071600006
2021,9,18,4,3,6,7,0,1,0,1,0,6.934155880000048,50.87863084400004
2021,2,15,5,3,0,4,0,1,0,1,0,6.922688395000023,50.94251414000007
2021,6,14,4,3,0,1,0,1,0,0,0,6.93256832000003,50.931886071000065
2021,6,18,2,3,5,3,0,1,1,0,0,6.899955542000043,50.95240491800007
2021,3,8,5,3,1,5,0,1,1,0,0,6.906613954000022,50.99712606600008
2021,5,17,6,3,0,6,0,1,1,0,0,6.882161115000031,50.95560941900004
2021,11,16,3,3,0,1,0,1,0,0,0,6.926281176000032,50.91786589800006
2021,9,18,6,2,7,1,1,1,0,0,0,6.913877118000073,51.05264792000003
2021,2,14,7,3,0,1,0,1,0,0,0,6.938078478000023,50.957713160000026
2021,5,12,1,2,0,7,0,1,0,0,0,6.920179115000053,50.953793387000076
2021,6,17,5,3,0,7,0,1,0,0,0,6.901048526000068,50.930704382000044
2021,9,11,4,3,5,3,0,1,1,0,0,6.91805187600005,50.96981720000008
2021,7,6,2,2,0,1,0,1,0,0,0,6.899855421000041,50.93832650400003
2021,3,19,3,3,0,2,2,1,1,0,0,6.907619082000053,50.950288080000064
2021,1,14,6,2,0,7,0,1,1,0,0,6.944774095000071,50.97205722100006
2021,1,6,4,3,0,1,2,1,0,0,0,6.939941333000036,50.97435119000005
2021,4,14,4,3,0,1,0,1,0,0,0,6.922127917000068,50.92240820200004
2021,1,16,6,3,5,2,0,1,1,0,0,6.922179387000028,50.973116427000036
2021,9,19,2,3,0,7,1,1,0,0,0,6.915557890000059,50.95180854400007
2021,3,7,2,3,6,4,1,1,0,1,0,6.941420583000024,50.90771160000003
2021,4,15,7,3,3,5,0,1,1,0,0,6.920135058000028,50.94579149500004
2021,12,0,7,2,9,7,2,1,0,0,0,6.913605769000071,50.93366778800004
2021,12,15,6,3,5,3,0,1,1,0,0,6.909688340000059,50.93139246000004
2021,9,10,2,3,0,1,0,1,0,0,0,6.918018392000022,50.95931436200004
2021,6,16,4,3,5,3,0,1,1,0,0,6.938979459000052,50.91150601800007
2021,10,22,6,3,0,1,0,1,0,0,0,6.924013797000043,50.919152575000055
2021,11,15,7,3,0,1,0,1,0,0,0,6.933807017000049,50.92737603100005
2021,9,8,4,3,5,6,0,1,1,0,0,6.926048388000027,50.91663814600008
2021,9,12,5,3,3,3,0,1,1,0,0,6.943467501000043,50.96848881600005
2021,4,19,7,3,3,6,0,1,1,0,0,6.918856205000054,50.95825481000003
2021,7,16,3,2,0,1,0,1,0,0,0,6.939126821000059,50.930198767000036
2021,3,9,6,3,5,2,0,1,1,0,0,6.936449606000053,50.94718748500003
2021,1,12,7,3,4,7,0,1,1,0,0,6.927902074000031,50.92055850200006
2021,5,6,2,3,5,3,0,1,1,0,0,6.942543026000067,50.98703204200007
2021,6,9,4,3,8,1,0,1,0,0,1,6.92612222200006,50.917952195000055
2021,1,19,5,3,0,1,2,1,0,0,0,6.90210453800006,50.99910657200007
2021,11,17,5,2,0,1,1,1,1,0,0,6.941431642000055,50.911296410000034
2021,3,11,7,3,0,3,0,1,1,0,0,6.931697697000061,50.94047201800004
2021,6,13,6,3,3,6,0,1,0,0,0,6.948425073000067,50.946296921000055
2021,3,17,3,3,9,1,0,1,0,0,0,6.920249019000039,50.91344595500004
2021,5,15,5,3,5,3,0,1,1,0,0,6.947413752000045,50.93274760800006
2021,2,16,4,3,5,3,0,1,0,0,0,6.93115423100005,50.91057273400003
2021,9,6,6,3,5,3,0,1,1,0,0,6.899777085000039,50.93853307000006
2021,10,14,2,3,1,5,0,1,1,0,0,6.923297391000062,50.94369944700003
2021,1,21,7,3,0,7,2,1,0,0,0,6.916308438000044,50.95502612300004
2021,2,14,4,3,1,7,0,1,1,0,0,6.941550575000065,50.93489439900003
2021,12,22,5,3,0,1,2,1,0,0,0,6.933467262000022,50.92726241100007
2021,11,11,7,3,1,7,0,1,1,0,0,6.937696135000067,50.92784173300004
2021,12,19,1,3,0,1,2,1,0,0,0,6.88237263000002,50.93269270500008
2021,10,16,5,3,0,3,0,1,1,0,0,6.904430361000038,50.96868842400005
2021,5,13,6,3,5,3,0,1,1,0,0,6.905458352000039,50.96720052300003
2021,7,10,2,3,1,5,0,1,1,0,0,6.937392018000025,50.937203759000056
2021,11,15,6,3,3,2,0,1,1,0,0,6.94106352700004,50.915487315000064
2021,7,12,6,3,7,7,0,1,0,0,0,6.920890454000073,50.971795979000035
2021,3,13,4,3,1,7,0,1,1,0,0,6.90021785700003,50.95639160800005
2021,6,0,7,3,5,3,2,1,1,0,0,6.936276636000059,50.92858565900008
2021,9,17,5,3,5,2,0,1,1,0,0,6.907779964000042,50.94529937400006
2021,4,11,3,3,8,4,0,1,0,1,0,6.930976978000047,50.966012860000035
2021,10,17,3,3,0,7,0,1,1,0,0,6.919107465000025,50.91221005300008
2021,9,8,6,3,5,3,0,1,0,0,0,6.933632206000027,50.927319416000046
2021,2,15,2,3,0,7,0,1,1,0,0,6.948961575000055,50.94867756300005
2021,3,13,4,3,5,3,0,1,1,0,0,6.881268316000046,50.956529844000045
2021,5,9,4,3,5,2,0,1,1,0,0,6.926957413000025,50.924076273000026
2021,7,19,4,3,2,6,0,1,1,0,0,6.937853492000045,50.94163766300005
2021,3,8,6,3,7,5,0,1,1,0,0,6.941888959000039,50.94169000800008
2021,4,17,6,3,5,3,0,1,0,0,1,6.931604460000074,50.931417287000045
2021,6,15,4,3,3,6,0,1,1,0,0,6.888543679000065,50.94234513100008
2021,5,16,2,2,5,3,0,1,1,0,0,6.948553674000038,50.91702278000008
2021,10,9,7,3,8,1,0,1,0,0,0,6.900686535000034,50.93446441100008
2021,6,2,1,2,7,1,2,1,1,0,0,6.909790059000045,50.94519736400008
2021,6,13,4,3,0,5,0,1,1,0,0,6.943108608000045,50.94001862500005
2021,12,15,7,3,3,6,0,1,0,0,0,6.946914119000041,50.93883573700003
2021,9,13,5,3,0,5,0,1,1,0,0,6.91843013600004,50.92311966700004
2021,10,14,7,3,1,5,0,1,1,0,0,6.940554131000056,50.92054070700004
2021,6,16,5,3,0,7,0,1,1,0,0,6.92285335400004,50.927623968000034
2021,4,8,4,3,3,2,0,1,1,0,0,6.890869503000033,50.97056814000007
2021,5,8,5,3,3,6,0,1,1,0,0,6.946874655000045,50.91428951800003
2021,5,13,2,3,0,1,0,1,0,0,0,6.919900373000075,50.95217181900006
2021,12,13,5,3,5,2,0,1,1,0,0,6.925533779000034,50.95169189000006
2021,7,15,3,3,1,5,0,1,1,0,0,6.907198147000031,50.95870255900007
2021,5,18,2,3,6,7,0,1,0,1,0,6.923456960000067,50.96136161000004
2021,4,23,5,3,5,3,2,1,1,0,0,6.948942517000035,50.93514866800007
2021,7,13,6,3,0,1,0,1,1,0,0,6.902177251000069,50.91840405100004
2021,6,19,2,3,4,2,0,1,0,0,0,6.927245611000046,51.01478530900005
2021,10,8,2,2,5,1,0,1,0,0,0,6.913604705000068,50.93367602400008
2021,6,1,4,2,0,1,2,1,0,0,0,6.920357746000036,50.95803946800004
2021,6,10,1,3,0,6,0,1,0,0,0,6.937091703000021,50.946950711000056
2021,5,17,7,3,0,1,0,1,0,0,0,6.945770232000029,50.91078513900004
2021,10,18,2,2,0,1,0,1,0,0,0,6.923339376000058,50.92197583600006
2021,11,15,6,3,0,1,0,1,0,0,0,6.936328395000032,50.92859518000006
2021,1,11,5,3,4,2,0,1,0,0,0,6.90745589900007,50.949820944000066
2021,11,20,6,3,5,3,2,1,1,0,0,6.942379462000076,50.93297493500006
2021,6,13,2,3,0,3,0,1,1,0,0,6.945495417000075,50.90747897700004
2021,5,10,6,3,3,6,0,1,0,0,0,6.933850065000058,50.95127337000008
2021,12,8,2,3,5,3,0,1,1,0,0,6.887916827000026,51.027624262000074
2021,6,17,6,3,0,7,0,1,0,1,0,6.906114772000024,50.95709763200006
2021,10,16,4,3,3,6,0,1,1,0,0,6.938311912000074,50.927529452000044
2021,6,17,3,3,5,3,0,1,1,0,0,6.894776673000024,50.968921788000046
2021,6,22,7,2,0,1,1,1,0,0,0,6.941485343000068,50.91759671800003
2021,1,7,4,3,0,5,0,1,0,0,0,6.92052179600006,50.91373851000003
2021,5,22,7,3,5,7,2,1,1,0,0,6.925929265000036,50.94748352700003
2021,9,23,4,3,0,1,2,1,0,0,0,6.917979024000033,50.93551258200006
2021,11,7,3,2,5,3,2,1,0,0,0,6.939721816000031,50.91777282500004
2021,10,20,6,3,0,1,2,1,0,0,0,6.923145968000028,50.92276951400004
2021,10,15,7,3,5,2,0,1,1,0,0,6.936391165000032,50.94720112200008
2021,6,15,1,3,0,1,0,1,0,0,0,6.908213723000074,50.957609527000045
2021,10,17,6,3,0,1,0,1,0,0,0,6.883410217000062,50.933035618000076
2021,2,18,5,3,5,3,2,1,1,0,0,6.904699634000053,50.97307445700005
2021,9,15,2,3,5,3,0,1,1,0,0,6.941117367000061,50.93324221800003
2021,5,19,6,3,2,6,0,1,1,0,0,6.912112778000051,50.956962762000046
2021,9,21,5,3,0,5,2,1,1,0,0,6.920858255000041,50.95354136200007
2021,11,18,2,3,5,3,2,1,0,0,0,6.924440648000029,50.95410486900005
2021,5,16,3,3,5,2,0,1,1,0,0,6.936339486000065,50.94721318100005
2021,2,8,3,3,0,1,0,1,0,0,0,6.919244793000075,50.912368883000056
2021,2,9,5,3,5,3,0,1,1,0,0,6.931605314000024,50.93141752300005
2021,5,15,1,3,6,7,0,1,0,1,0,6.947594482000056,50.93697578700005
2021,10,15,7,2,0,1,0,1,0,0,0,6.920258870000055,50.91345652000007
2021,10,7,2,3,5,3,1,1,1,0,0,6.900706091000075,51.021768473000066
2021,2,9,5,3,3,2,0,1,1,0,0,6.924393100000032,50.91769605200005
2021,6,7,6,2,5,2,0,1,1,0,0,6.88490710800005,50.977271649000045
2021,11,11,1,3,0,7,0,1,0,0,0,6.930489573000045,50.92552379300008
2021,12,12,2,2,4,2,0,1,1,0,0,6.890854889000025,50.97057468200006
2021,3,18,7,2,1,7,2,1,1,0,0,6.944436248000045,50.943941367000036
2021,3,14,4,2,0,2,0,1,1,0,0,6.904092043000048,50.957704428000056
2021,4,11,6,2,5,3,0,1,1,0,0,6.949743546000036,50.918952905000026
2021,6,6,2,3,0,3,0,1,0,0,0,6.922247453000068,50.97637509800006
2021,5,9,4,3,5,5,0,1,1,0,0,6.914686607000021,50.969475069000055
2021,10,16,2,3,0,1,0,1,0,0,0,6.940982059000021,50.91453205400006
2021,2,16,7,3,6,6,0,1,0,1,0,6.892325237000023,50.956291168000064
2021,5,3,7,3,0,7,2,1,0,0,0,6.907854470000075,50.946294257000034
2021,6,9,2,3,3,6,0,1,1,0,0,6.944441740000059,50.95573278100005
2021,3,19,4,3,1,5,1,1,1,0,0,6.928402068000025,50.924490484000046
2021,6,15,1,3,1,5,0,1,1,0,0,6.934641242000055,50.93800284400004
2021,12,12,5,3,6,4,0,1,0,1,0,6.948791701000061,50.93766881100004
2021,5,12,4,3,0,7,0,1,0,0,0,6.921574225000029,50.91819557800005
2021,9,17,7,3,0,2,0,1,1,0,0,6.933420410000053,50.99401648500003
2021,9,13,3,3,0,3,0,1,1,0,0,6.975893194000037,50.90149611900006
2021,3,10,4,3,3,5,0,1,1,0,0,6.951264596000044,50.96207081400007
2021,4,19,3,3,6,4,0,1,0,1,0,6.954482804000065,50.94823879200004
2021,2,17,1,3,4,3,0,1,1,0,0,6.970555771000022,50.96384668700006
2021,11,17,3,3,5,3,2,1,1,0,0,6.968708234000076,50.90067108400007
2021,9,22,1,2,0,1,2,1,0,0,0,6.981168214000036,50.915264207000064
2021,9,10,6,3,5,3,0,1,1,0,0,7.003909975000056,50.97712076500005
2021,11,18,5,3,5,3,2,1,1,0,0,6.95704377900006,50.93003196500007
2021,9,15,1,3,4,6,0,1,1,0,0,7.010913230000028,50.86654044800008
2021,6,8,6,3,5,3,0,1,1,0,0,6.955272129000036,50.97263200700007
2021,3,12,2,3,5,3,0,1,1,0,0,6.95896958700007,50.92318233700007
2021,1,16,2,3,4,6,1,1,0,0,0,6.975699034000058,50.96384212700008
2021,1,3,5,3,3,2,2,1,1,0,0,6.969262007000054,50.97437613100004
2021,1,14,2,3,0,1,0,1,0,0,0,6.968526048000058,50.91272705100005
2021,11,20,4,3,6,7,2,1,0,1,0,6.981297953000023,50.903258924000056
2021,3,15,2,3,5,3,0,1,1,0,0,6.968991312000071,50.93996090300004
2021,7,13,2,3,0,1,0,1,0,0,0,6.961121967000054,50.936356415000034
2021,7,11,2,3,3,2,0,1,0,0,0,6.957364442000028,50.92060797200003
2021,11,23,5,3,8,7,2,1,0,0,0,6.998820885000043,50.946951297000055
2021,9,19,4,2,5,2,0,1,1,0,0,6.973445279000032,50.93991462200006
2021,5,15,3,3,5,7,0,1,0,0,0,7.011045403000026,50.86806993600004
2021,10,21,5,3,0,7,2,1,0,0,0,6.955824369000027,50.95167894800005
2021,2,17,3,3,0,1,0,1,0,0,0,7.010718847000021,50.891640618000054
2021,12,14,2,3,0,1,0,1,0,0,0,6.965753361000054,50.912011918000076
2021,10,12,7,3,0,3,0,1,0,0,0,6.962529607000022,50.92450507800004
2021,6,17,5,3,0,7,0,1,0,0,0,6.960008348000031,50.919687562000036
2021,4,9,2,3,5,7,0,1,0,0,0,6.950644767000028,50.918521138000074
2021,12,6,5,3,5,2,2,1,1,0,0,6.953789005000033,50.92584754900008
2021,6,14,6,3,0,2,0,1,0,0,0,7.007669264000072,50.93417161200006
2021,5,14,1,3,0,7,0,1,1,0,0,7.004752817000053,50.864461282000036
2021,10,19,5,3,0,1,2,1,0,0,0,6.957671843000071,50.946099454000034
2021,9,14,7,3,5,2,0,1,1,0,0,7.002640364000058,50.95976565600006
2021,4,15,3,3,0,3,0,1,1,0,0,7.00551583400005,50.95113952200006
2021,12,14,6,3,5,2,0,1,0,0,0,6.965430007000066,50.974243252000065
2021,1,14,6,3,1,5,0,1,1,0,0,6.960032632000036,50.919601370000066
2021,5,11,3,3,0,1,0,1,0,0,0,6.997577486000068,50.93507188700005
2021,4,15,4,3,6,6,0,1,0,1,0,6.962759273000074,50.91003176600003
2021,6,15,5,3,5,3,0,1,0,0,0,6.950837840000077,50.969160876000046
2021,11,15,2,3,6,4,1,1,0,1,0,7.005134633000068,50.95100256600006
2021,10,17,1,2,5,3,0,1,1,0,0,6.968578017000027,50.979288162000046
2021,3,18,7,3,0,7,0,1,0,1,0,6.952783680000039,50.909546685000066
2021,11,13,5,3,4,6,0,1,0,0,0,6.978720334000059,50.93704800100005
2021,4,20,3,3,1,6,1,1,1,0,0,6.955742206000025,50.93258857700005
2021,10,17,3,3,5,3,0,1,1,0,0,6.971433841000021,50.91006585100007
2021,2,15,1,3,0,6,0,1,0,1,0,6.986005435000038,50.95284627500007
2021,6,8,4,3,5,2,0,1,0,0,0,6.96363539500004,50.90715803300003
2021,3,14,3,2,0,1,0,1,0,0,0,6.98927122300006,50.96943328100008
2021,6,15,1,3,0,1,0,1,0,0,0,6.952927892000048,50.974605577000034
2021,9,16,4,3,2,6,0,1,1,0,0,6.961723566000046,50.91449113200008
2021,5,12,3,3,0,4,0,1,0,1,0,6.95710918900005,50.907492217000026
2021,11,10,3,3,5,3,0,1,1,0,0,6.992180100000041,50.92877742500008
2021,3,18,4,3,5,3,0,1,1,0,0,6.958869294000067,50.96740376000008
2021,9,9,3,3,0,1,0,1,0,0,0,6.99537056500003,50.94933726700003
2021,12,13,2,3,5,3,0,1,1,0,0,6.968497761000037,50.905612001000065
2021,9,8,3,3,0,3,0,1,0,0,1,6.96134213800002,50.94190755100004
2021,5,14,4,3,5,3,0,1,0,0,0,6.961735035000061,50.91451693100004
2021,12,17,3,3,0,5,2,1,1,0,0,6.960273276000066,50.91879302400008
2021,12,0,1,3,7,1,2,1,0,0,0,6.959959404000074,50.91986808100006
2021,6,15,7,3,0,1,0,1,0,0,0,6.951016194000033,50.966533250000055
2021,5,16,2,2,6,2,0,1,0,1,0,6.962024034000024,50.920819710000046
2021,10,7,6,3,5,2,1,1,1,0,0,7.003712263000068,50.87723871900005
2021,4,11,3,3,5,3,0,1,1,0,0,6.958051514000033,50.92652787500003
2021,3,16,7,3,0,3,0,1,0,0,0,6.979089331000068,50.96802413800003
2021,11,8,6,2,0,7,0,1,0,0,0,7.010369643000047,50.955778344000066
2021,9,6,4,3,5,3,1,1,0,0,0,7.002716096000029,50.92347817500007
2021,11,11,6,3,0,3,0,1,0,0,0,6.955850515000066,50.942411340000035
2021,10,18,3,3,3,6,2,1,1,0,0,6.990836527000056,50.95533875500007
2021,1,13,5,3,0,1,0,1,1,1,0,6.962662090000038,50.91034991200007
2021,10,8,6,3,5,3,0,1,1,0,0,6.977156084000057,50.93288482100007
2021,6,21,2,3,5,2,0,1,1,0,0,7.001426895000066,50.943490101000066
2021,9,22,6,3,4,6,2,1,1,0,0,6.983659457000044,50.91273835100003
2021,5,18,4,3,0,2,0,1,1,0,0,6.978382034000049,50.969523139000046
2021,5,12,6,2,0,1,0,1,0,0,0,6.952448813000046,50.965045142000065
2021,11,18,6,3,8,1,2,1,0,0,0,6.956357906000051,50.94925618100007
2021,11,20,5,3,0,2,2,1,1,0,0,7.009391136000033,50.96603846900007
2021,12,12,7,3,0,5,0,1,1,0,0,6.964977066000074,50.89360300100003
2021,5,15,7,3,4,2,0,1,1,0,0,6.958632192000039,50.92449869600006
2021,5,7,2,2,2,7,0,1,1,0,0,6.95159645800004,51.030408495000074
2021,6,19,7,3,8,1,0,1,0,0,0,6.959766585000068,50.94036878500003
2021,5,11,7,3,0,5,0,1,1,0,0,7.001154117000056,50.939649589000055
2021,7,20,2,3,4,6,0,1,0,0,0,6.969388809000066,50.93851579500006
2021,6,17,4,2,6,6,0,1,0,1,0,6.958031901000027,50.90527214200006
2021,9,16,3,3,5,3,0,1,1,0,0,6.952957492000053,50.92456802100003
2021,5,18,2,3,0,4,0,1,0,1,0,6.957346681000047,50.92881569000008
2021,10,14,6,3,0,7,0,1,1,0,0,6.95988593800007,50.975261250000074
2021,6,12,2,3,2,6,0,1,1,0,0,6.952775247000034,50.931015097000056
2021,11,15,6,3,6,4,0,1,0,1,0,7.002657223000028,50.97158244800005
2021,2,9,5,3,0,1,0,1,0,0,0,6.956227323000064,50.91718404800008
2021,4,14,6,3,0,3,0,1,0,0,0,7.005535904000055,50.892075316000046
2021,9,2,7,2,0,1,2,1,0,0,0,6.961357558000032,50.91500865900008
2021,12,11,3,3,0,1,0,1,0,0,0,7.004287426000076,50.95366007900003
2021,6,15,2,3,3,6,0,1,0,0,0,6.973191705000033,50.94014417100004
2021,5,15,2,3,5,2,0,1,1,0,0,6.978382034000049,50.969523139000046
2021,11,9,3,3,4,2,0,1,1,0,0,7.005936757000029,50.95969013200005
2021,11,12,2,3,0,1,0,1,0,0,0,6.986296078000066,50.868069544000036
2021,9,18,1,2,0,1,0,1,0,0,0,6.991417716000058,50.97215235700003
2021,10,18,5,3,0,1,2,1,1,0,0,6.987290452000025,50.949442883000074
2021,10,13,3,2,5,2,0,1,0,0,0,6.960040872000036,50.97660462200008
2021,9,10,6,3,0,7,0,1,0,0,0,6.979640449000044,50.95256931600005
2021,4,8,4,3,1,5,0,1,1,0,0,6.963596894000034,50.92256959600007
2021,9,8,6,3,5,2,0,1,0,0,0,6.959663763000037,50.97324589700003
2021,1,13,2,3,5,3,0,1,1,0,0,6.976907991000076,50.97169332900006
2021,9,20,7,3,0,1,2,1,0,0,0,6.953773609000052,50.900327435000065
2021,6,12,6,3,4,7,0,1,1,0,0,6.972782446000053,50.85230130600007
2021,9,8,2,3,0,5,0,1,1,0,0,6.974641572000053,50.96472691100007
2021,10,17,1,2,5,3,0,1,1,0,0,6.961376729000051,50.94604639500005
2021,9,20,7,3,1,5,2,1,1,0,0,7.003569925000022,50.89211782700005
2021,9,17,5,3,3,7,0,1,0,0,0,6.973168609000027,50.941442883000036
2021,6,21,4,2,1,5,1,1,1,0,0,6.998230492000062,50.98205566200005
2021,6,7,2,2,6,4,0,1,0,1,0,6.977767526000036,50.96614888300007
2021,10,13,6,3,0,4,0,1,0,1,0,6.956580882000026,50.94713524000008
2021,10,20,1,3,0,1,0,1,0,0,0,6.964671512000052,50.90273547900006
2021,10,15,7,2,5,7,0,1,1,0,0,6.997864334000042,50.88782623600008
2021,9,15,3,3,6,7,0,1,0,1,0,6.99201105700007,50.889315579000026
2021,5,19,1,2,0,7,1,1,0,0,0,6.997687748000033,50.89938914700008
2021,3,19,1,3,0,3,0,1,1,0,0,6.951828975000069,50.966506749000075
2021,3,19,2,3,7,1,2,1,0,0,0,6.959370112000045,50.949315883000054
2021,7,9,6,3,5,3,0,1,1,0,0,6.952886344000035,50.94152924700006
2021,3,10,7,3,3,5,0,1,1,0,0,6.973936249000076,50.93676877300004
2021,6,16,3,3,0,1,0,1,0,0,0,6.96042002400003,50.94038334800007
2021,1,9,2,3,0,5,0,1,1,0,0,6.952344965000066,50.96130105000003
2021,9,16,7,3,4,2,0,1,1,0,0,6.956169382000041,50.93610795700005
2021,6,13,5,3,0,1,0,1,0,0,0,6.990364543000055,50.885523713000055
2021,3,14,1,3,0,1,0,1,0,0,0,6.962363799000059,50.92268838800004
2021,10,0,7,3,0,5,2,1,1,0,0,6.959455863000073,50.936238951000064
2021,1,19,6,3,1,5,2,1,1,0,0,7.001144649000025,50.93962653300008
2021,10,17,3,3,5,3,0,1,1,0,0,6.969391131000066,50.97355600900005
2021,12,14,5,3,5,2,0,1,1,0,0,6.958229692000032,50.90550313300008
2021,1,12,1,3,1,5,0,1,1,0,0,6.999921670000049,50.95749633600008
2021,3,16,2,2,6,6,0,1,0,1,0,6.965831940000044,50.927326364000066
2021,2,12,1,2,0,6,0,1,0,0,0,6.999566873000049,50.96440233700008
2021,12,8,7,3,4,3,0,1,0,0,0,6.956699062000041,50.90600890500008
2021,7,18,4,3,0,1,0,1,0,0,0,6.998271441000043,50.93550696400007
2021,5,8,3,3,5,3,0,1,1,0,0,6.987590531000023,50.879271706000054
2021,11,9,3,3,4,6,0,1,0,0,0,6.973410322000063,50.94153591600008
2021,6,0,6,3,0,1,2,1,0,0,0,6.990710403000037,50.95531921000003
2021,9,14,3,3,5,2,0,1,1,0,0,6.962591086000032,50.91734109600003
2021,5,13,4,3,2,7,0,1,1,0,0,6.951341466000031,50.92315144500003
2021,10,12,2,3,5,3,0,1,0,0,0,6.958090319000064,50.93626975800004
2021,4,11,7,3,3,6,0,1,1,0,0,6.974102014000039,50.900574868000035
2021,11,16,5,3,0,5,0,1,1,0,0,6.952808271000038,50.949845038000035
2021,4,15,7,3,5,3,0,1,1,0,0,6.955850515000066,50.942411340000035
2021,3,9,4,3,9,1,0,1,0,0,0,6.991533976000028,50.99509781900008
2021,12,12,5,3,4,2,0,1,1,0,0,6.963093262000029,50.96421172500004
2021,3,14,4,3,6,4,0,1,0,1,0,6.974687180000046,50.936791294000045