UJAHR,UMONAT,USTUNDE,UWOCHENTAG,UKATEGORIE,UART,UTYP1,ULICHTVERH,IstRad,IstPKW,IstFuss,IstKrad,XGCSWGS84,YGCSWGS84
2021,3,22,7,2,0,1,2,1,0,0,0,7.005733778000035,50.952826102000074
2021,10,15,7,3,5,3,0,1,1,0,0,6.964449908000063,50.90405788000004
2021,7,10,2,3,5,2,0,1,1,0,0,6.962485521000076,50.910939969000026
2021,6,9,6,3,5,3,0,1,1,0,0,6.958962936000034,50.91063173500004
2021,2,9,4,3,0,1,0,1,0,0,0,6.997697060000064,50.899385480000035
2021,10,8,4,3,0,1,0,1,1,0,0,7.001390955000034,50.94676225400008
2021,10,10,7,3,1,5,0,1,1,0,0,6.954877821000025,50.91082577100008
2021,1,14,6,3,6,4,0,1,0,1,0,6.956877185000053,50.949781517000076
2021,2,16,4,3,5,7,0,1,1,0,0,6.986685389000058,50.92302562300006
2021,7,8,4,3,1,5,0,1,1,0,0,6.960108122000065,50.91934136700007
2021,10,8,6,3,2,5,0,1,1,0,0,6.966455607000057,50.97876372300004
2021,10,18,6,3,6,4,1,1,0,1,0,6.987892943000077,50.889266278000036
2021,7,19,4,3,1,5,0,1,1,0,0,7.005039851000049,50.95152851100005
2021,3,15,5,3,5,1,0,1,0,0,0,6.996170644000074,50.95981781000006
2021,6,0,1,2,0,6,2,1,0,0,0,6.96399572200005,50.927596193000056
2021,6,14,6,3,5,3,0,1,1,0,0,7.003817179000066,50.95558301400007
2021,10,0,7,3,8,1,2,1,0,0,0,6.956204456000023,50.90929060800005
2021,5,13,1,3,1,5,0,1,1,0,0,6.980552637000073,50.96773190700003
2021,5,15,6,3,0,1,0,1,0,0,0,6.993332925000061,50.89208805100003
2021,3,20,4,3,6,4,2,1,0,1,0,6.973303334000036,50.983368161000044
2021,9,14,6,3,0,1,0,1,0,0,0,6.960351444000025,50.91834919000007
2021,9,14,7,3,0,6,0,1,0,0,0,6.964445178000062,50.90407420500003
2021,12,9,4,3,1,5,0,1,1,0,0,6.977582720000044,50.96932980300005
2021,9,12,1,3,5,3,0,1,1,0,0,6.969031898000026,50.968659055000046
2021,11,10,4,3,6,6,0,1,0,1,0,7.000247419000061,50.94989243900005
2021,3,14,6,3,0,5,0,1,1,0,0,6.953350967000063,50.96059706800003
2021,6,22,3,3,5,3,2,1,1,0,0,7.007061831000044,50.96666887100008
2021,10,16,3,3,5,3,0,1,1,0,0,6.961156712000047,50.986313804000076
2021,9,17,2,3,2,2,0,1,0,0,1,6.956813846000045,50.97416624200008
2021,10,12,5,3,5,2,0,1,1,0,0,6.973834200000056,50.94027742600008
2021,9,17,5,3,0,1,0,1,0,0,0,6.96787723500006,50.91279153700003
2021,11,21,2,3,0,1,2,1,0,0,0,7.003288012000041,50.95059780100007
2021,1,11,4,3,1,3,0,1,1,0,0,6.955649215000051,51.02468600000003
2021,10,16,4,3,5,2,0,1,1,0,0,6.951995817000068,50.92274480800006
2021,5,17,7,3,9,1,0,1,1,0,0,6.953691504000062,50.96039985700003
2021,12,8,3,2,0,1,0,1,1,0,0,6.962533280000059,50.91885320200004
2021,6,15,2,3,5,3,0,1,0,0,0,6.976768040000024,50.90160476500006
2021,11,8,2,3,3,7,0,1,1,0,0,6.989775124000062,50.89508314400007
2021,7,0,2,3,3,6,2,1,1,0,0,6.953357305000054,50.92509188200006
2021,1,7,3,3,5,3,2,1,1,0,0,6.961710025000059,50.91447541600007
2021,9,9,6,3,5,3,0,1,1,0,0,6.967086624000046,50.90048840900005
2021,4,15,5,2,4,7,0,1,0,0,0,6.973196257000041,50.93065714200003
2021,9,17,2,3,5,3,0,1,1,0,0,6.955618590000029,50.86347458400007
2021,6,7,6,3,1,5,0,1,1,0,0,6.965605053000047,50.97214607300003
2021,6,18,3,3,0,1,0,1,0,0,0,6.989166366000063,50.968049284000074
2021,11,19,7,3,5,3,2,1,0,0,0,6.951935271000025,50.917866848000074
2021,5,16,2,3,3,6,0,1,1,0,0,7.001238301000058,50.86429078800006
2021,10,14,3,3,4,3,0,1,1,0,0,6.968596031000061,50.977848781000034
2021,6,16,6,3,1,5,0,1,1,0,0,6.963770452000063,50.96696620500006
2021,6,8,5,3,4,6,0,1,0,0,0,6.958599351000032,50.92452739100003
2021,7,19,6,2,0,1,0,1,0,0,0,6.96012722200004,51.00249865600006
2021,9,13,7,3,5,3,0,1,0,0,0,6.957726076000029,50.91064111600008
2021,4,16,5,2,3,6,0,1,0,0,0,6.966058495000027,50.91715713100007
2021,10,13,4,3,1,5,0,1,1,0,0,6.959960541000044,50.95178118900003
2021,11,16,6,3,4,6,0,1,0,0,0,6.958377069000051,50.92540024500005
2021,12,10,2,3,0,5,0,1,1,0,0,7.001300320000041,50.94000558600004
2021,12,15,1,3,5,2,0,1,1,0,0,6.960968576000027,50.90870750600004
2021,2,15,6,3,4,5,0,1,0,0,0,6.957594224000047,50.92801039200003
2021,6,10,5,3,5,3,0,1,1,0,0,7.00658052600005,50.86800731100004
2021,6,10,2,3,4,7,0,1,1,0,0,6.959985759000062,50.94269079500003
2021,9,14,7,3,5,3,0,1,1,0,0,6.978470820000041,50.96956810100005
2021,4,17,4,3,5,3,0,1,1,0,0,6.963229213000034,50.95354990800007
2021,9,15,6,3,5,3,0,1,1,0,0,6.984551917000033,50.91767398700006
2021,5,7,4,3,4,5,0,1,1,0,0,6.959342007000032,50.93149759000005
2021,10,17,3,3,0,1,0,1,0,0,0,6.950782102000062,50.969154898000056
2021,12,10,1,2,0,7,0,1,0,1,0,6.954083850000075,50.962970675000065
2021,11,16,4,3,5,3,1,1,1,0,0,6.989576558000067,50.92123697900007
2021,12,12,6,3,1,5,0,1,1,0,0,6.995089872000051,50.94112968300004
2021,4,10,3,3,0,1,0,1,0,0,0,6.961026012000048,50.97422704000007
2021,9,17,6,3,5,2,0,1,1,0,0,7.001048341000057,50.93528285800005
2021,3,7,6,3,5,3,0,1,1,0,0,6.953092334000075,50.97039909100005
2021,12,15,5,3,5,2,0,1,1,0,0,6.961317204000068,50.95445817900003
2021,5,12,6,3,4,2,0,1,1,0,0,6.978397501000074,50.969527250000056
2021,11,14,3,3,5,3,0,1,1,0,0,6.956000935000077,50.94254538300004
2021,6,16,2,3,0,4,0,1,0,1,0,6.998029925000026,50.93539073000005
2021,6,19,5,3,3,5,0,1,1,0,0,6.959819985000024,50.974688083000046
2021,11,16,4,3,6,6,0,1,1,1,0,7.001640561000045,50.886477495000065
2021,6,1,7,3,0,7,2,1,0,0,0,6.95340529300006,50.95047148000003
2021,12,7,5,3,0,1,0,1,0,0,0,7.006768238000063,50.947379323000064
2021,2,18,7,3,3,6,2,1,0,0,0,6.958005884000045,50.92667067500008
2021,1,18,2,2,0,1,2,1,0,0,0,6.994478358000038,50.92838870500003
2021,10,9,5,3,0,5,0,1,1,0,0,6.973101879000069,50.93519644300005
2021,7,18,2,3,5,3,0,1,1,0,0,6.961002197000028,50.977173090000065
2021,12,16,3,2,3,2,1,1,1,0,0,6.961434623000059,50.91474746700004
2021,2,11,6,3,3,6,0,1,0,0,0,6.956758786000023,50.90381778500006
2021,4,16,5,3,6,4,0,1,0,1,0,6.99207700200003,50.88948062400004
2021,6,12,6,2,5,3,0,1,0,0,0,6.991775457000074,50.98635840400004
2021,11,19,5,3,0,5,2,1,0,0,0,6.962649183000053,50.910392168000044
2021,5,0,1,3,0,5,2,1,0,0,0,6.951249954000048,50.90143130200005
2021,11,13,6,3,6,4,0,1,0,1,0,6.972582550000027,50.936814913000035
2021,3,12,7,3,0,5,0,1,1,0,0,6.974206515000049,50.96518536500008
2021,5,15,4,3,3,5,0,1,1,0,0,6.960240930000055,50.91890041800008
2021,11,17,5,2,0,4,2,1,1,1,0,6.957501093000076,50.928588595000065
2021,6,17,5,3,5,2,0,1,1,0,0,7.002053851000028,50.979805733000035
2021,7,18,5,3,0,1,0,1,0,0,0,7.010764765000033,50.86665404100006
2021,4,13,4,3,0,3,0,1,1,0,0,6.976828002000047,50.97156216600007
2021,12,8,6,3,0,1,0,1,0,0,0,7.009393856000031,50.96604165300005
2021,2,11,4,3,0,1,0,1,0,0,0,6.959731654000052,50.92071955900008
2021,11,13,6,3,0,1,0,1,0,0,0,6.963026996000053,50.934919808000075
2021,12,10,6,3,0,2,0,1,0,0,0,7.001261858000021,50.93371250400003
2021,3,10,6,3,0,7,0,1,0,0,0,6.990275062000023,50.95291532500005
2021,6,11,5,3,5,2,0,1,1,0,0,6.958557379000069,50.96261314800006
2021,3,14,4,3,5,3,0,1,1,0,0,6.974881394000022,50.96864720700006
2021,1,13,7,3,1,5,0,1,1,0,0,7.006936172000053,50.86524347200003
2021,5,12,5,3,1,5,0,1,1,0,0,7.010974086000033,50.926256763000026
2021,1,16,6,3,1,1,0,1,1,0,0,6.959929499000054,50.952117489000045
2021,4,17,2,3,0,2,0,1,1,0,0,6.98976148600002,50.91205995400003
2021,6,17,5,2,1,5,0,1,1,0,0,6.962445063000075,50.91435574500008
2021,6,16,5,2,1,5,0,1,1,0,0,6.963730132000023,50.951648007000074
2021,2,9,6,2,5,3,0,1,1,0,0,6.962078470000051,50.92605899600005
2021,2,12,5,3,1,5,0,1,1,0,0,6.955081039000049,50.93840019800007
2021,1,18,5,3,5,3,2,1,1,0,0,6.974221897000064,50.96858547800008
2021,4,12,5,2,0,1,0,1,0,0,0,7.000618663000068,50.96724719300005
2021,12,21,1,3,5,3,2,1,1,0,0,6.952767541000071,50.94311970800004
2021,10,16,5,3,0,5,0,1,1,0,0,6.960756018000041,50.91716260600003
2021,12,16,7,3,5,2,2,1,1,0,0,6.979604521000056,50.96754063700007
2021,11,12,6,3,0,1,0,1,0,0,0,6.966844692000052,50.959654568000076
2021,1,11,6,3,0,7,0,1,0,0,0,6.951550589000021,50.95269018400006
2021,9,16,3,3,2,6,0,1,1,0,0,6.954396382000027,50.94878219100008
2021,3,7,5,3,6,7,0,1,0,1,0,6.964139397000054,50.90512952800003
2021,9,9,5,3,4,6,0,1,1,0,0,6.959216143000049,50.92451272800008
2021,2,11,1,2,0,1,0,1,0,0,0,6.974396665000029,50.94026492000006
2021,7,17,3,3,0,5,0,1,1,0,0,6.968971531000022,50.91059406100004
2021,2,14,3,3,0,3,0,1,1,0,0,6.962434085000041,50.911906368000075
2021,7,11,7,3,5,3,0,1,0,0,0,7.018458491000047,50.87488851100005
2021,10,15,2,3,0,1,0,1,0,0,0,7.080547981000052,50.883896252000056
2021,3,8,5,3,5,3,0,1,1,0,0,7.073789759000022,50.92052100500007
2021,6,8,4,3,5,2,0,1,1,0,0,7.066644876000055,50.97732195200007
2021,11,15,5,3,2,6,0,1,1,0,0,7.017529764000074,50.876230735000036
2021,7,11,1,3,1,5,0,1,1,0,0,7.021987433000049,50.93403641900005
2021,5,20,6,3,0,1,0,1,0,0,0,7.021645071000023,50.94246168700005
2021,5,16,6,3,0,1,0,1,0,0,0,7.013478065000072,50.86410148400006
2021,12,11,2,3,4,6,0,1,1,0,0,7.054509090000067,50.88403622300007
2021,5,11,5,2,6,4,0,1,0,1,0,7.067482385000062,50.894555453000066
2021,9,10,5,3,5,3,0,1,0,0,0,7.085729123000021,50.87433831200008
2021,10,6,6,3,5,3,2,1,1,0,0,7.064943881000033,50.94234559100005
2021,10,13,6,3,0,2,0,1,0,0,0,7.078726987000039,50.946138639000026
2021,7,13,5,3,0,7,0,1,1,0,0,7.012881871000047,50.975156051000056
2021,5,6,4,3,5,2,0,1,1,0,0,7.073210748000065,50.98405950800003
2021,6,8,2,3,3,6,0,1,1,0,0,7.039611037000043,50.97169664000006
2021,2,15,4,3,5,3,0,1,1,0,0,7.050904998000021,50.866983866000055
2021,2,15,1,3,1,5,0,1,1,0,0,7.023295369000039,50.935998691000066
2021,7,11,6,3,5,3,0,1,1,0,0,7.081170930000042,50.862882538000065
2021,4,12,3,3,5,2,0,1,1,0,0,7.019460802000026,50.91016145700007
2021,12,20,3,3,5,3,2,1,1,0,0,7.068309916000032,50.983291585000075
2021,5,11,5,3,0,7,0,1,0,1,0,7.047836362000055,50.94434345600007
2021,6,15,3,3,5,3,0,1,1,0,0,7.067094650000058,50.87144077100004
2021,10,16,3,2,0,7,0,1,0,1,0,7.065964810000025,50.98046379700003
2021,6,11,6,3,0,7,0,1,0,0,0,7.032071285000029,50.86164052700008
2021,9,18,3,3,3,6,1,1,1,0,0,7.014967536000029,50.95091489600003
2021,5,19,2,3,5,3,0,1,1,0,0,7.056214666000074,50.969047895000074
2021,7,14,6,3,5,3,0,1,1,0,0,7.062085728000056,50.932922604000055
2021,9,8,4,3,5,3,0,1,1,0,0,7.06051033500006,50.928349052000044
2021,3,15,3,3,3,3,0,1,1,0,0,7.080845651000061,50.946034431000044
2021,11,18,3,3,0,1,1,1,0,0,0,7.023330585000053,50.95811573900005
2021,9,12,4,2,0,1,0,1,0,0,0,7.031071815000075,50.92244254000008
2021,7,11,2,3,5,3,0,1,1,0,0,7.075623496000048,50.97218007200007
2021,3,12,3,2,5,3,0,1,1,0,0,7.066543934000038,50.89657741100007
2021,3,15,3,3,3,2,0,1,1,0,0,7.032183907000046,50.97091928800006
2021,12,12,2,3,0,1,0,1,0,0,0,7.059343255000044,50.88557931400004
2021,10,12,6,3,5,3,0,1,1,0,0,7.050652852000042,50.938865573000044
2021,3,8,5,3,5,2,0,1,1,0,0,7.033681675000025,50.96801361200005
2021,2,13,6,3,5,3,0,1,0,0,0,7.07333643000004,50.943383363000066
2021,6,16,2,3,1,3,0,1,1,0,0,7.035054919000061,50.98190148200007
2021,1,21,1,3,0,1,2,1,0,0,0,7.021791996000047,50.87243773800003
2021,2,17,4,3,0,7,2,1,0,0,0,7.081956439000066,50.85872157600005
2021,5,21,1,3,0,6,1,1,0,0,0,7.053734088000056,50.88662275900003
2021,7,21,6,3,0,3,0,1,1,0,0,7.038695855000071,50.99293599300006
2021,7,16,6,3,4,6,0,1,0,0,0,7.07984822800006,50.97220673100003
2021,5,19,1,3,0,1,0,1,0,0,0,7.072201051000036,50.93334343200007
2021,6,23,7,3,8,1,2,1,1,0,0,7.064370702000076,50.985801501000026
2021,5,23,7,2,0,1,2,1,0,0,0,7.01834443000007,50.96526580600005
2021,9,20,4,3,0,1,2,1,0,0,0,7.037131134000049,50.969336328000054
2021,6,17,2,2,0,3,0,1,1,0,0,7.011459089000027,50.86927126100005
2021,6,11,1,3,5,7,0,1,1,0,0,7.073959888000047,50.96747394200003
2021,6,18,2,3,5,5,0,1,1,0,0,7.07911694400002,50.96875220600003
2021,6,19,3,3,0,1,0,1,0,0,0,7.075325091000025,50.97416740700004
2021,7,22,7,3,0,7,2,1,0,0,0,7.020201155000052,50.93796004100005
2021,12,7,3,3,5,3,2,1,1,0,0,7.089474954000025,50.97062236900007
2021,6,11,4,3,0,1,0,1,1,0,0,7.012666897000031,50.97384527600008
2021,11,11,6,3,0,1,0,1,0,0,0,7.068689210000059,50.98093557700008
2021,5,16,2,3,5,3,0,1,1,0,0,7.085196573000076,50.94367403800004
2021,10,16,5,3,1,7,0,1,1,0,0,7.064920886000039,50.89446404700004
2021,4,15,6,2,3,2,0,1,1,0,0,7.044584566000026,50.98159216200003
2021,9,10,5,3,5,2,0,1,1,0,0,7.073926585000038,50.97533653200003
2021,5,19,7,3,1,5,0,1,1,0,0,7.012321735000057,50.865357810000035
2021,9,15,4,3,3,6,0,1,1,0,0,7.078365828000074,50.97238681500005
2021,10,7,3,3,5,3,1,1,1,0,0,7.049966611000059,50.86384459000004
2021,2,14,6,3,5,3,0,1,1,0,0,7.060942350000062,50.929064409000034
2021,2,13,3,3,1,5,0,1,1,0,0,7.080565689000025,50.919506084000034
2021,11,14,5,3,0,1,0,1,0,0,0,7.072278053000048,50.89838682000004
2021,3,8,2,3,4,6,0,1,1,0,0,7.034321486000067,50.96154213700004
2021,9,23,2,3,0,6,2,1,0,1,0,7.021782137000059,50.933028697000054
2021,6,11,6,2,7,1,0,1,0,0,0,7.065121673000021,50.97901964400006
2021,12,15,2,3,5,3,0,1,1,0,0,7.063425263000056,50.89068946900005
2021,9,11,6,3,3,1,0,1,0,0,0,7.024046713000075,50.896581825000055
2021,10,14,4,3,5,3,0,1,1,0,0,7.047188584000025,50.92914143100006
2021,9,15,1,3,0,7,0,1,0,1,0,7.025145910000049,50.890676460000066
2021,12,12,2,3,0,6,0,1,0,0,0,7.061352761000023,50.90318310100008
2021,4,17,2,3,3,5,0,1,1,0,0,7.056133867000028,50.865065154000035
2021,10,18,6,3,0,7,0,1,0,1,0,7.061181401000056,50.92948205500005
2021,3,15,2,3,5,3,0,1,1,0,0,7.017563544000041,50.93038083300007
2021,2,15,3,3,5,3,0,1,1,0,0,7.017594050000071,50.93036335100004
2021,12,21,5,3,4,6,2,1,1,0,0,7.042656864000037,50.91846157100008
2021,2,9,3,3,0,1,0,1,1,0,0,7.052828667000028,50.97037513300006
2021,4,14,6,3,5,3,0,1,1,0,0,7.085577060000048,50.872065459000055
2021,6,16,2,3,3,6,0,1,1,0,0,7.054407480000066,50.881489515000055
2021,6,16,5,3,0,3,0,1,0,0,0,7.057923574000029,50.88678035200007
2021,9,20,7,3,0,7,0,1,0,0,0,7.040792230000022,50.89860068100006
2021,12,8,5,3,5,2,0,1,0,0,0,7.07437343600003,50.978237352000065
2021,9,20,6,2,0,1,1,1,0,0,0,7.049978373000044,50.94897659000003
2021,3,16,2,3,5,2,0,1,1,0,0,7.080218477000074,50.88124544000004
2021,6,19,7,3,5,3,0,1,1,0,0,7.072295328000052,50.89839781900008
2021,9,10,6,2,0,7,0,1,0,1,0,7.056379798000023,50.88387440400004
2021,4,12,3,3,0,6,0,1,1,0,0,7.06441363700003,50.97359106400006
2021,9,7,6,3,0,7,0,1,0,0,0,7.021389458000044,50.95803592100003
2021,6,18,5,3,0,7,0,1,0,0,0,7.045185761000027,50.95059676900007
2021,9,12,7,3,5,3,0,1,0,0,0,7.019035857000063,50.86710445400007
2021,2,15,6,3,1,5,0,1,1,0,0,7.06673586900007,50.97173746900006
2021,9,6,5,3,0,7,1,1,1,0,0,7.056543935000036,50.96919144600008
2021,1,7,3,3,5,2,2,1,1,0,0,7.06409466100007,50.90115603300006
2021,6,12,4,3,0,7,0,1,0,0,0,7.074953231000052,50.97067732600004
2021,9,9,6,3,1,5,0,1,1,0,0,7.051408630000026,50.89317349400005
2021,6,15,3,3,5,3,0,1,0,0,0,7.043970839000053,50.97193737900005
2021,3,12,2,3,5,2,0,1,1,0,0,7.080226900000071,50.88123782400004
2021,9,11,5,3,4,6,0,1,1,0,0,7.021360146000063,50.93866644900004
2021,7,9,2,3,5,3,0,1,1,0,0,7.012792341000022,50.973957847000065
2021,9,17,7,2,1,6,0,1,1,0,0,7.047799344000055,50.99278905700004
2021,11,18,3,3,7,7,2,1,0,0,0,7.089604699000063,50.94697899500005
2021,1,7,2,3,8,1,2,1,0,0,0,7.061780350000049,50.882832173000054
2021,12,10,3,2,5,2,0,1,1,0,0,7.032530525000027,50.98008911900007
2021,5,15,3,3,5,3,0,1,1,0,0,7.071591499000021,50.94448903000006
2021,6,20,4,3,1,5,0,1,0,1,0,7.01302968300007,50.95493629100008
2021,9,5,2,3,5,3,2,1,1,0,0,7.094261378000056,50.85818720800006
2021,5,18,1,3,7,1,0,1,0,0,0,7.09276004000003,50.969206486000076
2021,6,8,3,3,0,6,0,1,1,1,0,7.099510055000053,50.86174273900008
2021,10,15,1,2,0,1,0,1,0,0,0,7.09261749500007,50.845914149000066
2021,11,21,4,3,0,1,2,1,1,0,0,7.115274632000023,50.87715927600004
2021,6,18,6,3,0,1,0,1,0,0,0,7.104268554000043,50.850241821000054
2021,9,15,7,3,5,3,0,1,1,0,0,7.106021445000067,50.87272962900005
2021,1,5,2,3,5,2,2,1,1,0,0,7.115298265000035,50.87715455100005
2021,5,12,7,3,5,3,0,1,1,0,0,7.093566496000051,50.84571686400005
2021,6,0,5,2,0,1,2,1,0,0,0,7.098023548000072,50.87296948100004
2021,6,8,3,3,0,7,0,1,1,0,0,7.095952165000028,50.97195524400007
2021,10,18,3,2,0,1,0,1,0,0,0,7.56917825000005,51.96002863400008
2021,2,17,5,3,0,6,0,1,0,0,0,7.578833339000028,51.889097166000056
2021,6,8,4,3,5,1,0,1,1,0,0,7.574400336000053,51.97578889700003
2021,10,13,6,2,1,2,0,1,1,0,0,7.53989493000006,51.94849703700004
2021,10,10,7,2,5,3,0,1,1,0,0,7.60653559800005,51.96114423200004
2021,2,17,4,3,0,3,1,1,1,0,0,7.595241636000026,51.93872540400008
2021,10,15,5,3,5,3,0,1,1,0,0,7.53519933900003,51.94690034400003
2021,6,0,1,3,8,1,2,1,0,0,0,7.589183143000071,51.963543134000076
2021,6,13,5,3,5,3,0,1,1,0,0,7.610955597000043,51.972001815000056
2021,12,6,4,3,5,3,2,1,1,0,0,7.567614045000028,51.95582634700003
2021,4,13,6,3,7,7,0,1,0,0,0,7.608833089000029,51.95075513200004
2021,1,20,3,3,5,7,2,1,1,0,0,7.611771496000074,51.93091251000004
2021,11,17,4,3,5,3,2,1,1,0,0,7.607422472000053,51.93259900800007
2021,6,12,3,3,5,2,0,1,1,0,0,7.594003923000059,51.95675500300007
2021,6,13,4,3,1,6,0,1,1,0,0,7.605319792000046,51.934259904000044
2021,11,12,3,3,5,3,0,1,1,0,0,7.597879078000062,51.96654219000004
2021,5,13,5,3,1,1,0,1,1,0,0,7.581028199000059,51.966876081000066
2021,6,9,5,3,8,1,0,1,0,0,0,7.541703016000042,52.00347999100006
2021,4,15,7,3,0,3,0,1,0,0,0,7.609348387000068,51.88256306000005
2021,5,16,3,2,5,3,0,1,1,0,0,7.60319445500005,51.97259491700004
2021,3,11,2,3,5,2,0,1,1,0,0,7.597897403000047,51.966555656000025
2021,7,10,6,2,0,7,0,1,0,0,0,7.57114159300005,51.94322658700003
2021,1,11,4,3,9,6,0,1,1,0,0,7.601324765000072,51.99554917300003
2021,12,13,3,3,4,6,0,1,0,0,0,7.609341078000057,51.96052105800004
2021,10,15,7,3,5,2,0,1,1,0,0,7.578833857000063,51.93435002700005
2021,10,19,7,3,0,1,1,1,0,0,0,7.606635872000027,51.97921662200008
2021,12,17,4,3,5,3,2,1,1,0,0,7.583324224000023,51.96536303700003
2021,6,9,1,3,0,7,0,1,0,0,0,7.523598082000035,51.92302887800008
2021,7,19,2,3,5,3,0,1,1,0,0,7.607877107000036,51.98536357100005
2021,6,10,7,3,1,5,0,1,1,0,0,7.533257898000045,51.95328636600004
2021,5,11,4,3,8,1,0,1,0,0,0,7.589983949000043,51.97483248900005
2021,4,19,6,3,5,3,0,1,1,0,0,7.525888886000075,51.91723032600004
2021,7,19,3,3,5,3,0,1,1,0,0,7.603416868000068,51.993282511000075
2021,11,13,6,3,3,2,0,1,1,0,0,7.612705273000074,51.93831945800008
2021,4,16,4,3,1,5,0,1,0,0,0,7.596594245000063,51.927657252000074
2021,6,15,6,3,5,3,0,1,1,0,0,7.608110752000073,51.97397909800003
2021,3,18,4,3,0,1,1,1,1,0,0,7.556512349000059,51.99488129900004
2021,11,9,2,2,0,3,0,1,1,0,0,7.598604977000036,51.958960396000066
2021,12,16,6,3,5,2,2,1,1,0,0,7.564325622000069,51.972571680000044
2021,3,17,2,3,5,2,0,1,0,0,0,7.61225059800006,51.883998801000075
2021,6,17,4,3,3,6,0,1,0,0,1,7.59407677300004,51.95675443500005
2021,10,21,6,2,0,1,2,1,0,0,0,7.610656211000048,51.98485474000006
2021,6,19,4,2,5,3,0,1,0,0,0,7.608892527000023,51.94621372600005
2021,9,0,4,3,0,1,2,1,0,0,0,7.593708287000027,52.00177873000007
2021,10,7,3,3,3,6,1,1,0,0,0,7.58281043900007,51.96568932300005
2021,4,3,5,3,0,1,2,1,0,0,0,7.60923080200007,51.989333946000045
2021,4,8,2,3,1,5,0,1,1,0,0,7.534432253000034,51.95239467000005
2021,3,13,1,3,5,3,0,1,1,0,0,7.598047459000043,51.97121070000003
2021,3,20,2,3,3,2,2,1,1,0,0,7.612514812000029,51.95758518200006
2021,12,12,1,3,5,3,0,1,1,0,0,7.60842911900005,51.98900986500007
2021,10,21,6,2,0,1,2,1,0,0,0,7.603888114000029,51.96380561400008
2021,9,12,7,3,0,6,0,1,1,0,0,7.534419670000034,51.95247413900006
2021,3,15,3,3,3,6,0,1,0,0,0,7.603889197000058,51.99441340900006
2021,6,7,2,3,6,4,0,1,0,1,0,7.579504849000045,51.96762369000004
2021,12,7,3,3,0,3,0,1,1,0,0,7.570018736000065,51.959416315000055
2021,11,14,4,3,0,2,0,1,1,0,0,7.601022297000043,51.95911444300003
2021,12,15,7,3,4,6,0,1,0,0,0,7.598800133000054,51.96432184500003
2021,3,14,2,3,0,1,0,1,0,0,0,7.85760467800003,51.69148385500006
2021,12,23,5,3,3,6,2,1,0,0,0,7.616432402000044,51.95448436000004
2021,4,17,2,3,5,3,0,1,0,0,0,7.643567394000058,51.95860978700006
2021,11,19,2,3,2,5,2,1,0,0,0,7.630130696000037,51.968162352000036
2021,12,10,6,3,0,3,0,1,1,0,0,7.637423945000023,51.910389758000065
2021,12,8,2,3,0,1,0,1,0,0,0,7.616879161000043,51.93911663100005
2021,6,19,6,3,4,2,0,1,1,0,0,7.634411455000077,51.95302390000006
2021,5,16,6,3,0,1,0,1,1,0,0,7.613240642000051,51.97132500200007
2021,11,20,5,3,0,1,2,1,0,0,0,7.627602910000064,51.924159168000074
2021,3,15,2,3,3,6,0,1,1,0,0,7.622386627000026,51.971680064000054
2021,10,16,4,3,5,3,0,1,1,0,0,7.819251550000047,51.68021870100006
2021,6,14,4,3,0,4,0,1,0,1,0,7.624754512000038,51.95722387500007
2021,4,17,4,3,0,1,0,1,0,0,0,7.638674489000039,51.94549313600004
2021,9,22,3,2,1,1,2,1,1,0,0,7.625294448000034,51.942775460000064
2021,2,13,6,3,1,5,0,1,1,0,0,7.638313599000071,51.964949355000044
2021,6,16,6,3,3,6,0,1,0,0,0,7.634297403000062,51.95753038200007
2021,5,12,1,2,1,1,0,1,1,0,0,7.615424950000033,51.96078267200005
2021,6,13,2,2,1,5,0,1,1,0,0,7.632104223000056,51.95170885600004
2021,6,7,4,3,5,2,0,1,0,0,0,7.622462734000067,51.95456942000004
2021,11,21,6,2,5,3,2,1,1,0,0,7.819077185000026,51.67635825800005
2021,6,13,3,3,5,3,0,1,0,0,0,7.677409542000021,51.961594742000045
2021,2,11,2,3,2,6,0,1,1,0,0,7.800451437000049,51.68677046000005
2021,10,16,7,3,5,3,0,1,1,0,0,7.630579074000025,51.95787854100007
2021,10,17,6,3,6,6,0,1,0,1,0,7.631821757000068,51.957395621000046
2021,4,12,3,2,6,7,0,1,0,1,0,7.894430735000071,51.686930758000074
2021,11,11,4,3,5,2,0,1,1,0,0,7.616370498000038,51.93231015200007
2021,7,1,1,2,0,1,2,1,0,0,0,7.633797073000039,51.956041233000064
2021,6,19,6,3,0,1,0,1,0,0,0,7.623392296000077,51.97389022600004
2021,3,16,4,3,5,3,0,1,1,0,0,7.628370301000075,51.96827592100004
2021,6,17,3,3,0,3,0,1,1,0,0,7.623719796000046,51.90559391600004
2021,10,15,7,3,1,5,0,1,1,0,0,7.621820725000021,51.95810620000003