UJAHR,UMONAT,USTUNDE,UWOCHENTAG,UKATEGORIE,UART,UTYP1,ULICHTVERH,IstRad,IstPKW,IstFuss,IstKrad,XGCSWGS84,YGCSWGS84
2021,6,7,5,2,0,2,0,1,0,0,0,7.638131724000061,51.95152297900006
2021,2,18,5,3,3,2,2,1,1,0,0,7.762178931000051,51.691091150000034
2021,5,15,5,3,4,2,0,1,1,0,0,7.634339859000022,51.95296982900004
2021,7,20,4,3,4,2,1,1,0,0,0,7.63023352700003,51.958054642000036
2021,12,7,6,3,1,7,1,1,1,0,0,7.748350207000044,51.69738259300004
2021,9,6,7,2,1,5,0,1,1,0,0,7.833264672000041,51.67576898900006
2021,10,12,1,3,1,5,0,1,1,0,0,7.613692523000054,51.975882513000045
2021,9,13,3,3,5,2,0,1,1,0,0,7.632135167000058,51.95188052200007
2021,3,10,3,3,3,6,0,1,1,0,0,7.743191999000032,51.66030796500007
2021,2,17,4,3,9,7,1,1,0,0,0,7.621151761000021,51.89958709800004
2021,6,7,2,3,4,2,0,1,0,0,0,7.826717603000077,51.67889039600004
2021,12,13,6,3,0,1,0,1,0,0,0,7.648450518000061,51.90306289800003
2021,1,16,3,2,0,1,1,1,0,0,0,7.626266606000058,51.95811476100005
2021,5,15,2,2,0,1,0,1,0,0,0,7.860643702000061,51.65103751300006
2021,6,8,2,3,3,2,0,1,1,0,0,7.635173738000049,51.93967392400003
2021,3,18,4,3,5,3,0,1,1,0,0,7.855923268000026,51.63023619900008
2021,11,14,4,3,5,3,0,1,0,0,0,7.61697048700006,51.93907804600008
2021,4,14,2,3,5,7,0,1,1,0,0,7.632130153000048,51.951852710000026
2021,10,11,7,2,5,2,0,1,0,0,0,7.630126792000056,51.968153276000066
2021,12,13,4,3,0,7,0,1,1,0,0,7.88914793500004,51.68752258600006
2021,5,9,3,2,5,3,0,1,1,0,0,7.824282470000071,51.669014840000045
2021,4,16,4,3,0,1,0,1,0,0,0,7.644014354000035,51.92778848000006
2021,11,15,2,3,5,3,0,1,1,0,0,7.761488847000066,51.704450491000046
2021,7,13,5,3,0,6,0,1,1,0,0,7.642039021000073,51.952439180000056
2021,5,15,4,3,4,6,0,1,0,0,0,7.633894569000063,51.95991203900007
2021,6,11,2,3,0,5,0,1,1,0,0,7.615622769000026,51.93052081800005
2021,4,12,7,3,7,3,0,1,1,0,0,7.642462536000039,51.93713179300005
2021,9,14,6,3,1,6,0,1,0,0,0,7.622623937000071,51.95938495400003
2021,2,16,5,2,1,6,0,1,0,0,0,7.662602224000068,51.93638471000003
2021,11,12,4,2,0,4,0,1,0,1,0,7.624977409000053,51.96061835800003
2021,12,11,3,3,3,6,0,1,1,0,0,7.618437413000038,51.956184241000074
2021,5,2,1,3,4,6,2,1,0,0,0,7.656024091000063,51.962376394000046
2021,5,17,5,3,0,6,0,1,1,0,0,7.770078746000024,51.692633002000036
2021,6,14,4,3,1,5,0,1,1,0,0,7.63291262100006,51.95419407900005
2021,9,13,3,3,5,2,0,1,1,0,0,7.623494617000063,51.96084647600003
2021,6,17,2,3,5,3,0,1,1,0,0,7.629398657000024,51.93790063700004
2021,6,16,3,3,4,2,0,1,1,0,0,7.624015609000026,51.968983980000075
2021,2,17,6,2,5,3,1,1,1,0,0,7.622023723000041,51.921314032000055
2021,6,14,6,3,0,6,0,1,0,0,0,7.79479963700004,51.68907328000006
2021,7,10,3,3,0,3,0,1,0,0,0,7.623264567000035,51.96741486500008
2021,6,18,7,3,1,5,0,1,1,0,0,7.628758670000025,51.968463102000044
2021,4,20,6,3,5,3,1,1,0,0,0,7.674120963000064,51.949219406000054
2021,10,12,1,3,0,6,0,1,1,0,0,7.639242567000053,51.948008403000074
2021,11,15,5,3,0,7,0,1,1,0,0,7.648592370000074,51.95354006100007
2021,6,12,4,3,5,3,0,1,1,0,0,7.761874250000062,51.66603055600007
2021,11,11,7,2,5,2,0,1,1,0,0,7.845406639000032,51.64395755900006
2021,5,15,3,2,0,1,0,1,0,0,0,7.615960140000027,51.96791972700004
2021,7,16,7,3,6,1,0,1,0,1,0,7.633716294000067,51.95691564100008
2021,4,18,1,3,5,3,0,1,1,0,0,7.628538473000049,51.95177973700004
2021,9,7,4,3,0,1,0,1,0,0,0,7.623371306000024,51.95666855500008
2021,9,19,1,3,0,1,2,1,0,0,0,7.649043975000041,51.952353886000026
2021,4,8,4,3,0,7,0,1,0,1,0,7.626954144000024,51.96091312100003
2021,2,16,6,3,0,7,0,1,1,0,0,7.672982052000066,51.92644728500005
2021,9,5,7,3,5,3,2,1,1,0,0,7.85778202900002,51.67856634100008
2021,7,9,4,3,5,3,0,1,1,0,0,7.63003328700006,51.96793586000007
2021,9,12,2,2,5,3,0,1,0,0,0,7.630020212000034,51.967905458000075
2021,6,14,2,3,5,6,0,1,0,0,0,7.715429027000027,51.91592690300007
2021,12,7,4,3,4,2,2,1,1,0,0,7.615647457000023,51.933201292000035
2021,9,15,2,3,4,2,0,1,0,0,0,7.623353792000046,51.96693110600006
2021,12,0,7,3,0,1,2,1,0,0,0,7.638303749000045,51.964931989000036
2021,9,14,6,3,5,3,0,1,0,0,0,7.626351444000022,51.965259254000046
2021,10,7,3,3,5,3,1,1,0,0,0,7.682474579000029,51.915974394000045
2021,12,8,2,3,5,2,0,1,1,0,0,7.617404570000076,51.99263585800003
2021,10,12,6,3,6,4,0,1,0,1,0,7.636614043000066,51.96246726600003
2021,3,13,2,3,3,2,0,1,0,0,0,7.671151405000046,51.94386682600003
2021,6,3,5,2,0,1,2,1,0,0,0,7.631530614000042,51.957307049000065
2021,5,12,1,3,5,2,0,1,0,0,1,7.662890227000048,51.93636753800007
2021,4,11,4,3,0,7,0,1,1,0,0,7.625712172000021,51.962082922000036
2021,2,6,6,3,5,3,2,1,0,0,0,7.778912195000032,51.70046423800005
2021,11,10,5,2,0,7,0,1,0,0,0,7.686107194000044,51.99377898300003
2021,3,18,4,2,3,1,0,1,1,0,0,7.618874122000022,51.97592123100003
2021,12,19,2,3,0,1,2,1,0,0,0,7.653779600000064,51.96181650800003
2021,11,8,2,3,0,1,0,1,0,0,0,7.634750896000071,51.95916901700008
2021,6,18,4,3,0,1,0,1,0,0,0,7.632634426000038,51.95369633000007
2021,9,9,2,3,5,3,0,1,0,0,0,7.628551324000057,51.90608242600007
2021,6,11,4,3,5,2,0,1,1,0,0,7.622395515000051,51.968444016000035
2021,10,11,3,3,0,3,0,1,0,0,0,7.641639399000042,51.96351485100007
2021,12,10,5,3,5,2,0,1,1,0,0,7.845533117000059,51.64394159200003
2021,6,11,5,3,3,5,0,1,1,0,0,7.644861880000065,51.958890703000066
2021,5,23,5,3,0,3,2,1,0,0,0,7.617772028000047,51.96778164400007
2021,5,8,3,3,5,3,0,1,1,0,0,7.613576640000076,52.00080675800007
2021,10,7,2,3,0,5,0,1,1,0,0,7.632202541000026,51.952291924000065
2021,10,17,6,3,0,5,0,1,1,0,0,7.628211514000043,51.95706591100003
2021,6,2,5,3,8,5,2,1,1,0,0,7.622355374000051,51.95919508900005
2021,11,13,6,3,0,6,0,1,1,0,0,7.643070837000039,51.955370593000055
2021,4,18,6,3,5,3,0,1,0,0,0,7.630019833000063,51.96790457600008
2021,10,19,1,3,3,6,1,1,0,0,0,7.877109199000074,51.683594509000045
2021,6,11,3,3,0,1,0,1,0,0,0,7.64258892600003,51.96736276900003
2021,12,14,2,3,4,6,0,1,1,0,0,7.880222880000076,51.645483065000064
2021,9,14,5,3,5,3,0,1,1,0,0,7.628698716000031,51.95484695600004
2021,10,13,6,3,3,6,0,1,1,0,0,7.629286120000074,51.97269466900008
2021,10,13,3,2,0,7,0,1,0,0,0,7.650536411000076,51.965064228000074
2021,12,8,3,3,0,2,1,1,1,0,0,7.675071783000021,51.94895632500004
2021,11,8,6,2,5,3,0,1,1,0,0,7.630606045000036,51.95786477100006
2021,9,12,5,3,0,5,0,1,1,0,0,7.615442577000067,51.97149277200003
2021,6,22,4,3,1,5,1,1,0,0,0,7.743105395000043,51.66508128300006
2021,6,16,3,3,5,3,0,1,1,0,0,7.636853599000062,51.949665819000074
2021,2,16,5,3,0,6,0,1,0,0,0,7.648629958000072,51.982148616000075
2021,11,7,3,3,0,1,1,1,0,0,0,7.63516639900007,51.948106616000075
2021,10,7,6,3,3,2,0,1,1,0,0,7.856212140000025,51.67893168100005
2021,1,15,2,2,5,7,0,1,1,0,0,7.849788886000056,51.65028196600008
2021,6,8,4,3,3,6,0,1,1,0,0,7.660549881000065,51.95804341400003
2021,1,14,5,2,5,3,0,1,1,0,0,7.620042363000039,51.933248879000075
2021,6,8,3,3,5,7,0,1,1,0,0,7.637782791000063,51.96629192900008
2021,9,15,7,3,5,3,0,1,0,0,0,7.653236167000045,51.91992554900003
2021,11,16,1,3,0,1,1,1,0,0,0,7.804289791000031,51.66792907200005
2021,11,17,4,3,0,7,2,1,0,0,0,7.63518106600003,51.948150299000076
2021,4,12,6,3,0,6,0,1,1,0,0,7.89864286300002,51.685732261000055
2021,3,17,4,3,0,7,0,1,0,0,0,7.622734190000074,51.939407749000054
2021,12,14,6,3,0,3,0,1,1,0,0,7.818613443000061,51.66447379200008
2021,10,11,7,3,3,6,0,1,0,0,0,7.624592895000035,51.95691309500006
2021,3,12,2,3,5,3,0,1,0,0,0,7.615094830000032,51.93547235700004
2021,5,20,6,3,0,1,1,1,0,0,0,7.623991795000052,51.963437707000026
2021,9,13,6,3,5,7,0,1,1,0,0,7.636792022000066,51.962745262000055
2021,10,16,5,3,0,6,0,1,1,0,0,7.614255118000074,51.952467640000066
2021,5,13,4,2,5,2,0,1,1,0,0,7.629019549000077,51.97391346200004
2021,3,0,7,2,0,1,2,1,1,0,0,7.622947736000071,51.95378169800006
2021,6,7,3,3,8,4,0,1,0,1,0,7.64750560300007,51.90295246200003
2021,4,11,5,2,1,1,0,1,1,0,0,7.868703917000062,51.68228022200003
2021,10,4,6,2,8,7,2,1,0,0,0,7.631038441000044,51.96982386500008
2021,5,2,7,3,8,7,2,1,0,0,0,7.663422104000063,51.92088905900005
2021,9,17,3,3,0,5,0,1,0,0,0,7.634160236000071,51.95966956500007
2021,10,17,6,2,0,1,0,1,0,0,0,7.621119634000024,51.927742169000055
2021,12,19,4,3,5,3,2,1,0,0,0,7.640290083000025,51.96432562100006
2021,6,16,5,3,0,7,0,1,0,1,0,7.634658807000051,51.96570238700008
2021,5,13,5,3,5,3,0,1,1,0,0,7.710940487000073,51.99069370600006
2021,6,17,7,2,0,7,0,1,0,0,0,7.613687015000039,51.96721937600006
2021,3,8,6,3,9,7,0,1,0,0,0,7.641777597000043,51.937620509000055
2021,3,18,6,3,5,3,1,1,0,0,0,7.628562793000071,51.93773683500007
2021,2,13,4,2,0,1,0,1,0,0,0,7.623359854000057,51.97375710300008
2021,4,9,5,3,5,3,0,1,1,0,0,7.809960662000037,51.700493159000075
2021,9,19,5,3,5,3,0,1,1,0,0,7.626960570000051,51.90404343900008
2021,9,18,3,3,5,3,1,1,1,0,0,7.64775183200004,51.96866195100006
2021,3,13,2,2,5,3,0,1,1,0,0,7.621770980000065,51.92130898500005
2021,7,10,3,3,5,2,0,1,1,0,0,7.807294196000043,51.67548333700006
2021,11,9,6,2,0,3,0,1,1,0,0,7.63536706900004,51.94017961900005
2021,9,10,4,3,5,3,0,1,1,0,0,7.63001193100007,51.96788620400008
2021,7,16,3,3,0,7,0,1,1,0,0,7.756223738000074,51.66852688200004
2021,3,13,6,2,0,1,0,1,0,0,0,7.688478102000033,51.911527973000034
2021,11,8,5,3,0,4,0,1,0,1,0,7.63351933000007,51.95533471300007
2021,6,8,2,3,5,3,0,1,1,0,0,7.783899134000023,51.66053586700008
2021,6,18,3,3,5,2,0,1,1,0,0,7.629938584000058,51.96747157000004
2021,9,15,2,3,3,3,0,1,0,0,1,7.662918734000073,51.956960888000026
2021,2,18,4,3,5,2,1,1,1,0,0,7.634165579000069,51.95060599200008
2021,10,12,4,3,5,3,0,1,1,0,0,7.620471679000048,51.957567545000074
2021,9,17,2,3,0,1,0,1,0,0,0,7.638094905000059,51.955575441000065
2021,9,13,6,2,0,1,0,1,0,0,0,7.624534331000064,51.939413502000036
2021,11,7,3,3,0,1,0,1,0,0,0,7.614483361000055,51.943375057000026
2021,4,11,5,3,5,1,0,1,0,0,0,7.629072318000055,51.959834201000035
2021,6,8,5,2,5,3,0,1,1,0,0,7.758472544000028,51.69647337400005
2021,6,17,3,3,5,3,0,1,1,0,0,7.845207716000061,51.68397084800006
2021,9,7,5,3,0,1,0,1,0,0,0,7.658527817000049,51.93391970300007
2021,6,15,4,3,0,3,0,1,0,0,0,7.647451261000072,51.93140907500003
2021,5,18,1,3,0,1,0,1,0,0,0,7.645610970000064,51.96934082700005
2021,11,16,5,3,5,2,1,1,1,0,0,7.728991603000054,51.68827724000005
2021,6,10,5,3,2,6,0,1,0,0,0,7.621594684000058,51.960850563000065
2021,11,14,4,3,5,2,0,1,1,0,0,7.638097194000068,51.964616197000055
2021,6,18,7,2,5,3,0,1,1,0,0,7.702633285000047,51.988571129000036
2021,9,10,2,2,0,1,0,1,0,0,0,7.660378665000053,51.95387620200006
2021,10,18,2,2,0,1,0,1,0,0,0,7.615571092000039,51.92694676500008
2021,11,16,3,3,5,2,2,1,0,0,0,7.632598828000027,51.95375636500006
2021,5,13,3,3,5,3,0,1,0,0,1,7.654570988000046,51.99222313400003
2021,4,16,5,2,0,1,0,1,0,0,0,7.62609816500003,51.96063605300003
2021,2,23,3,3,0,1,2,1,0,0,0,7.619298127000036,51.952769610000075
2021,12,11,2,3,0,7,0,1,0,0,0,7.65296435700003,51.96370504600003
2021,11,14,5,3,5,3,0,1,1,0,0,7.758594242000072,51.69432203900004
2021,5,11,6,2,5,3,0,1,1,0,0,7.659144856000069,51.969405289000065
2021,11,8,6,2,0,1,0,1,0,1,0,7.615644957000029,51.96394761600004
2021,7,8,2,3,0,3,0,1,0,0,0,7.633570847000044,51.96020201700003
2021,10,22,3,3,8,1,2,1,0,0,0,7.630565094000076,51.93299994300003
2021,6,12,4,3,5,3,0,1,1,0,0,7.648561267000048,51.95244491300008
2021,11,5,1,3,5,3,2,1,0,0,0,7.626547826000035,51.956457854000064
2021,5,16,2,3,4,6,0,1,1,0,0,7.651062230000036,51.98919513000004
2021,7,16,5,3,5,1,0,1,1,0,0,7.62394654700006,51.96801975900007
2021,12,5,4,3,3,7,2,1,1,0,0,7.631247519000055,51.97009208800006
2021,10,2,7,3,6,1,2,1,0,1,0,7.677925951000077,51.92227688100007
2021,9,11,5,3,0,3,0,1,1,0,0,7.620908265000025,51.94508484200003
2021,6,20,5,3,5,3,0,1,0,0,0,7.669635251000045,51.95472157100005
2021,9,10,1,3,5,3,0,1,1,0,0,7.892293581000047,51.68105387600008
2021,12,10,1,3,5,3,0,1,1,0,0,7.754932173000043,51.67373328100007
2021,4,17,3,2,4,3,0,1,0,0,0,7.631083440000054,51.96679792800006
2021,10,11,6,3,5,3,0,1,1,0,0,7.658495066000057,51.906256445000054
2021,3,18,2,3,1,7,1,1,1,0,0,7.615753119000033,51.96769497900004
2021,11,7,4,3,6,7,1,1,0,1,0,7.631465110000022,51.90417042300004
2021,6,13,6,3,5,3,0,1,1,0,0,7.620494175000033,51.95758723200004
2021,10,15,3,3,5,3,0,1,0,0,0,7.638315418000047,51.972297636000064
2021,7,20,1,3,1,5,0,1,1,0,0,7.649643171000037,51.95227767600005
2021,7,3,2,3,4,6,2,1,0,0,0,7.626368839000065,51.96530664100004
2021,1,3,4,2,0,1,2,1,0,0,0,7.876251240000045,51.684943899000075
2021,5,11,6,3,0,3,0,1,0,0,0,7.636425330000066,51.96752876200003
2021,10,18,2,3,3,5,1,1,1,0,0,7.629344845000048,51.971559582000054
2021,11,14,7,3,0,1,0,1,0,0,0,7.828594252000073,51.70908407200005
2021,8,12,1,3,5,3,0,1,1,0,0,6.948887601000024,50.93486029500008
2021,8,20,6,2,0,1,1,1,0,0,0,6.945212575000028,50.94332525000004
2021,7,7,2,2,5,3,0,1,1,0,0,6.968996465000032,50.97590875800006
2021,7,13,5,2,0,1,0,1,0,0,0,7.063762492000023,50.88625825400004
2021,8,23,7,2,0,1,2,1,0,0,0,6.934751782000035,50.92769118800004
2021,8,17,3,3,5,3,0,1,1,0,0,6.994104358000072,50.95734496100005
2021,4,14,2,3,4,2,0,1,1,0,0,6.917484973000057,50.959999151000034
2021,8,15,6,3,1,5,0,1,1,0,0,6.916097056000069,50.920494845000064
2021,4,15,1,3,0,1,0,1,0,0,0,6.977873479000039,50.94827146600005
2021,8,17,6,3,6,6,0,1,0,1,0,6.960507926000048,50.94364061500005
2021,7,13,7,3,1,6,0,1,1,0,0,6.945781167000064,50.935194409000076
2021,8,10,7,3,1,6,0,1,1,0,0,7.011050047000026,50.97116745200003
2021,8,7,1,3,0,2,0,1,0,0,0,6.959560054000065,50.96316394000007
2021,5,20,7,3,3,6,1,1,0,0,0,6.956287954000061,50.94154829000007
2021,8,14,2,3,0,1,0,1,0,0,0,6.940950828000041,50.91196803400004
2021,8,16,6,3,0,1,0,1,0,0,0,7.039050845000077,50.970149570000046
2021,7,16,7,3,5,2,0,1,1,0,0,6.961729023000032,50.914561191000075
2021,8,15,6,3,5,3,0,1,0,0,0,6.928505066000071,50.93116450500003
2021,7,21,6,3,0,1,0,1,0,0,0,7.007580017000066,50.958220124000036
2021,8,18,6,3,0,1,0,1,0,0,0,6.95769077500006,50.91878272200006
2021,6,19,4,3,3,2,0,1,1,0,0,6.934433497000043,50.932993889000045
2021,7,11,6,3,0,5,0,1,1,0,0,6.914362675000064,50.931254126000056
2021,8,1,7,2,0,1,2,1,0,0,0,6.920676294000032,50.953608142000064
2021,7,11,6,3,0,7,0,1,1,0,0,7.041514395000036,50.99378059400004
2021,4,15,3,3,5,3,0,1,0,0,0,6.840094349000026,50.96687930400003
2021,8,7,4,3,2,6,0,1,1,0,0,6.991575192000028,50.888307017000045
2021,6,14,1,3,5,2,0,1,1,0,0,6.94130188500003,50.907726567000054
2021,7,19,6,3,0,1,0,1,0,0,0,6.919661382000072,50.92151282100008
2021,8,13,7,3,6,6,0,1,0,1,0,6.951873897000041,50.93905251000007
2021,8,17,2,3,6,4,0,1,0,1,0,7.005275303000076,50.96063863900008
2021,6,13,1,3,1,5,0,1,1,0,0,7.000657467000053,50.93663743500008
2021,8,11,1,3,0,5,0,1,1,0,0,7.063098514000046,50.89691206700007
2021,8,3,7,3,7,1,2,1,0,0,0,6.927731391000066,50.95368092900003
2021,7,1,7,2,0,1,2,1,0,0,0,6.914760555000043,50.96283816500005
2021,8,12,5,3,0,1,0,1,0,0,0,6.961361722000049,50.93659124700008
2021,7,17,3,3,0,7,0,1,1,0,0,6.999770286000057,50.957146383000065
2021,8,7,5,3,3,6,0,1,1,0,0,6.960458884000047,50.91814141900005
2021,8,19,3,3,0,1,1,1,0,0,0,6.945267229000024,50.93280218800004
2021,7,9,4,3,0,1,0,1,0,0,0,6.854952274000027,50.92666806700004
2021,8,7,3,3,5,3,0,1,0,0,0,6.871730862000049,50.94732463200006
2021,8,12,3,3,1,5,0,1,1,0,0,6.951658205000058,50.94246997000005
2021,8,9,2,3,2,2,0,1,1,0,0,6.926048388000027,50.91663814600008
2021,8,14,7,2,0,2,0,1,1,0,0,7.093212792000031,50.96565532100004
2021,8,15,3,3,0,1,0,1,0,0,0,7.040324026000064,50.93153063600005
2021,8,20,4,3,5,3,1,1,1,0,0,6.923645974000067,50.90885444200006
2021,8,12,5,3,0,7,0,1,0,0,0,6.913336289000029,50.96411340100008
2021,7,13,3,3,5,3,0,1,0,0,0,6.948952136000059,50.948673890000066
2021,8,1,1,3,0,2,2,1,1,0,0,6.920560025000043,50.94562805400005
2021,7,17,2,3,5,3,0,1,1,0,0,6.94126891600007,50.91600352700004
2021,8,16,6,2,0,1,0,1,0,0,0,6.898678745000041,50.941895457000044
2021,7,15,2,3,5,3,0,1,1,0,0,7.063445261000027,50.89552106300005
2021,7,18,6,3,0,1,0,1,0,0,0,6.921288058000073,50.92210907800006
2021,8,19,6,3,3,6,0,1,0,0,0,6.907559413000058,50.97063430000003
2021,8,10,2,3,5,3,0,1,1,0,0,6.891056414000047,51.01714122300007
2021,8,16,5,3,0,7,0,1,0,1,0,6.904291766000028,50.93412490500003
2021,8,15,3,3,5,2,0,1,0,0,0,6.969262007000054,50.97437613100004
2021,8,19,7,3,0,7,1,1,0,1,0,6.97303903300002,50.92630709200006
2021,7,5,2,3,6,5,1,1,0,1,0,6.993474174000028,50.93919596300003
2021,8,15,5,3,8,6,0,1,0,0,0,7.051809819000027,50.967340027000034
2021,8,11,2,3,3,6,0,1,1,0,0,6.962626029000035,50.934910036000076
2021,8,9,3,3,1,3,0,1,1,0,0,6.904355620000047,51.01661410500003
2021,7,18,5,3,0,1,0,1,0,0,0,6.934254607000071,50.927519801000074
2021,8,21,3,3,5,2,0,1,1,0,0,6.920078198000056,50.953830596000046
2021,5,20,7,3,0,1,2,1,0,0,0,6.867877704000023,50.93219724100004
2021,7,13,1,3,6,4,0,1,0,1,0,6.944802447000029,50.94715626200008
2021,7,17,7,3,0,7,0,1,0,0,0,6.97256499100007,50.944946825000045
2021,7,10,7,3,3,6,0,1,1,0,0,6.959984145000021,50.934602115000075
2021,8,16,7,3,3,6,0,1,1,0,0,6.957723177000048,50.927560577000065
2021,7,22,4,3,6,4,2,1,0,1,0,6.942532319000065,50.94445144800005
2021,8,7,6,3,0,6,0,1,1,0,0,6.965024836000055,50.988082793000046
2021,7,7,3,3,5,3,0,1,1,0,0,6.975095202000034,50.964684875000046
2021,8,5,6,3,5,3,1,1,1,0,0,7.039204755000071,50.89784742900008
2021,8,18,6,3,2,6,0,1,1,0,0,6.957256906000055,50.91890651500006
2021,8,18,3,3,5,3,0,1,1,0,0,7.000022398000056,50.958081168000035
2021,7,8,3,3,3,6,0,1,1,0,0,6.943131084000072,50.943693790000054
2021,8,16,7,3,5,3,0,1,1,0,0,7.021259336000071,50.97496359000007
2021,7,9,3,3,5,3,0,1,0,0,0,6.927492683000025,50.92898069800003
2021,8,12,4,3,0,1,0,1,0,0,0,6.908207048000065,51.01209772000004
2021,7,12,4,3,0,1,0,1,0,0,0,6.919839054000022,50.92157835000006
2021,8,13,5,2,0,1,0,1,0,0,0,6.881583482000053,50.95953117200003
2021,8,19,4,3,3,6,0,1,1,0,0,6.936934948000044,50.928945991000035
2021,8,17,6,3,0,1,1,1,0,0,0,6.928373189000069,50.924481513000046
2021,4,11,2,3,0,6,0,1,0,0,0,6.955434690000061,50.939710717000025
2021,8,11,3,3,0,7,0,1,0,0,0,6.97732484200003,50.99673266000008
2021,8,14,2,3,5,2,0,1,0,0,0,6.920165725000061,50.91723213500006
2021,6,10,6,3,5,3,0,1,1,0,0,6.94089247200003,50.93915451000004
2021,7,19,2,3,0,6,0,1,0,1,0,6.977565785000024,50.96932573700008
2021,7,16,7,3,0,7,0,1,1,0,0,6.947295299000075,50.93270993500005
2021,8,18,2,3,0,1,0,1,0,0,0,7.073728101000029,50.88429427700004
2021,8,20,7,2,0,1,1,1,0,0,0,6.94928352900007,50.918015584000045
2021,8,3,7,2,1,5,2,1,1,0,0,6.934293930000024,50.91482827100003
2021,8,23,3,3,0,7,2,1,1,0,0,6.939123128000062,50.931029110000054
2021,8,10,5,3,3,3,0,1,0,0,0,6.90383536500002,50.924190890000034
2021,8,16,6,3,0,1,0,1,0,0,0,6.94181965100006,50.93174073200004
2021,5,20,4,3,0,7,0,1,1,0,0,6.962533280000059,50.91885320200004
2021,7,23,6,3,1,1,2,1,1,0,0,7.004089116000046,50.964173232000064
2021,7,16,3,3,5,3,0,1,1,0,0,6.954722275000051,50.92662432900005
2021,7,10,3,3,4,7,0,1,1,0,0,6.955871006000052,50.943461755000044
2021,8,15,5,3,0,5,0,1,1,0,0,6.94101229000006,50.91189650200005
2021,8,7,6,3,0,2,0,1,1,0,0,6.974180616000069,50.938762705000045
2021,8,16,5,3,0,4,0,1,0,1,0,6.938508906000038,50.94633457600003
2021,7,16,2,3,0,7,0,1,0,0,0,6.927748332000021,50.92519572800006
2021,8,7,4,3,0,5,0,1,1,0,0,6.922647950000055,50.94203824600004
2021,7,10,4,3,5,3,0,1,1,0,0,6.955883160000042,50.90280752000007
2021,7,11,6,3,5,3,0,1,1,0,0,6.924294461000045,50.93551299400008
2021,5,9,5,3,5,3,0,1,1,0,0,7.061488451000059,50.88513337200004
2021,7,14,7,3,1,6,0,1,0,0,0,6.977427767000052,50.970842610000034
2021,8,18,3,2,5,3,0,1,1,0,0,6.917902106000042,50.95466074600006
2021,8,18,2,3,5,3,0,1,1,0,0,6.953307322000057,50.956261074000054
2021,7,23,1,3,1,1,2,1,1,0,0,7.052214881000054,50.862667215000045
2021,7,14,7,3,1,1,0,1,1,0,0,6.944732617000057,50.92440662100006
2021,7,18,4,3,1,5,0,1,1,0,0,6.950975588000063,50.961577308000074
2021,8,13,2,3,3,2,0,1,1,0,0,7.001005414000076,50.93528424500005
2021,7,7,1,3,5,3,0,1,1,0,0,7.619858359000034,52.03589298800006
2021,7,11,1,3,0,6,0,1,0,0,0,7.633995846000062,51.95285588100006
2021,7,22,3,3,0,7,2,1,0,0,0,7.635990184000036,51.93705753000006
2021,7,0,4,2,3,6,2,1,0,0,0,7.628982346000043,51.972176398000045
2021,8,9,3,3,7,1,0,1,0,0,0,7.631389368000043,51.96481252500007
2021,7,17,3,3,0,2,0,1,0,0,0,7.626551138000025,51.95650617300004
2021,8,14,5,2,5,3,0,1,0,0,0,7.852288331000068,51.652445767000074
2021,7,17,6,3,0,7,0,1,0,0,0,7.610475662000056,51.96184770200006
2021,5,14,1,3,0,1,0,1,0,0,0,7.664501522000023,52.021726673000046
2021,8,3,6,2,1,7,2,1,1,0,0,7.640749904000074,51.971542578000026
2021,8,15,2,3,3,2,0,1,1,0,0,7.602554296000051,51.95958389300006
2021,8,13,3,2,9,1,0,1,0,0,0,7.73798126500003,51.69611715000008
2021,8,7,2,3,5,3,0,1,1,0,0,7.818788968000035,51.68219739800003
2021,4,8,6,3,1,5,0,1,1,0,0,7.633497977000047,51.89856885300003
2021,7,17,6,3,0,5,0,1,1,0,0,7.767914671000028,51.644363138000074
2021,7,6,3,3,5,3,0,1,1,0,0,7.613690260000055,51.91721604500003
2021,6,13,3,3,5,3,0,1,1,0,0,7.560797617000048,51.971005630000036
2021,5,15,4,3,5,3,0,1,1,0,0,7.603557680000051,51.96901800000006
2021,8,13,6,3,4,6,0,1,0,0,0,7.659073272000057,51.95435525600004
2021,7,2,1,3,0,1,2,1,0,0,0,7.586817061000033,51.95923145300003
2021,8,12,2,3,1,7,0,1,1,0,0,7.629171205000034,51.973521548000065
2021,8,19,4,3,5,2,0,1,0,0,0,7.608183000000054,51.961182448000045
2021,8,9,4,3,5,3,0,1,1,0,0,7.825377966000076,51.683265145000064
2021,7,15,7,3,5,2,0,1,1,0,0,7.845746108000071,51.70278993800008
2021,8,9,7,3,0,7,0,1,0,0,0,7.627305165000053,51.958557160000055
2021,6,2,1,3,4,6,2,1,0,1,0,7.650264090000064,51.95211551700004
2021,8,7,5,3,0,5,0,1,1,0,0,7.643967806000035,51.95499241400006
2021,8,13,2,3,5,3,0,1,1,0,0,7.809960662000037,51.700493159000075