UJAHR,UMONAT,USTUNDE,UWOCHENTAG,UKATEGORIE,UART,UTYP1,ULICHTVERH,IstRad,IstPKW,IstFuss,IstKrad,XGCSWGS84,YGCSWGS84
2021,8,12,2,3,5,3,0,1,1,0,0,7.608613084000069,51.943944403000046
2021,8,16,4,3,0,3,0,1,0,0,0,6.907779964000042,50.94529937400006
2021,8,15,2,3,5,3,0,1,1,0,0,6.983692843000028,50.919002472000045
2021,8,11,3,3,1,5,0,1,1,0,0,7.080343127000049,50.88194818000005
2021,8,17,2,3,0,7,0,1,1,0,0,7.533372687000053,51.982468520000054
2021,7,18,1,3,0,1,0,1,0,0,0,7.633639462000076,51.965486447000046
2021,8,16,2,3,0,7,0,1,0,0,0,6.911707476000061,50.950044985000034
2021,6,19,3,3,0,1,0,1,0,0,1,6.994604930000037,50.894943940000076
2021,7,11,5,3,0,6,0,1,0,0,0,6.959364032000053,50.933546138000054
2021,7,4,7,3,4,6,2,1,0,0,0,7.633639462000076,51.965486447000046
2021,7,21,5,2,0,5,1,1,1,0,0,6.919370942000057,50.945910179000066
2021,5,22,5,2,1,1,2,1,1,0,0,6.951221867000072,50.869352767000066
2021,7,19,6,3,0,7,0,1,1,0,0,6.938330508000035,50.94021295400006
2021,8,18,5,3,0,4,0,1,0,1,1,6.948776756000029,50.93766909900006
2021,8,7,2,3,5,3,0,1,0,0,0,7.657507096000074,51.95862741500008
2021,8,18,2,2,5,2,0,1,1,0,0,6.96523998400005,50.872606845000064
2021,8,16,5,3,0,1,0,1,0,0,0,6.920156751000036,50.95805980700004
2021,8,14,4,3,5,3,0,1,0,0,0,6.935419015000036,50.92663267300003
2021,8,15,6,3,4,6,0,1,0,0,0,6.960363710000024,50.99578745900004
2021,8,6,6,3,0,7,1,1,0,0,0,6.999641750000023,50.96482049200006
2021,7,18,1,3,0,1,0,1,0,0,0,7.633639462000076,51.965486447000046
2021,5,15,1,3,0,7,0,1,0,1,0,6.866604056000028,50.94580216000003
2021,9,20,7,3,0,1,2,1,0,0,0,6.874772746000076,50.96882376000008
2021,5,21,5,2,0,7,1,1,0,0,0,6.87622755700005,50.93009742700008
2021,2,17,7,3,7,7,0,1,0,1,0,6.88229165100006,50.92811797400003
2021,6,12,5,3,7,7,0,1,0,0,0,6.887806275000059,51.06252624800004
2021,3,17,4,2,5,3,0,1,0,0,0,6.893404126000064,50.92902658000003
2021,1,11,6,2,0,1,0,1,0,0,0,6.893560422000064,51.035751567000034
2021,12,17,3,2,0,7,2,1,0,1,0,6.895658167000022,50.92727350500007
2021,6,20,4,3,0,1,0,1,0,0,0,6.897918592000053,51.03163906100008
2021,11,13,2,3,0,7,0,1,0,1,0,6.899513657000057,50.92888337000005
2021,10,17,4,3,5,3,1,1,0,0,0,6.900251834000073,50.92907694100006
2021,4,15,6,3,0,1,0,1,0,0,0,6.91347822900002,51.052619621000076
2021,9,18,4,3,3,6,0,1,0,0,0,6.924428782000064,50.963443218000066
2021,9,16,2,3,0,7,0,1,0,0,0,6.92620118800005,50.93533490600004
2021,6,15,6,3,4,6,0,1,0,0,0,6.928238951000026,50.93788593900007
2021,4,8,3,3,4,3,0,1,0,0,0,6.928536259000055,50.93098895400004
2021,10,8,3,3,1,5,0,1,1,0,0,6.929395705000047,50.96426277300003
2021,11,16,5,3,0,1,0,1,0,0,0,6.929501819000052,50.92899920900004
2021,1,15,4,3,0,1,0,1,0,0,0,6.931627757000058,50.95423838100004
2021,6,12,2,3,0,7,0,1,0,1,0,6.934137381000028,50.92516028700004
2021,9,15,2,3,0,1,0,1,0,0,0,6.935211929000047,50.92409979200005
2021,12,14,5,3,5,3,0,1,0,0,0,6.943277622000039,50.96601042000003
2021,10,13,1,3,0,7,0,1,0,1,0,6.961673997000048,50.970223290000035
2021,3,13,4,2,4,6,0,1,0,0,0,6.962046863000069,50.94076135300003
2021,7,17,5,3,4,6,0,1,0,0,0,6.962823314000048,50.94121161400005
2021,4,9,7,3,0,1,0,1,0,0,0,6.962851431000047,50.94169601300007
2021,6,15,2,3,6,6,0,1,0,1,0,6.962808726000048,50.94041528100007
2021,4,7,3,3,6,4,0,1,0,1,0,6.962827765000043,50.94005230700003
2021,9,9,4,3,6,4,0,1,0,1,0,6.962820626000052,50.94018057000005
2021,6,17,2,3,4,6,0,1,0,0,0,6.962814044000027,50.94030355900003
2021,5,13,6,3,4,6,0,1,0,0,0,6.962937140000065,50.93898327900007
2021,12,13,6,2,0,7,0,1,0,0,0,6.966528543000038,50.949646718000054
2021,11,13,6,3,2,6,0,1,0,0,0,6.967065416000025,50.941568258000075
2021,10,17,6,3,5,3,0,1,0,0,0,6.96881742000005,50.94255964000007
2021,12,19,4,3,5,3,2,1,1,0,0,6.972143436000067,50.957280988000036
2021,7,13,6,3,0,4,0,1,0,1,0,6.972314385000061,50.940471477000074
2021,3,19,3,2,3,6,0,1,0,0,0,6.977594877000058,50.907454451000035
2021,10,14,1,3,6,7,0,1,0,1,0,6.979846785000063,50.95050024400007
2021,10,19,2,3,0,7,2,1,0,0,0,6.988494453000044,50.962159574000054
2021,9,20,5,3,0,1,2,1,0,0,0,6.991284159000031,50.901833088000046
2021,6,18,4,3,0,3,0,1,0,0,0,6.992026940000073,50.89650769600007
2021,11,16,3,3,0,7,1,1,0,1,0,6.999377397000046,50.97733171200008
2021,7,14,3,2,7,1,0,1,0,0,0,7.003995495000026,50.84731283600007
2021,9,17,7,3,0,1,0,1,0,0,0,7.019491670000036,50.89633261400007
2021,6,18,2,3,4,6,0,1,0,0,0,7.028060624000034,50.86593286800007
2021,6,16,7,2,3,6,0,1,0,0,0,7.02958583800006,50.891469888000074
2021,9,18,5,3,4,6,0,1,1,0,0,7.034915941000065,50.90302701000007
2021,10,10,4,3,0,7,0,1,1,0,0,7.048101993000046,50.89810699000003
2021,10,6,2,3,0,7,2,1,0,0,0,7.062008146000039,50.98910346100007
2021,12,12,1,2,0,1,0,1,0,0,0,7.064229897000075,50.93719518900008
2021,4,16,7,3,3,3,0,1,1,0,0,7.066854861000024,50.96789648400005
2021,4,15,4,3,0,1,0,1,0,0,0,7.084878847000027,50.933191960000045
2021,12,12,1,3,5,7,0,1,0,0,0,7.100719066000067,50.93455188200005
2021,7,19,4,3,4,6,0,1,1,0,0,7.527364244000069,52.013722984000026
2021,2,14,3,3,8,6,0,1,0,0,0,7.546123023000064,51.91696635100004
2021,2,8,6,2,0,1,0,1,0,0,0,7.547911852000027,51.93580732100003
2021,3,18,6,3,5,2,1,1,1,0,0,7.557957394000027,51.88541396800008
2021,12,9,5,2,0,1,0,1,0,0,0,7.562040735000039,51.92733250900005
2021,4,16,3,2,5,3,0,1,0,0,0,7.56729890400004,51.966661911000074
2021,11,13,3,3,4,6,0,1,0,0,0,7.585132725000051,51.93528532300007
2021,10,15,1,3,0,2,0,1,0,0,1,7.588971779000076,51.877134209000076
2021,11,15,3,3,0,1,0,1,0,0,0,7.589067498000077,51.99301905400006
2021,1,19,6,3,0,1,2,1,0,0,0,7.589671605000035,51.88293379000004
2021,6,16,3,3,1,5,0,1,0,0,0,7.591376685000057,51.876911128000074
2021,4,12,3,2,0,7,0,1,0,1,0,7.591823187000045,51.94399002700004
2021,3,8,3,3,0,1,0,1,0,0,0,7.608570718000067,51.951883304000035
2021,6,17,6,3,5,3,0,1,1,0,0,7.611830735000069,51.95965442500005
2021,6,15,7,3,7,7,0,1,0,1,0,7.616046417000064,51.96302726300007
2021,11,12,4,3,1,6,0,1,0,0,0,7.621544379000056,51.95739765500008
2021,2,5,2,3,0,1,2,1,0,0,0,7.628575727000054,51.967884387000026
2021,3,17,4,3,4,1,0,1,0,0,0,7.629093229000034,51.956976240000074
2021,6,16,1,3,6,4,0,1,0,1,0,7.629570093000041,51.95717312200003
2021,9,20,5,3,0,4,2,1,0,1,0,7.631571377000057,51.96782725600008
2021,3,17,3,3,5,3,0,1,0,0,0,7.631839859000024,51.95891071300008
2021,11,18,5,3,0,6,2,1,0,0,0,7.634229263000066,51.96387619800004
2021,7,6,3,3,0,7,0,1,0,0,0,7.634464168000022,51.96179680700004
2021,10,17,7,2,9,6,1,1,0,1,0,7.638283847000025,52.037515959000075
2021,10,14,4,3,5,3,0,1,0,0,0,7.646711728000071,51.962465859000076
2021,9,14,1,3,2,6,0,1,0,0,0,7.648704319000046,51.91856685300007
2021,6,7,4,3,0,6,0,1,0,0,0,7.655069393000076,51.97609611200005
2021,6,15,1,3,3,6,0,1,0,0,0,7.666463185000055,51.88388174600004
2021,4,15,3,3,8,1,0,1,0,0,0,7.689578634000043,51.630853210000055
2021,6,14,6,3,4,7,0,1,0,0,0,7.697339716000045,51.91617964400007
2021,9,9,2,3,0,7,0,1,0,0,0,7.704395470000065,51.96318939200006
2021,2,14,1,3,7,1,0,1,0,0,0,7.804908778000026,51.62094273400004
2021,3,17,4,3,0,1,0,1,0,0,0,7.811479862000056,51.70767746800004
2021,9,14,2,2,0,7,0,1,0,0,0,7.83446213700006,51.67810630400004
2021,10,14,6,3,5,3,0,1,1,0,0,7.84043200900004,51.70220396500008
2021,4,16,1,2,6,1,0,1,0,1,0,7.845161415000064,51.69912597300004
2021,5,5,6,3,0,1,2,1,0,0,0,6.932315404000065,50.88124920000007
2021,7,17,7,3,0,1,0,1,0,0,0,7.007305311000039,50.90467905700007
2021,7,10,5,3,4,6,0,1,0,0,0,6.934852927000065,50.92581571000005
2021,7,16,6,3,0,3,0,1,0,0,0,6.902557276000039,50.93042050000008
2021,4,13,1,3,5,7,0,1,0,0,0,6.887413864000052,50.93370661800003
2021,8,18,4,2,0,1,0,1,0,0,0,7.022899961000064,50.979336757000056
2021,7,17,7,3,5,3,0,1,1,0,0,7.859703213000046,51.71924393000006
2021,8,17,3,3,4,6,0,1,0,0,0,7.627651308000054,51.98321062600007
2021,8,7,2,3,0,7,0,1,0,0,0,7.648569984000062,52.002037372000075
2021,8,7,3,2,4,6,0,1,0,0,0,6.914755071000059,51.01809053800008
2021,8,20,3,3,0,6,0,1,0,0,0,7.628982076000057,51.95693034700008
2022,1,6,4,3,5,2,2,1,1,0,0,7.58815037500005,51.9703893500001
2022,1,5,7,2,5,3,2,1,1,1,0,6.93280690500006,50.948597953
2022,1,17,5,3,5,2,2,1,1,0,0,7.01871589600006,50.9641854130001
2022,1,12,4,3,5,3,0,1,1,0,0,7.62312842500006,51.9442524500001
2022,1,7,7,3,8,7,1,1,0,0,0,6.93997166900004,50.940549875
2022,1,14,7,3,3,6,0,1,0,0,0,7.64383111500007,51.9789074290001
2022,1,11,2,3,5,2,0,1,1,0,0,7.63280533900007,51.973084709
2022,1,18,7,3,0,1,2,1,0,0,0,7.05724436000003,50.8933035640001
2022,1,15,1,3,0,1,0,1,0,0,0,6.92191049300004,50.8549900180001
2022,1,15,2,3,5,2,0,1,1,0,0,7.61761155100004,51.961878196
2022,1,14,2,3,5,7,0,1,0,1,0,7.62189312200007,51.9664991860001
2022,1,14,3,3,0,3,0,1,1,0,0,7.08003807700004,50.9473332850001
2022,1,22,1,3,0,3,2,1,1,0,0,7.62589210400006,51.955723709
2022,1,13,4,3,5,7,0,1,1,0,0,7.63748683400007,51.958798098
2022,1,7,5,3,7,1,2,1,0,0,0,7.60785374200003,51.948839342
2022,1,11,5,3,0,3,0,1,1,0,0,7.61761155100004,51.961878196
2022,1,19,1,2,5,3,2,1,1,0,0,7.85255729000005,51.6793513550001
2022,1,6,3,3,5,3,2,1,1,0,0,7.77692557900002,51.6796851180001
2022,1,20,5,2,0,2,2,1,1,0,0,7.00992015500003,50.9584152040001
2022,1,13,5,3,5,3,0,1,1,0,0,6.91661998200004,50.950258884
2022,1,17,4,3,5,3,2,1,1,0,0,6.91562573600004,50.9709859170001
2022,1,17,7,3,0,1,2,1,0,0,0,6.91423312300003,50.9518010560001
2022,1,9,7,3,5,3,0,1,1,0,0,7.79986884400006,51.688944796
2022,1,16,4,3,0,3,1,1,1,0,0,6.94536534500003,50.9044941240001
2022,1,15,2,3,0,1,0,1,0,0,0,7.03392827400006,50.860832273
2022,1,15,2,3,5,2,0,1,1,0,0,6.91447206900006,50.951647042
2022,1,16,2,3,5,2,1,1,1,0,0,7.63922306500007,51.9940516400001
2022,1,17,1,3,1,1,2,1,1,0,0,7.61256895400004,51.970001347
2022,1,17,5,3,0,5,2,1,0,0,0,7.00700317300004,50.970615224
2022,1,17,3,3,5,3,2,1,1,0,0,6.85201487700004,50.951498202
2022,1,7,6,3,0,1,1,1,0,0,0,7.80019569800004,51.671625534
2022,1,20,4,3,5,3,2,1,1,0,0,7.62366840500005,51.9468068850001
2022,1,7,3,3,5,3,2,1,1,0,0,7.60171874500003,51.9949190250001
2022,1,15,2,3,3,6,0,1,0,0,0,6.93925230000002,50.9302727880001
2022,1,19,6,3,5,2,2,1,1,0,0,7.59876309700007,51.9432594040001
2022,1,10,2,3,3,6,0,1,1,0,0,6.97777745300004,50.9356045800001
2022,1,19,3,3,0,5,2,1,1,0,0,6.91180988300005,50.9244272500001
2022,1,14,7,3,0,1,0,1,0,0,0,6.95905665200007,51.025134542
2022,1,6,5,3,5,3,1,1,1,0,0,6.98039130200004,50.9414901970001
2022,1,10,2,2,0,1,0,1,0,0,0,6.92863567700005,50.9451541620001
2022,1,13,2,3,5,3,0,1,1,0,0,7.61073383600007,51.942375811
2022,1,13,3,3,0,1,0,1,0,0,0,7.81085806700003,51.6817416870001
2022,1,14,3,3,0,2,0,1,1,0,0,7.63312756300007,51.9081772810001
2022,1,8,2,3,5,3,0,1,1,0,0,7.73979566500003,51.693136919
2022,1,15,3,3,0,5,0,1,1,0,0,6.94127761000004,50.9301180370001
2022,1,9,5,3,5,3,0,1,1,0,0,7.66211791600006,51.9948997430001
2022,1,18,5,2,5,3,2,1,1,0,0,7.86243400600006,51.691064743
2022,1,11,3,3,5,3,0,1,1,0,0,7.10096725000005,50.89966846
2022,1,16,2,3,0,1,1,1,0,0,0,6.94019664700005,50.9416168920001
2022,1,15,1,2,0,7,0,1,0,0,0,6.93888841200004,50.953305975
2022,1,16,2,3,0,1,1,1,0,0,0,7.64960829900002,51.9645452240001
2022,1,11,5,3,0,4,0,1,0,1,0,7.62470894400008,51.950065238
2022,1,21,7,2,4,2,2,1,1,0,0,6.99920798000005,50.9898079920001
2022,1,6,5,3,2,6,2,1,1,0,0,7.02002281500006,50.93336078
2022,1,15,3,3,3,6,0,1,1,0,0,7.63939335500004,51.957988227
2022,1,19,6,3,5,2,2,1,1,0,0,6.88569194700005,51.0300396640001
2022,1,23,6,3,0,1,2,1,0,0,0,6.92021167800004,50.9537813800001
2022,1,15,4,3,0,1,0,1,0,0,0,6.94063548900004,50.9310751800001
2022,1,19,4,3,0,7,2,1,0,1,0,6.92819759000002,50.928300462
2022,2,12,2,3,5,3,0,1,1,0,0,6.86051213400003,50.9339049210001
2022,1,7,6,3,0,3,0,1,1,0,0,7.72830578500003,51.921344715
2022,2,8,4,3,0,1,0,1,0,0,0,7.58449419000004,51.935585636
2022,1,15,3,3,3,2,0,1,1,0,0,6.92638276600007,50.9309373660001
2022,2,15,1,2,0,1,0,1,0,0,0,6.94063548900004,50.9310751800001
2022,2,18,4,3,3,2,2,1,1,0,0,6.93448161000003,50.9428214550001
2022,2,22,3,3,5,3,2,1,1,0,0,7.80613494600004,51.6723368360001
2022,2,11,4,3,5,3,0,1,0,0,0,7.63498297300004,51.959748045
2022,1,19,2,3,5,3,2,1,1,0,0,7.59899288200006,51.990713928
2022,2,19,4,2,6,6,2,1,0,1,0,7.01069214300003,50.9578636680001
2022,1,10,2,2,5,1,0,1,1,0,0,7.05650725800007,50.974901779
2022,2,7,3,3,0,1,2,1,0,0,0,6.93036642200008,50.924951918
2022,1,13,5,3,5,3,0,1,1,0,0,7.71106507700006,51.6526782270001
2022,2,8,5,3,5,2,0,1,1,0,0,7.62998177700007,51.9240199070001
2022,2,12,5,3,6,4,0,1,0,1,0,6.94127761000004,50.9301180370001
2022,2,17,6,3,3,5,0,1,1,0,0,6.96040334000003,50.9211363740001
2022,1,14,2,2,2,6,0,1,0,0,0,7.63778910500002,51.9737642950001
2022,2,9,3,3,3,2,0,1,1,0,0,7.00657683100007,50.9668464040001
2022,1,19,3,3,4,6,2,1,0,0,0,6.86040960800005,50.9210303300001
2022,2,18,6,3,5,2,2,1,1,0,0,7.01871589600006,50.9641854130001
2022,2,18,6,3,5,2,2,1,1,0,0,6.93443349700004,50.932993889
2022,2,12,7,3,5,3,0,1,1,0,0,7.74677896400004,51.6396323800001
2022,1,12,6,3,0,1,0,1,0,0,0,6.90264867300004,50.990050185
2022,1,18,5,3,1,5,2,1,1,0,0,6.92211364100007,50.9475737650001
2022,2,11,6,3,0,2,0,1,1,0,0,7.62640532000006,51.955456649
2022,1,16,4,3,0,1,0,1,0,0,0,6.88844966800002,50.929397925
2022,1,19,2,2,0,3,2,1,1,0,0,7.75759646800003,51.646203631
2022,1,7,2,3,6,4,1,1,0,1,0,7.61151165600006,51.9868558900001
2022,1,19,1,2,2,6,2,1,1,0,0,6.96223068400008,50.9300358290001
2022,2,20,7,3,4,2,2,1,1,0,0,7.07835031400003,50.8916031350001
2022,1,7,6,3,5,2,0,1,1,0,0,7.58856511200003,51.9672452620001
2022,2,5,6,3,0,3,2,1,0,0,1,7.58869228500004,51.9653348090001
2022,1,2,1,3,6,6,2,1,0,1,0,6.90762016200006,50.932878101
2022,1,14,1,2,5,2,0,1,1,0,0,6.92776112700005,50.9595412680001
2022,2,21,1,3,6,7,2,1,0,1,0,7.63065167800005,51.9639084470001
2022,2,19,3,2,0,2,2,1,1,0,0,6.90098538000007,50.937080172
2022,2,11,6,3,5,2,0,1,1,0,0,7.63603611300005,51.959357708
2022,2,15,3,3,5,3,0,1,1,0,0,6.95432215100004,50.961818952
2022,1,8,4,3,0,6,0,1,1,0,0,7.64002601200002,51.95767877
2022,2,8,4,3,5,3,1,1,1,0,0,6.99223801900007,50.9155899940001
2022,1,11,7,3,3,2,0,1,1,0,0,7.58846107600004,51.968956243
2022,1,17,1,3,5,3,2,1,1,0,0,7.61846346600004,51.959626788
2022,2,12,4,2,0,5,0,1,1,0,0,6.95647807700004,50.9556286640001
2022,2,7,3,3,5,3,1,1,1,0,0,7.56771432800002,51.955746457
2022,2,7,3,3,0,3,1,1,1,0,0,6.88476251200007,50.989622286
2022,2,8,5,3,0,1,0,1,0,0,0,7.64015967600005,51.9714752470001
2022,2,15,5,3,4,3,0,1,0,0,0,6.98181145200004,50.9390901840001
2022,2,14,2,3,3,6,0,1,0,0,0,7.64404209300005,51.962189144
2022,1,7,2,3,0,7,1,1,0,1,0,7.61566695000005,51.966905045
2022,2,12,7,3,4,6,0,1,1,0,0,6.94155472000006,50.935846225
2022,2,7,4,3,5,3,0,1,1,0,0,7.60984222000008,51.9384299180001
2022,2,3,6,3,8,7,2,1,0,0,0,7.01211741200007,50.9912001020001
2022,2,11,3,3,5,5,0,1,1,0,0,6.95381037800007,50.96407256
2022,3,11,7,3,5,3,0,1,1,0,0,6.87270681100006,51.0018834910001
2022,3,11,3,3,0,3,0,1,0,0,0,7.60242413700007,51.920402236
2022,3,12,2,3,0,1,0,1,0,0,0,6.94175172300004,50.928918228
2022,2,21,7,3,8,1,2,1,0,0,0,6.90036254500006,50.9372772200001
2022,3,9,3,3,0,1,0,1,0,0,0,6.91107155400005,50.9402394160001
2022,2,22,5,2,0,1,2,1,0,0,0,7.63287977900006,51.9536489380001
2022,2,16,5,3,1,5,0,1,1,0,0,7.08883480800006,50.857834392
2022,2,7,6,2,4,2,0,1,1,0,0,7.81710498600006,51.678146763
2022,3,18,7,3,5,3,1,1,1,0,0,7.06541923500004,50.836998742
2022,2,8,4,3,8,1,0,1,0,0,0,7.56716833800004,51.9956236310001
2022,3,7,4,3,5,3,0,1,1,0,0,7.77031442200007,51.6668032330001
2022,3,17,3,3,1,7,0,1,1,0,0,6.95372876000005,50.9644684520001
2022,2,13,2,3,2,6,0,1,1,0,0,6.96456305200007,50.8803253720001
2022,2,13,1,2,0,1,0,1,0,0,0,7.78298821200002,51.663302731
2022,3,17,4,3,4,2,0,1,1,0,0,6.86034493100004,51.0696677620001
2022,3,17,4,3,0,5,1,1,1,0,0,6.92063625100008,50.9481893980001
2022,2,7,4,2,4,2,2,1,1,0,0,7.86417634800006,51.659920916
2022,2,16,2,3,5,2,0,1,1,0,0,7.04265522500003,50.969056578
2022,3,17,4,3,0,6,0,1,0,1,0,7.81668102200007,51.6782151020001
2022,2,16,2,3,0,3,0,1,1,0,0,7.10524785500007,50.882878426
2022,2,7,2,3,0,1,1,1,0,0,0,6.94211018000004,50.9911979600001
2022,2,11,5,3,0,1,0,1,0,0,0,6.93388178300006,50.9431037910001
2022,3,17,5,3,0,7,0,1,0,1,0,7.15786770900007,50.874056038
2022,2,18,4,3,5,3,2,1,1,0,0,7.64258602600006,51.956577968
2022,2,12,5,3,5,3,0,1,1,0,0,7.82144207200002,51.6955552310001
2022,2,13,3,3,5,3,0,1,1,0,0,7.80617040700002,51.675336196
2022,2,14,2,3,0,5,0,1,1,0,0,6.92056897500004,50.9146010110001
2022,2,11,4,3,5,3,0,1,1,0,0,7.61144510400004,51.9853020470001
2022,2,15,5,3,5,3,0,1,1,0,0,6.92408682700005,50.9365569500001
2022,3,14,4,3,4,6,0,1,0,0,0,6.89542474900003,50.999540579
2022,2,5,7,3,5,3,2,1,1,0,0,7.76806453400008,51.665482513
2022,3,12,6,3,4,6,0,1,0,0,0,7.64049112300006,51.975874364
2022,2,11,3,3,0,6,0,1,0,0,0,6.92953577300005,50.92625386
2022,2,10,3,3,3,2,0,1,1,0,0,6.91193639000005,50.929019714
2022,2,13,6,3,5,3,0,1,1,0,0,7.60806587500002,51.974010057
2022,2,17,7,3,6,6,0,1,0,1,0,6.96264985900007,50.943005284
2022,3,13,5,3,4,6,0,1,0,0,0,6.97015260300003,50.9164011080001
2022,2,6,2,3,8,3,0,1,1,0,0,6.94200055200002,50.8690420820001
2022,2,15,5,3,4,6,0,1,0,0,0,7.60261937200005,51.968961936
2022,3,17,6,3,9,6,0,1,1,0,0,7.62505950200006,51.9511615800001
2022,2,17,1,2,0,2,1,1,1,0,0,7.09408633600003,50.8586534790001
2022,3,8,5,2,0,1,0,1,0,0,0,6.92988310400006,50.925738107
2022,2,11,6,3,0,7,0,1,0,0,0,6.93899530400006,50.936221711
2022,2,19,6,3,6,4,2,1,0,1,0,7.63787335300003,51.9573879490001
2022,2,16,2,3,3,6,0,1,1,0,0,7.60826620800003,51.950431962
2022,2,20,3,3,3,6,2,1,1,0,0,7.64013940400002,51.953128656
2022,3,0,2,3,0,7,2,1,0,0,0,6.97907701500003,50.9394804360001
2022,3,17,6,3,0,6,0,1,0,0,0,7.60752368700003,51.932840087
2022,3,10,4,3,5,3,0,1,1,0,0,6.97278363400005,50.870046899
2022,2,14,4,2,3,2,0,1,0,0,0,7.63294699800002,51.913598688
2022,3,14,5,3,0,1,0,1,0,0,0,7.05548942500008,50.9733029750001
2022,2,17,5,3,0,3,0,1,1,0,0,7.08350042400002,50.869471608
2022,2,5,4,3,5,2,2,1,1,0,0,7.59398784700005,51.9650802200001
2022,2,17,3,3,5,3,0,1,1,0,0,7.58360123400007,51.9266929090001
2022,3,11,6,3,5,2,0,1,1,0,0,6.91062554500007,50.9257021110001
2022,3,7,5,3,1,7,0,1,1,0,0,6.94721354000006,50.930117647
2022,2,15,7,3,3,2,0,1,1,0,0,7.60246526400005,51.9595809050001
2022,3,17,6,3,0,2,0,1,1,0,0,7.62558355400006,51.9556937340001
2022,3,7,2,3,5,7,0,1,0,1,0,6.91664466300006,50.9180266400001
2022,2,15,4,3,5,3,0,1,1,0,0,7.01575095000004,50.951733173
2022,3,10,4,3,6,7,0,1,0,1,0,6.93958453900007,50.939047433
2022,2,11,5,3,0,2,0,1,1,0,0,7.64429298500005,51.9622906560001
2022,3,17,7,3,6,4,0,1,0,1,0,6.95617179300007,50.9351691410001
2022,2,13,4,3,6,7,0,1,0,1,0,7.78775799900006,51.6880325540001
2022,3,14,6,3,5,3,0,1,1,0,0,7.64823286000006,51.990258091
2022,2,6,5,3,5,3,1,1,1,0,0,7.08349816500004,50.869512248
2022,2,16,7,3,0,7,0,1,0,0,0,6.88742256200004,50.92449972
2022,2,7,3,3,5,2,1,1,1,0,0,7.00415574100003,50.990224131
2022,3,19,2,2,5,3,2,1,1,1,0,6.91661998200004,50.950258884
2022,2,6,5,3,5,2,2,1,1,0,0,7.61761155100004,51.961878196
2022,3,17,6,3,3,5,0,1,1,0,0,6.95376952000004,50.9642707400001
2022,3,14,3,3,0,3,0,1,1,0,0,7.64885736100007,51.964318646
2022,2,12,2,3,4,2,0,1,1,0,0,7.74215815800005,51.6595732870001
2022,3,18,1,3,0,1,1,1,0,0,0,6.93012126000002,50.9091638290001
2022,3,17,5,3,0,7,0,1,1,0,0,7.74615766900007,51.6940699880001
2022,3,15,7,3,0,2,0,1,1,0,0,7.62704474600002,51.931311787
2022,3,12,7,3,1,5,0,1,1,0,0,6.95398683600007,50.9632613900001
2022,3,15,6,2,5,3,0,1,1,0,0,7.68385123900003,51.9286335680001
2022,3,15,4,3,3,6,0,1,0,0,0,7.61977502600007,51.955246355
2022,3,21,1,3,0,1,2,1,0,0,0,7.77791444300004,51.689367356
2022,3,7,4,1,5,3,0,1,1,0,0,7.81434158800005,51.70591448
2022,3,11,6,3,5,3,0,1,1,0,0,7.66004996900006,51.980845797
2022,3,11,6,3,4,6,0,1,0,0,0,6.91398091800005,50.951965756
2022,3,14,3,3,0,3,0,1,1,0,0,6.99366718200002,50.8890174750001
2022,3,14,1,3,0,3,0,1,0,0,0,7.84850478200002,51.6573877920001
2022,3,17,6,3,0,1,0,1,0,0,0,6.92856236100005,50.9367039380001
2022,3,8,2,3,5,3,0,1,1,0,0,6.93043668500007,50.918692289
2022,3,9,7,3,3,6,0,1,1,0,0,7.61706812200003,51.9542192930001
2022,3,12,4,3,5,2,0,1,1,0,0,6.96651906800003,50.903971104
2022,3,10,6,3,5,3,0,1,1,0,0,7.52665860800005,51.9232236510001
2022,3,16,3,3,4,6,0,1,0,0,0,6.97100246000002,50.9541628520001
2022,3,15,5,3,0,1,0,1,0,0,0,7.10162956900007,50.858946259
2022,3,11,3,3,5,3,0,1,1,0,0,7.08194887900004,50.8826441640001
2022,3,14,4,3,5,3,0,1,1,0,0,7.60171874500003,51.9949190250001
2022,3,13,4,3,6,6,0,1,0,1,0,7.61188915000002,51.979555464
2022,3,8,4,3,3,2,0,1,0,0,0,7.76847014100002,51.690087342
2022,3,9,4,3,0,3,0,1,1,0,0,7.88352508000003,51.685904571
2022,3,15,6,3,5,3,0,1,0,0,0,6.97116379800002,50.932408191
2022,3,18,3,3,2,6,0,1,1,0,0,6.95799365200003,50.921428964
2022,3,6,3,3,5,3,0,1,1,0,0,7.82136953400004,51.6765484520001
2022,3,6,6,3,5,3,0,1,1,0,0,6.98467348400004,50.8946305110001
2022,3,17,5,3,1,6,0,1,0,0,0,6.92408682700005,50.9365569500001
2022,3,21,4,3,1,5,2,1,1,0,0,7.61261444500008,51.9672231380001
2022,3,9,5,3,3,2,0,1,1,0,0,7.72545656000005,51.9157668760001
2022,3,18,3,3,5,2,0,1,1,0,0,7.62178663800006,51.993561436
2022,3,20,6,3,5,2,2,1,1,0,0,6.94287713300002,50.9453384130001
2022,3,17,6,3,0,7,0,1,0,0,0,6.84205264500002,50.9682288910001
2022,3,17,3,3,8,1,0,1,0,0,0,7.08327686500007,50.875346549
2022,3,15,5,3,0,3,0,1,1,0,0,7.60267226100007,51.9357112660001
2022,3,0,1,2,0,1,2,1,0,0,0,6.92659738200007,50.942687522
2022,3,9,7,3,5,2,0,1,1,0,0,7.61157262000006,51.9835514110001
2022,3,8,5,3,0,2,0,1,1,0,0,7.79213421800006,51.6672360470001
2022,3,5,2,3,0,6,2,1,1,0,0,7.94559185600002,51.685369446
2022,3,13,6,3,6,7,0,1,1,1,0,6.93358682900003,50.935467724
2022,3,14,7,3,0,3,0,1,1,0,0,6.85125159500006,51.054537956