UJAHR,UMONAT,USTUNDE,UWOCHENTAG,UKATEGORIE,UART,UTYP1,ULICHTVERH,IstRad,IstPKW,IstFuss,IstKrad,XGCSWGS84,YGCSWGS84
2022,4,14,3,3,0,1,0,1,0,0,0,7.03735761000007,50.8974346260001
2022,4,17,2,3,5,2,0,1,1,0,0,6.85129185600005,51.0544452500001
2022,4,17,6,3,5,2,0,1,1,0,0,6.91589728400004,50.950725966
2022,3,15,3,3,1,3,0,1,0,0,0,7.60137242800005,51.9354348080001
2022,4,17,3,3,4,6,0,1,0,0,0,7.00165470300004,50.9625091560001
2022,3,5,1,2,8,1,0,1,0,0,0,7.52720576700005,51.900735447
2022,3,18,7,3,5,3,0,1,1,0,0,7.87982428600003,51.690102709
2022,4,14,4,3,5,3,0,1,1,0,0,7.00286832100005,50.9603673710001
2022,3,21,7,3,4,6,2,1,0,0,0,7.61920748900008,51.9666893830001
2022,4,13,3,3,5,2,0,1,1,0,0,6.91845471500005,50.9160635160001
2022,4,17,3,3,3,6,0,1,1,0,0,6.93260092800006,50.935267341
2022,3,7,2,3,3,3,0,1,1,0,0,7.64620592200004,51.982987816
2022,3,0,4,2,0,1,2,1,0,0,0,7.64701456500006,51.963758355
2022,3,9,2,3,5,3,0,1,1,0,0,6.91562573600004,50.9709859170001
2022,4,15,7,3,5,3,0,1,1,0,0,7.62553210500005,51.9526942580001
2022,4,10,3,3,5,3,0,1,1,0,0,7.62703531500006,51.955804205
2022,3,20,7,3,0,3,2,1,1,0,0,7.64609764000005,51.9927788580001
2022,4,10,4,3,5,3,0,1,1,0,0,6.95763574900008,50.957618951
2022,3,14,1,3,9,1,0,1,0,1,0,7.61961560300006,51.9556562280001
2022,4,14,1,3,0,4,0,1,0,1,0,6.93686155000006,50.9316377120001
2022,4,19,4,3,1,1,0,1,1,0,0,7.62774247900006,51.9434675320001
2022,3,22,7,3,0,1,2,1,0,0,0,6.93447857600006,50.9074860320001
2022,4,18,6,2,4,6,0,1,1,0,0,6.91304093900004,50.9525756410001
2022,3,16,3,3,3,3,0,1,1,0,0,7.65403012300004,51.9311791490001
2022,4,7,6,3,5,3,0,1,1,0,0,7.59472617700004,51.98857172
2022,4,15,2,3,4,2,0,1,1,0,0,7.62374341300006,51.965947256
2022,4,6,3,3,5,3,1,1,1,0,0,7.78076480300007,51.6748003060001
2022,4,12,6,3,0,2,0,1,0,0,0,7.59193477600007,51.9395622700001
2022,4,23,5,2,5,3,2,1,1,0,0,7.79205338700007,51.678398707
2022,3,15,5,3,0,3,1,1,0,0,0,6.83995916000003,50.938271415
2022,4,18,7,3,5,3,1,1,1,0,0,7.88352508000003,51.685904571
2022,4,15,3,3,0,5,0,1,1,0,0,6.90497868900007,50.9369914420001
2022,4,7,2,3,5,2,0,1,1,0,0,7.01372576200004,50.954344201
2022,4,3,1,2,0,1,2,1,0,0,0,6.93979947200006,50.933000237
2022,4,15,2,3,5,3,0,1,1,0,0,7.63374028300007,51.962095966
2022,4,14,4,3,4,6,0,1,0,0,0,7.70647501500002,51.9115061590001
2022,4,16,6,3,0,7,0,1,1,0,0,6.93913016700003,50.935025233
2022,3,8,3,3,5,3,0,1,1,0,0,7.60559138200006,51.974115371
2022,4,15,4,3,3,2,0,1,1,0,0,6.92302750000005,50.8565383160001
2022,4,12,4,3,5,2,0,1,1,0,0,6.88626828900004,50.934081597
2022,3,13,7,3,0,5,0,1,1,0,0,6.91558353000005,50.950928737
2022,4,20,4,3,4,6,1,1,0,0,0,6.93774534900007,50.881753453
2022,3,6,2,3,0,2,1,1,1,0,0,6.97550109800005,50.9398493520001
2022,4,17,1,2,0,3,0,1,1,0,0,6.88476251200007,50.989622286
2022,3,16,5,3,6,6,0,1,0,1,0,7.63001948100003,51.964118225
2022,3,13,5,3,0,5,0,1,1,0,0,6.95800443900004,50.9509523140001
2022,3,11,4,3,6,4,0,1,0,1,0,7.01369720500003,50.953877262
2022,4,17,2,3,5,3,0,1,1,0,0,7.81022091400007,51.681810236
2022,3,21,7,3,6,7,2,1,0,1,0,6.91873651800006,50.931577851
2022,4,16,2,3,5,2,0,1,1,0,0,7.68111575200004,51.929406971
2022,4,15,6,3,0,1,0,1,0,0,0,7.08642179800006,50.9471772740001
2022,3,19,7,3,5,2,2,1,1,0,0,7.62849107600005,51.9647116370001
2022,3,13,4,3,3,6,0,1,0,0,0,7.62514010900003,51.951391593
2022,4,10,6,3,7,5,0,1,0,0,0,7.63700169800006,51.961863269
2022,3,15,7,3,5,3,0,1,1,0,0,7.63787335300003,51.9573879490001
2022,4,13,3,3,5,2,0,1,1,0,0,7.64513784500002,51.94579816
2022,3,0,1,3,0,1,2,1,0,0,0,6.95952303000007,50.9306733820001
2022,4,14,2,3,5,3,0,1,1,0,0,7.62773310800003,51.911669293
2022,3,14,5,3,0,2,0,1,1,0,0,7.62504358600006,51.9367859340001
2022,4,12,7,2,5,3,0,1,1,0,0,7.59051392300006,51.973716471
2022,4,12,7,3,3,2,0,1,1,0,0,6.94503603500004,50.9269045410001
2022,4,23,6,3,0,1,2,1,0,0,0,6.94229259300005,50.9357902950001
2022,4,6,4,3,5,3,1,1,1,0,0,7.62689966300007,51.9560481130001
2022,4,20,5,3,6,4,1,1,0,1,0,7.05415671000003,50.8793886600001
2022,5,15,6,3,5,3,0,1,0,0,0,6.92638276600007,50.9309373660001
2022,4,15,7,3,0,7,0,1,0,0,0,6.98411564300005,50.9009334580001
2022,4,1,7,2,0,1,2,1,0,0,0,7.63574714500004,51.937803778
2022,4,15,5,3,5,3,0,1,1,0,0,7.08349816500004,50.869512248
2022,4,8,4,3,5,2,0,1,0,0,0,7.63155201500007,51.957457042
2022,4,0,7,3,5,2,2,1,1,0,0,6.96458764500005,50.903657179
2022,4,6,2,3,0,7,1,1,0,0,0,6.94247786000005,50.935782466
2022,5,13,2,3,5,3,0,1,0,0,0,7.80355514200005,51.6716163290001
2022,5,10,2,3,0,1,0,1,0,0,0,7.08333115200003,50.8751905830001
2022,5,19,3,3,6,4,0,1,0,1,0,6.94582321100006,50.9357670270001
2022,4,14,7,3,0,1,0,1,0,0,0,7.53438331100006,51.9547073840001
2022,5,13,5,3,4,6,0,1,0,0,0,6.92139883700003,51.0161498050001
2022,4,21,3,3,5,3,2,1,1,0,0,7.58957945400005,51.928777091
2022,4,11,6,3,0,1,0,1,0,0,0,6.91144301500003,50.953608215
2022,4,12,4,3,4,6,0,1,0,0,0,7.74147418400003,51.6616030270001
2022,4,7,5,3,5,3,0,1,0,0,0,7.82326123000007,51.6745473980001
2022,4,11,5,3,5,2,0,1,0,0,0,7.66432146000005,51.9903246820001
2022,4,22,6,3,0,4,2,1,0,1,0,6.93900138900005,50.9366698090001
2022,4,19,1,3,0,1,0,1,0,0,0,6.91260466800003,50.9433164650001
2022,4,21,6,3,3,5,2,1,1,0,0,6.96105252000007,50.921424931
2022,4,21,4,3,0,7,1,1,1,0,0,7.00461998400004,50.938218277
2022,4,3,3,3,5,2,2,1,1,0,0,6.94239326600007,50.929001924
2022,4,19,3,3,3,2,0,1,1,0,0,7.62366840500005,51.9468068850001
2022,5,16,2,3,3,4,0,1,0,1,0,7.62333547700007,51.9433368030001
2022,4,9,2,3,0,1,0,1,0,0,0,7.81197751700006,51.6824639610001
2022,4,15,5,3,0,1,0,1,0,0,0,6.94063548900004,50.9310751800001
2022,4,9,4,2,0,2,0,1,0,0,0,6.97394131900006,50.956384642
2022,5,12,7,2,7,3,0,1,1,0,0,7.70846275400004,51.9112130760001
2022,4,8,4,3,5,3,0,1,1,0,0,7.59472617700004,51.98857172
2022,4,11,4,3,5,3,0,1,1,0,0,7.00506757100004,50.9750133840001
2022,5,15,2,3,0,3,0,1,1,0,0,6.95037716700006,50.9746383360001
2022,4,16,4,2,4,6,0,1,0,0,0,6.93515756000005,50.935425078
2022,5,17,1,3,0,5,0,1,1,0,0,7.01997436200003,50.9644369480001
2022,4,13,5,3,5,3,0,1,1,0,0,7.61939984600002,51.9561845470001
2022,5,16,5,3,0,1,0,1,0,0,0,6.94083426600002,50.93119763
2022,4,13,7,3,0,6,0,1,0,1,0,6.82538601300007,50.9384194340001
2022,4,12,5,3,5,2,0,1,1,0,0,6.88213758300003,50.937787717
2022,4,21,5,3,0,7,0,1,0,0,0,6.95925808400006,50.950117574
2022,4,15,6,3,0,7,0,1,1,0,0,7.00157394100006,50.937773936
2022,4,19,2,3,5,3,0,1,1,0,0,6.88523102000005,50.9115405310001
2022,4,20,7,3,4,6,0,1,0,0,0,7.62708527300003,51.9554509320001
2022,4,7,5,3,0,1,0,1,0,0,0,6.98550116400003,50.9303432740001
2022,5,17,4,3,5,3,0,1,1,0,0,7.08349816500004,50.869512248
2022,5,13,2,3,0,3,0,1,0,0,0,7.00973365200002,50.958544466
2022,5,7,6,3,5,2,0,1,1,0,0,7.80073119300005,51.653442205
2022,4,9,4,3,5,3,0,1,1,0,0,7.62389724200006,51.9476013070001
2022,5,19,1,3,0,3,1,1,1,0,0,6.92562137600004,50.9397548690001
2022,5,14,7,3,0,1,0,1,0,0,0,6.95246641100005,50.935210494
2022,5,14,4,3,4,2,0,1,1,0,0,7.74626601500006,51.6624129350001
2022,4,15,5,3,8,1,0,1,0,0,0,6.95142423700003,50.972206467
2022,4,18,6,3,2,6,0,1,0,0,0,6.94285612600004,50.9285501420001
2022,4,21,4,2,0,1,1,1,0,0,0,6.90497868900007,50.9369914420001
2022,4,7,4,3,5,2,0,1,1,0,0,7.67005148400006,51.9262243640001
2022,5,16,1,3,0,7,0,1,0,0,0,6.96383443500002,50.921974033
2022,5,20,7,2,6,4,0,1,0,1,0,6.93742148700005,50.9364910420001
2022,4,17,6,3,5,3,0,1,1,0,0,6.82919962300002,50.957449997
2022,5,18,6,3,3,6,0,1,0,0,0,6.95956928100003,50.9212064000001
2022,4,15,3,3,6,4,0,1,0,1,0,7.68793416900007,51.9282194
2022,5,12,7,3,5,2,0,1,1,0,0,6.95779966400005,50.9576683550001
2022,5,10,3,3,5,2,0,1,1,0,0,7.62434458200005,51.939388814
2022,4,7,5,2,5,3,0,1,1,0,0,7.73977947300006,51.693138375
2022,4,18,6,2,5,3,0,1,1,0,0,6.93675879700004,50.966608616
2022,4,16,3,3,0,1,0,1,0,0,0,6.94069181200007,50.936191448
2022,4,20,7,3,5,2,1,1,1,0,0,7.65136153500004,51.905142837
2022,4,15,5,3,3,6,0,1,1,0,0,6.93931279500003,50.9381189520001
2022,4,7,4,3,6,4,0,1,0,1,0,6.85117527300002,50.937963333
2022,5,13,5,3,5,3,0,1,1,0,0,7.05771242900005,50.8946516680001
2022,5,10,4,3,8,6,0,1,1,0,0,6.93130654500004,50.92280384
2022,5,10,7,3,3,2,0,1,1,0,0,7.62660483600007,51.931892143
2022,4,11,1,3,3,6,0,1,0,0,0,6.92471059000007,50.9378243100001
2022,4,17,4,3,5,3,0,1,1,0,0,7.64936614500004,51.9047515140001
2022,5,22,5,3,0,1,2,1,0,0,0,6.90306321500003,50.9567117180001
2022,5,18,6,3,0,5,0,1,1,0,0,6.91259523500003,50.9528644000001
2022,4,20,1,2,5,3,1,1,1,0,0,7.77931758400007,51.6711507140001
2022,4,17,3,3,5,3,0,1,1,0,0,6.97782047500004,50.9258884590001
2022,5,9,6,3,5,3,0,1,1,0,0,7.65359212900006,51.995753601
2022,5,7,6,2,5,2,0,1,0,0,0,7.77775856400007,51.691941958
2022,4,7,4,3,1,7,0,1,1,0,0,6.92254785200004,50.9132867810001
2022,4,20,2,3,0,1,0,1,0,0,0,6.91661998200004,50.950258884
2022,5,20,1,3,0,1,0,1,0,0,0,7.63515225200007,51.9529457360001
2022,5,22,5,3,0,1,2,1,0,0,0,6.90036254500006,50.9372772200001
2022,4,23,5,2,0,1,2,1,0,0,0,6.93335611600003,50.9433384160001
2022,4,14,3,3,0,1,0,1,0,0,0,6.92194480600006,50.9365819830001
2022,4,14,7,3,5,3,0,1,1,0,0,6.93161701500003,50.936562522
2022,4,8,5,3,5,3,0,1,1,0,0,7.10096725000005,50.89966846
2022,4,15,6,3,5,2,0,1,1,0,0,7.03013081900002,50.999807779
2022,4,10,5,3,3,2,0,1,1,0,0,6.92460132400004,50.9340236470001
2022,5,17,5,3,3,6,0,1,0,0,0,7.62504358600006,51.9367859340001
2022,5,16,6,3,3,6,0,1,0,0,0,6.93718366200005,50.9413585350001
2022,5,8,2,3,1,5,0,1,1,0,0,6.99958623300006,50.8836156670001
2022,4,20,4,3,5,2,0,1,1,0,0,7.04892437000007,50.970954658
2022,4,23,7,3,0,1,2,1,0,0,0,7.83032993400008,51.677255416
2022,5,8,2,3,5,3,0,1,0,0,0,7.63278854800006,51.962431818
2022,4,12,2,3,0,3,0,1,1,0,0,7.63374028300007,51.962095966
2022,5,9,3,3,5,3,0,1,1,0,0,7.58807057100006,51.970426656
2022,4,14,7,3,0,1,0,1,0,0,0,6.94574061000003,50.9865157510001
2022,4,20,7,2,0,1,1,1,0,0,0,6.92987343500005,50.944566077
2022,5,11,7,3,0,5,0,1,1,0,0,7.55992504600005,51.999103619
2022,5,11,2,3,1,5,0,1,1,0,0,6.94678872500003,50.9356937970001
2022,5,6,2,3,5,2,0,1,1,0,0,7.61155749200003,51.9837031970001
2022,5,14,6,3,3,5,0,1,1,0,0,7.02287834600003,50.980542465
2022,5,14,1,2,5,2,0,1,0,0,0,7.62849107600005,51.9647116370001
2022,5,7,6,3,4,6,0,1,0,0,0,7.52710170500006,51.924731723
2022,5,10,4,3,4,2,0,1,1,0,0,7.63960833300007,51.993511649
2022,5,9,7,3,3,2,0,1,1,0,0,6.95115090600007,50.935402493
2022,5,17,5,3,5,3,0,1,1,0,0,7.66201377200002,51.986578895
2022,5,22,7,2,8,1,2,1,0,0,0,7.62516263900005,51.951455884
2022,5,17,1,3,0,1,0,1,0,0,0,6.93925230000002,50.9302727880001
2022,5,13,5,2,5,3,0,1,1,0,0,6.93659631000003,50.87970289
2022,5,20,2,3,3,5,0,1,1,0,0,7.00566896400005,50.938388726
2022,5,8,2,3,0,1,0,1,0,0,0,6.95278738500002,50.873835553
2022,5,18,1,3,0,7,0,1,0,0,0,6.93922677000006,50.934652595
2022,5,14,6,3,3,2,0,1,1,0,0,7.84736332800003,51.685811663
2022,5,13,2,3,5,2,0,1,1,0,0,6.91280025900005,50.9367871850001
2022,5,17,4,3,5,2,0,1,1,0,0,6.92453321400006,50.9367556730001
2022,5,20,2,3,0,1,0,1,0,0,0,7.66129848000003,51.9334923000001
2022,5,11,1,3,5,3,0,1,1,0,0,7.62895599900003,51.926350492
2022,5,14,5,3,4,6,0,1,0,0,0,6.92478664400005,50.9365505060001
2022,5,4,1,3,0,1,2,1,0,0,0,6.92476190600007,50.946462781
2022,5,18,2,3,5,3,0,1,1,0,0,6.95319049400007,50.935254021
2022,5,13,7,2,5,2,0,1,1,0,0,7.63128626200006,51.9214202520001
2022,5,16,2,2,0,1,0,1,0,0,0,6.86632276300003,50.9378193810001
2022,5,23,2,3,0,1,2,1,0,0,0,6.96188337000007,50.9215692400001
2022,5,19,4,3,0,2,0,1,1,0,0,7.63187707300006,51.913475336
2022,5,20,6,3,0,5,1,1,1,0,0,7.02537643100004,50.9824381220001
2022,5,7,5,3,5,2,0,1,1,0,0,6.97659064300007,50.9397651790001
2022,5,14,4,3,5,2,0,1,1,0,0,6.94574098100003,50.9465755430001
2022,5,16,3,3,0,1,0,1,0,0,0,7.02219535200004,50.9800331120001
2022,5,18,6,3,0,5,0,1,1,0,0,6.91118012300007,50.9537770690001
2022,5,16,4,3,0,1,0,1,0,0,0,6.89767013100004,50.958847066
2022,5,9,2,3,5,3,0,1,1,0,0,6.93273871000002,50.948541993
2022,5,15,1,3,0,2,0,1,1,0,0,7.04249819400007,50.9297019360001
2022,5,16,4,3,1,5,0,1,1,0,0,6.95345233600005,50.965946821
2022,5,14,1,3,8,1,0,1,0,0,0,7.08195822900007,50.921607039
2022,5,23,4,3,0,1,2,1,0,0,0,6.96061494900005,50.928480805
2022,5,16,2,3,3,6,0,1,1,0,0,7.62595125900003,51.953951857
2022,5,21,6,3,6,4,2,1,0,1,0,6.89669469100005,50.9593034220001
2022,5,8,2,3,5,2,0,1,1,0,0,7.81182878800007,51.6722768000001
2022,5,10,1,3,4,6,0,1,1,0,0,6.91972109900007,50.9084968830001
2022,5,17,3,3,5,3,0,1,1,0,0,6.98207505500005,50.9432299260001
2022,5,22,3,3,0,1,2,1,0,0,0,7.52392537500003,51.9249374030001
2022,5,17,4,2,0,7,0,1,0,0,0,7.56290186600006,52.0243460190001
2022,5,19,1,3,5,3,0,1,1,0,0,7.59020218100005,51.973519921
2022,5,15,1,3,5,2,0,1,1,0,0,7.14248492200005,50.877981386
2022,5,7,2,3,3,2,0,1,1,0,0,6.95573703700006,50.9570846870001
2022,5,9,2,2,5,3,0,1,1,0,0,6.95667299600007,50.903712458
2022,5,7,5,3,4,2,0,1,1,0,0,7.85131980300002,51.6599559460001
2022,5,18,6,3,0,1,0,1,0,0,0,6.94086096400002,50.93054749
2022,5,19,1,3,5,2,0,1,1,0,0,7.61262780500005,51.9690181770001
2022,5,18,1,3,3,7,0,1,1,0,0,6.91422282600007,50.877455035
2022,5,22,5,3,6,4,2,1,0,1,0,6.93518393100004,50.942457296
2022,5,13,3,3,1,6,0,1,1,0,0,6.91896324900006,50.948906595
2022,5,10,2,3,5,3,0,1,1,0,0,7.80443470800003,51.674282487
2022,6,13,5,3,5,2,0,1,1,0,0,7.05856830100004,50.897349696
2022,5,8,4,3,5,3,0,1,1,0,0,7.88352508000003,51.685904571
2022,5,16,4,3,6,7,0,1,0,1,0,6.92380036700007,50.957475442
2022,5,17,1,3,0,5,0,1,0,0,0,7.79150935400003,51.68815527
2022,5,15,4,3,0,3,0,1,1,0,0,6.95464361700004,50.9594476460001
2022,5,14,5,3,5,2,0,1,1,0,0,6.97968427500007,50.924003128
2022,5,10,1,3,1,7,0,1,1,0,0,6.95421939300007,50.9622488800001
2022,5,14,3,3,5,3,0,1,1,0,0,7.56321704900006,51.925255314
2022,5,10,2,3,5,3,0,1,1,0,0,7.83505765900003,51.6861124320001
2022,5,18,4,3,6,4,0,1,0,1,0,7.85033971800004,51.6875690310001
2022,5,19,1,3,0,7,0,1,0,0,0,6.91538204300002,50.920354898
2022,5,13,7,3,0,1,0,1,0,0,0,6.88892402200003,50.962932956
2022,5,17,6,3,1,5,0,1,1,0,0,6.92098037500006,50.9480455090001
2022,5,17,3,3,4,6,0,1,0,0,0,7.07616044200006,50.9451041090001
2022,5,13,1,3,0,1,0,1,0,0,0,6.96250744300005,50.9417388540001
2022,5,20,3,2,0,1,1,1,0,0,0,7.63303179600007,51.973048539
2022,5,2,1,3,5,3,2,1,1,0,0,7.61965848600005,51.957332658
2022,5,16,4,3,1,1,0,1,1,0,0,7.62561207600004,51.9353596730001
2022,5,10,7,3,0,5,0,1,1,0,0,6.96891032900004,50.9040648800001
2022,5,12,5,3,1,5,0,1,0,0,0,7.64086811500005,51.9572770290001
2022,5,9,4,3,5,3,0,1,1,0,0,7.67538891900006,51.9494211250001
2022,5,14,3,3,0,4,0,1,0,1,0,6.95747467600006,50.921645051
2022,5,22,1,3,0,1,2,1,0,0,0,6.93695877900007,50.9972972560001
2022,5,14,4,3,3,2,0,1,0,0,0,6.97597415100006,50.927597351
2022,5,12,2,3,1,5,0,1,1,0,0,6.95799365200003,50.921428964
2022,5,9,3,3,5,3,0,1,1,0,0,7.61260224300003,51.969195368
2022,5,0,5,3,0,1,2,1,0,0,0,6.96326573400006,50.9345290590001
2022,5,5,3,2,5,3,1,1,1,0,0,7.85254450100007,51.679316789
2022,5,13,4,3,1,5,0,1,1,0,0,7.02030129900004,50.9645015150001
2022,5,8,5,3,5,3,0,1,1,0,0,7.02436669700006,50.9816911680001
2022,5,19,7,3,0,3,0,1,1,0,0,6.95210365100007,50.935416714
2022,5,14,1,3,0,7,0,1,1,0,0,6.85472438200003,51.0138657030001
2022,5,21,2,3,0,1,2,1,0,0,0,6.94086096400002,50.93054749
2022,5,10,3,3,5,2,0,1,1,0,0,6.97281178200006,50.939876763
2022,6,15,4,3,3,3,0,1,0,0,0,7.63690529900003,51.9509249020001
2022,5,20,5,3,3,2,0,1,1,0,0,6.91271757100003,50.952783089
2022,5,15,3,3,1,1,0,1,1,0,0,6.91941595500003,50.9317992470001
2022,5,16,1,3,0,1,0,1,0,0,0,6.94709717400002,50.98454709
2022,5,13,6,3,5,3,0,1,1,0,0,7.80934113200004,51.690919046
2022,6,16,5,3,6,7,0,1,0,1,0,7.09494379500006,50.8460821100001
2022,5,13,3,3,5,5,0,1,1,0,0,6.92584671600002,50.8599868220001
2022,5,11,3,3,5,3,0,1,1,0,0,6.91416499500002,50.9518449670001
2022,5,12,3,3,0,2,0,1,1,0,0,6.96616555000003,50.949905083
2022,5,12,2,3,5,3,0,1,1,0,0,7.75306806400005,51.662735754
2022,5,13,6,2,5,3,0,1,1,0,0,6.91948547800007,50.871014417
2022,5,7,4,3,3,2,0,1,1,0,0,6.92509689800005,50.932829166
2022,5,9,3,3,0,1,0,1,0,0,0,6.91538204300002,50.920354898
2022,5,5,2,3,5,3,0,1,1,0,0,7.82808908200008,51.708609913
2022,6,7,4,3,0,6,0,1,0,0,0,7.02264222600007,50.9803672620001
2022,5,14,4,3,6,6,0,1,0,1,0,7.83365123600004,51.6856307780001
2022,5,16,5,3,5,2,0,1,1,0,0,7.79986063900003,51.6889445080001
2022,5,12,3,2,0,1,0,1,0,0,0,6.94086096400002,50.93054749
2022,5,10,7,3,5,2,0,1,1,0,0,7.63690529900003,51.9509249020001
2022,5,18,2,2,8,7,0,1,0,0,0,6.90339085500005,50.9566003240001
2022,5,8,4,3,5,2,0,1,1,0,0,7.63628490800005,51.9725111390001
2022,5,16,4,3,1,5,0,1,1,0,0,6.99810229800005,50.937455975
2022,5,13,4,3,0,7,0,1,0,0,0,7.62453852300007,51.949537541
2022,5,15,7,2,4,6,0,1,0,0,0,7.63135803900008,51.963486851
2022,5,15,2,3,9,1,0,1,1,0,0,7.62592163500005,51.953851296
2022,5,23,7,3,0,1,2,1,0,0,0,6.90368951800002,50.9565012100001
2022,5,17,4,3,4,2,0,1,1,0,0,7.82460993300003,51.67737613
2022,5,20,1,3,1,5,0,1,1,0,0,6.92853418700003,50.9367043290001
2022,5,17,4,3,3,6,0,1,0,0,0,7.62608746300003,51.9544142250001
2022,5,18,3,3,5,3,0,1,0,0,0,7.64528078900003,51.968259753
2022,5,17,6,2,4,6,0,1,0,0,0,6.93021916400005,50.9251845210001
2022,5,15,3,3,5,3,0,1,1,0,0,7.62307855300003,51.8978138530001
2022,5,19,2,3,0,1,0,1,0,0,0,6.97523333800007,50.9321650420001
2022,5,15,4,3,4,6,0,1,0,0,0,6.93770727400005,50.935351595
2022,5,19,3,2,3,2,0,1,0,0,0,7.63735661300007,51.95885056
2022,5,19,7,3,1,1,0,1,0,0,0,7.62611773100002,51.9545169780001
2022,5,9,2,3,5,3,0,1,0,0,0,7.75820160600006,51.701760963
2022,6,9,3,3,5,3,0,1,0,0,0,6.94899750600007,50.935437414
2022,6,13,4,3,3,2,0,1,0,0,0,6.92518681800004,50.9390787180001
2022,6,23,6,3,4,6,2,1,0,0,0,6.90050742900007,50.937274035
2022,6,12,5,3,3,6,0,1,0,0,0,6.85238451500004,50.9194187900001
2022,6,19,1,3,0,1,0,1,0,0,0,6.95239975500004,50.9353965020001
2022,6,8,2,3,0,4,0,1,0,1,0,6.92982595000007,50.9253969230001
2022,6,8,4,3,6,7,0,1,0,1,0,7.60606264000006,51.97383998
2022,6,14,4,3,6,7,0,1,0,1,0,6.93258039200003,50.943680826
2022,6,23,2,2,0,1,2,1,0,0,0,7.09037790100007,50.9220057220001
2022,6,16,3,3,5,2,0,1,1,0,0,6.92867821100003,50.9449434250001
2022,6,15,1,3,5,3,0,1,1,0,0,6.89660907000007,50.925581428
2022,6,7,6,3,5,3,0,1,0,0,0,7.64556824600004,51.9676298350001
2022,6,9,1,3,5,3,0,1,1,0,0,7.73753608300007,51.6658273
2022,6,19,6,3,0,7,0,1,0,0,0,6.90954463800006,50.9368786030001
2022,6,23,6,3,0,1,2,1,0,0,0,6.94534520400003,50.935798956
2022,6,7,4,3,0,1,0,1,0,0,0,6.93012126000002,50.9091638290001
2022,6,18,4,3,0,7,0,1,0,0,0,6.90006272900007,50.994660637
2022,6,16,3,3,4,2,0,1,1,0,0,7.77625600100004,51.6929413330001
2022,6,6,5,3,4,2,0,1,0,0,0,7.65706480500006,51.971940843
2022,6,7,6,3,5,2,0,1,1,0,0,7.63690529900003,51.9509249020001
2022,6,9,4,3,2,6,0,1,1,0,0,6.92320163500005,50.947120554
2022,6,14,1,3,0,7,0,1,1,0,0,7.10417178700004,50.8858662980001
2022,6,16,2,3,5,2,0,1,1,0,0,6.93554681500007,50.9422555800001
2022,6,17,6,3,0,6,0,1,0,0,0,7.64556824600004,51.9676298350001
2022,6,16,2,3,0,1,0,1,0,0,0,7.75480251800008,51.930147343
2022,6,13,7,3,1,1,0,1,1,0,0,7.62420885200004,51.9485810740001
2022,6,8,2,3,5,3,0,1,0,0,0,6.92659738200007,50.942687522
2022,6,12,3,3,5,3,0,1,1,0,0,6.85035214100003,51.0544049710001
2022,6,12,4,3,0,2,0,1,1,0,0,7.61761155100004,51.961878196
2022,6,10,4,3,0,2,0,1,1,0,0,7.62628616900002,51.909608227
2022,6,7,3,3,5,2,0,1,1,0,0,7.60322217600003,51.9222653520001
2022,6,9,3,2,5,3,0,1,1,0,0,7.77806589200003,51.691509506
2022,6,18,2,3,0,5,0,1,1,0,0,7.62195881300005,51.9553759130001
2022,6,17,3,3,5,3,0,1,1,0,0,6.97151232700003,50.956971041
2022,6,20,1,3,0,5,0,1,1,0,0,6.92204174600005,50.932671542
2022,6,8,5,3,0,7,0,1,0,0,0,7.05150267500005,50.8899910150001
2022,6,20,6,3,0,3,0,1,1,0,0,6.92568791800005,50.9367413640001
2022,6,10,5,3,0,5,0,1,1,0,0,7.60263324000005,51.9758020630001
2022,6,12,7,1,2,6,0,1,0,0,0,7.62307452900006,51.9447072560001
2022,6,15,5,3,1,5,0,1,0,0,0,6.94704104900006,50.8750516280001
2022,6,11,1,3,0,6,0,1,0,0,0,6.83259342300005,51.0535195520001
2022,6,4,2,3,5,3,2,1,1,0,0,6.87609339300008,50.9242074470001
2022,6,19,6,3,5,3,0,1,1,0,0,6.95024221200003,50.8745737250001
2022,6,18,3,3,0,2,0,1,0,0,0,6.91309048100004,50.929480835
2022,6,15,6,3,4,6,0,1,0,0,0,6.96911734500003,50.904287546
2022,6,6,4,3,5,3,0,1,1,0,0,6.88626828900004,50.934081597
2022,6,14,5,2,3,2,0,1,1,0,0,6.89026387100006,50.962481294
2022,6,13,1,3,8,1,0,1,0,0,0,7.08230699300003,50.921692261
2022,6,10,6,3,0,1,0,1,0,0,0,6.84893797000007,50.938001586
2022,6,15,2,3,4,2,0,1,1,0,0,7.78371790300002,51.665527045
2022,6,18,6,3,3,2,0,1,1,0,0,7.01107493100005,50.9393586030001
2022,6,10,4,3,5,3,0,1,1,0,0,7.55757301600005,52.0332509850001
2022,6,21,3,3,5,3,0,1,1,0,0,6.90306321500003,50.9567117180001
2022,6,13,4,3,4,2,0,1,1,0,0,6.93012126000002,50.9091638290001
2022,6,15,2,3,3,2,0,1,1,0,0,7.00693138600008,50.9693504580001
2022,6,8,2,3,0,1,0,1,0,0,0,6.94086096400002,50.93054749
2022,6,15,6,3,0,7,0,1,0,0,0,7.54918521700006,52.0024592820001
2022,6,14,7,3,3,5,0,1,0,0,0,6.92166149400003,50.9135587220001
2022,6,18,2,3,0,1,0,1,0,0,0,6.91650101000005,50.9498171160001
2022,6,5,1,3,0,1,0,1,0,0,0,7.65492639900003,51.9375638540001
2022,6,9,6,3,5,3,0,1,0,0,0,7.62589210400006,51.955723709
2022,6,20,2,3,9,1,0,1,0,1,0,7.62427830900003,51.9904150780001
2022,6,4,1,3,0,1,0,1,0,0,0,7.64305526100003,51.9564088860001
2022,6,13,7,2,1,6,0,1,0,0,0,6.95664884700005,50.9552772740001
2022,6,0,1,3,0,7,2,1,0,0,0,6.93305367100004,50.9208450790001
2022,6,20,4,3,0,3,0,1,1,0,0,6.93132840800007,50.9227592030001
2022,6,16,3,3,5,3,0,1,1,0,0,7.09749721100007,50.921360329
2022,6,17,4,3,5,3,0,1,1,0,0,7.81753523000003,51.6798329210001
2022,6,18,3,3,5,2,0,1,1,0,0,7.63690529900003,51.9509249020001