UJAHR,UMONAT,USTUNDE,UWOCHENTAG,UKATEGORIE,UART,UTYP1,ULICHTVERH,IstRad,IstPKW,IstFuss,IstKrad,XGCSWGS84,YGCSWGS84
2022,6,14,2,3,6,4,0,1,0,1,0,7.61243278500007,51.9672353650001
2022,6,7,2,3,5,3,0,1,1,0,0,7.00506757100004,50.9750133840001
2022,6,8,5,3,7,1,0,1,0,0,0,6.97728977300005,50.958116782
2022,6,19,6,2,0,6,0,1,0,0,0,6.91641412000007,50.9184522950001
2022,6,8,5,3,3,2,0,1,1,0,0,6.96538822800005,50.9251928630001
2022,6,5,2,2,3,6,0,1,0,0,0,6.93563515100004,50.95061588
2022,6,11,7,3,4,1,0,1,0,0,0,6.97238177700007,50.9131259970001
2022,6,22,4,3,5,3,2,1,0,0,0,6.85242300300007,50.9379407800001
2022,6,18,4,3,0,1,0,1,1,0,0,7.84877856100007,51.68504705
2022,6,14,6,3,5,2,0,1,1,0,0,7.09581033500007,50.8447212670001
2022,6,22,5,2,5,3,1,1,0,0,1,6.90831921900002,50.937123914
2022,6,15,2,3,3,6,0,1,0,0,0,7.62727605500004,51.9652426170001
2022,6,14,3,3,5,3,0,1,1,0,0,6.92614438900006,51.011197242
2022,6,9,4,2,5,3,0,1,1,0,0,6.82917682400006,50.9429934190001
2022,6,23,5,2,4,7,2,1,0,0,0,6.97616378500004,50.9539935620001
2022,6,6,3,2,3,2,0,1,1,0,0,7.77184346800004,51.696776535
2022,6,8,4,3,5,3,0,1,1,0,0,6.98166841700004,50.93720978
2022,6,15,5,3,0,1,0,1,0,0,0,7.58211608800002,51.960538107
2022,6,13,5,3,0,7,0,1,0,0,0,7.63571230200006,51.901037478
2022,6,22,6,3,0,6,2,1,0,0,0,6.91066705900005,50.9397664520001
2022,6,18,3,3,5,2,0,1,0,0,0,7.64234884900003,51.961819141
2022,6,19,6,3,3,5,0,1,1,1,0,6.91655469000005,50.9308545160001
2022,6,22,1,3,0,7,1,1,0,0,0,7.64573568100008,51.9452032840001
2022,6,17,3,2,4,2,0,1,1,0,0,7.88297770600008,51.697737547
2022,6,12,4,3,5,3,0,1,1,0,0,7.05898300300004,50.9084820470001
2022,7,9,4,3,0,1,0,1,0,0,0,6.92038683300007,50.9537143760001
2022,6,10,5,3,2,2,0,1,0,0,0,7.60328437900006,51.9654891820001
2022,7,22,1,2,0,1,1,1,0,0,0,6.86347344000006,50.9378179600001
2022,6,12,5,2,0,3,0,1,0,0,0,6.86745327700004,50.9224498
2022,6,8,3,3,0,1,0,1,0,0,0,6.94422209200008,50.9358033770001
2022,6,21,6,3,5,2,1,1,1,0,0,6.95779966400005,50.9576683550001
2022,6,17,2,3,5,2,0,1,1,0,0,6.91497809100002,50.9484454600001
2022,6,13,3,3,4,6,0,1,0,0,0,7.62359237300006,51.946581574
2022,7,23,3,2,2,6,2,1,0,0,0,7.05300435600003,50.8777437040001
2022,6,15,2,3,0,3,0,1,1,0,0,7.01872079100002,50.940205414
2022,6,8,5,3,3,2,0,1,1,0,0,7.00120623600003,50.95707717
2022,6,18,6,2,5,2,0,1,1,0,0,6.99223801900007,50.9155899940001
2022,6,11,1,2,5,2,0,1,1,0,0,6.94991335000003,50.955518371
2022,7,8,2,3,3,2,0,1,1,0,0,7.05752793800002,50.9740268830001
2022,7,7,6,3,5,3,0,1,1,0,0,7.63294699800002,51.913598688
2022,7,21,6,3,3,6,1,1,0,0,0,6.98655344500003,50.899171747
2022,6,15,5,3,0,4,0,1,0,1,0,7.62549605400005,51.9423503460001
2022,7,18,2,3,0,3,0,1,0,1,0,7.60515106100007,51.9489489870001
2022,6,14,5,3,3,5,0,1,1,0,0,6.92200090600005,50.9476206250001
2022,6,0,6,3,0,6,2,1,0,0,0,7.53721252000003,51.954822086
2022,6,16,4,3,4,6,0,1,0,0,0,6.88109455600005,51.0577891550001
2022,6,15,1,3,2,6,0,1,0,0,0,7.95722232100007,51.691415555
2022,7,14,1,3,5,3,0,1,1,0,0,7.52042787600004,51.9767304800001
2022,6,9,7,3,0,1,0,1,0,0,0,7.08262972400007,50.9437418950001
2022,7,18,3,3,0,5,0,1,1,0,0,7.00656714700006,50.960772413
2022,7,9,1,3,5,2,0,1,1,0,0,6.86595909200003,50.9706091240001
2022,6,15,1,3,0,2,0,1,1,0,0,6.92024109600004,50.9483552200001
2022,6,15,6,3,5,2,0,1,1,0,0,6.89395001100007,50.9606554380001
2022,6,9,5,3,5,3,0,1,1,0,0,7.52468280400007,51.9635016780001
2022,7,16,2,3,0,6,0,1,0,0,0,6.96286243900005,50.9443895730001
2022,6,22,3,3,5,3,1,1,1,0,0,7.76905442900005,51.700365172
2022,6,5,3,3,5,3,0,1,1,0,0,6.97421846100002,50.956331295
2022,6,14,7,3,4,1,0,1,0,0,0,6.89171044900007,50.9618087580001
2022,6,10,5,3,5,3,0,1,1,0,0,7.63374028300007,51.962095966
2022,7,17,7,2,4,6,0,1,0,0,0,6.97597415100006,50.927597351
2022,6,14,5,3,5,2,0,1,1,0,0,6.85125159500006,51.054537956
2022,7,14,6,3,5,2,0,1,1,0,0,6.94219077500003,50.905059162
2022,7,13,7,2,4,2,0,1,1,0,0,7.83471556100005,51.705085448
2022,6,22,7,3,0,5,2,1,1,0,0,6.91719741500003,50.949883485
2022,6,10,3,3,0,3,0,1,0,0,0,6.92321633000006,50.9367651140001
2022,6,0,4,3,0,1,2,1,0,0,0,6.93329368600007,50.9433673280001
2022,6,17,5,3,0,3,0,1,0,0,0,7.00682543400006,50.968608493
2022,7,18,6,3,5,2,0,1,1,0,0,6.82933120900003,50.9382791520001
2022,7,14,3,3,3,6,0,1,1,0,0,7.00491042800007,50.938266228
2022,7,15,4,3,1,1,0,1,1,0,0,7.62521780600002,51.9516400420001
2022,7,8,6,3,0,1,0,1,0,0,0,7.63565056600004,51.9619799490001
2022,7,7,2,3,0,6,0,1,0,0,0,6.98926831400007,50.8984480070001
2022,7,13,2,3,5,2,0,1,1,0,0,6.92759896300004,50.9290069130001
2022,7,8,5,3,5,3,0,1,1,0,0,7.61123639800007,51.9884058900001
2022,7,14,2,2,0,1,0,1,0,0,0,6.86998805000007,50.9066428830001
2022,7,6,4,3,5,3,0,1,1,0,0,6.84080097700007,50.9677996770001
2022,7,9,3,3,0,7,0,1,1,0,0,7.07397075400007,50.9243652160001
2022,7,6,2,3,0,7,0,1,0,0,0,7.01315301900007,50.956147942
2022,7,12,7,3,4,3,0,1,1,0,0,7.61816789400007,51.954611169
2022,7,13,6,3,5,3,0,1,1,0,0,7.08334137500003,50.872140379
2022,7,11,3,2,0,1,0,1,0,0,0,7.82094724900003,51.6945254020001
2022,7,16,6,3,5,3,0,1,1,0,0,7.80993217600007,51.6817381000001
2022,7,17,1,3,0,6,0,1,0,0,0,6.85102736600004,50.9695767430001
2022,7,17,5,3,0,7,0,1,1,0,0,7.07341392500007,50.9797285180001
2022,7,16,6,3,0,1,0,1,0,0,0,6.90565542200005,50.9769669900001
2022,7,11,5,2,0,1,0,1,0,0,0,7.82204274100008,51.685154852
2022,7,7,5,3,0,1,0,1,0,0,0,7.01408607600007,50.97497056
2022,7,8,2,3,0,7,0,1,0,0,0,7.70009836800006,51.9855506470001
2022,7,8,5,3,0,1,0,1,0,0,0,7.02121382800004,50.9332594200001
2022,7,7,6,3,5,3,0,1,0,0,0,6.90886985400005,50.9082273320001
2022,7,15,3,3,4,6,0,1,0,0,1,6.96887631800007,50.9558488110001
2022,7,6,4,3,1,5,0,1,0,0,0,7.11300856900004,50.8444075950001
2022,7,22,2,3,0,1,2,1,0,0,0,7.82578904300004,51.672571067
2022,7,18,5,3,0,3,0,1,0,0,0,7.58476520900007,51.976355723
2022,7,17,3,3,3,2,0,1,1,0,0,6.90804788700007,50.9343699080001
2022,7,18,6,2,4,2,0,1,1,0,0,6.92385036500002,50.9124260890001
2022,7,17,6,3,0,1,0,1,0,0,0,7.11161580400005,50.846640128
2022,7,8,5,3,5,2,0,1,1,0,0,7.63628490800005,51.9725111390001
2022,7,11,4,3,0,6,0,1,0,0,0,6.85580630800007,51.072944401
2022,7,7,3,3,0,1,0,1,0,0,0,6.91661998200004,50.950258884
2022,7,16,5,3,1,5,0,1,1,0,0,6.91815351600007,50.9492904740001
2022,7,6,1,3,8,1,0,1,0,0,0,7.81708093100002,51.674855736
2022,7,7,6,3,3,6,0,1,1,0,0,7.75284644200002,51.701629186
2022,7,11,4,3,5,1,0,1,1,0,0,7.64077625700003,51.971200437
2022,7,8,2,3,0,2,0,1,1,0,0,7.08469591800002,50.9221826520001
2022,7,17,3,3,5,3,0,1,1,0,0,6.91581184600005,50.9507811830001
2022,7,14,3,2,3,6,0,1,0,0,0,6.94143018300002,50.9292205740001
2022,7,21,4,3,5,3,0,1,1,0,0,7.63652068400006,51.9527558770001
2022,7,16,4,2,0,1,0,1,0,0,0,7.60928794200004,51.9408370850001
2022,7,8,2,3,0,5,0,1,1,0,0,6.91741046700002,50.9497457300001
2022,7,22,6,3,2,6,2,1,1,0,0,6.93900138900005,50.9366698090001
2022,7,14,3,3,5,3,0,1,1,0,0,6.92759896300004,50.9290069130001
2022,7,12,2,3,5,3,0,1,1,0,0,7.00415574100003,50.990224131
2022,7,6,7,3,0,7,0,1,0,0,0,6.95384717800005,50.949422381
2022,7,17,5,3,5,3,0,1,0,0,0,7.61447915700006,52.0018687890001
2022,7,15,2,3,2,7,0,1,1,0,0,7.64223430800007,51.9618058610001
2022,7,17,7,3,5,3,0,1,1,0,0,6.93023266900008,50.9366267790001
2022,7,13,6,3,0,1,0,1,0,0,0,6.86179073500006,51.0690767680001
2022,7,17,6,3,3,6,0,1,1,0,0,6.93943455300007,50.9385457110001
2022,7,2,1,3,0,1,2,1,0,0,0,7.57998326500007,51.9237798450001
2022,7,16,6,3,6,4,0,1,0,1,0,7.62581594500006,51.9535072470001
2022,7,14,4,3,5,3,0,1,1,0,0,6.91234668200002,50.9530295970001
2022,7,21,3,3,6,7,0,1,0,1,0,7.65368655000003,51.9662655560001
2022,7,14,7,3,5,2,0,1,0,0,1,7.77443694200002,51.6974145630001
2022,7,14,5,3,0,1,1,1,0,0,0,7.03324785800004,50.9386258980001
2022,7,21,6,3,4,6,2,1,0,0,0,6.96264301900004,50.9362839140001
2022,7,17,3,3,5,2,0,1,1,0,0,7.64399184600006,51.9621688140001
2022,7,14,3,3,0,1,0,1,1,0,0,6.89827838300005,50.958563795
2022,7,14,2,3,1,5,0,1,1,0,0,7.01941366700004,50.9402286740001
2022,7,8,1,2,8,7,0,1,0,0,0,7.60928794200004,51.9408370850001
2022,7,7,4,2,0,4,0,1,0,1,0,6.91271757100003,50.952783089
2022,7,17,1,3,0,7,0,1,0,0,0,6.98682553400005,50.8989846650001
2022,7,22,6,3,0,1,2,1,0,0,0,6.94063548900004,50.9310751800001
2022,7,17,3,3,5,3,0,1,1,0,0,6.99992065900005,50.8707028900001
2022,7,6,3,3,5,3,0,1,0,0,0,7.57883385700006,51.9343500270001
2022,7,11,3,3,3,6,0,1,0,0,0,7.57587747200006,51.9723637610001
2022,8,13,5,3,3,5,0,1,0,0,0,7.00319621300002,50.9379919030001
2022,8,13,4,3,3,6,0,1,0,0,0,7.63794085600006,51.9618075560001
2022,8,12,3,3,8,1,0,1,0,0,0,6.85699143300008,50.92669319
2022,7,20,1,3,0,3,1,1,1,0,0,7.64755607800004,51.961964132
2022,8,13,6,3,6,7,0,1,0,1,0,6.89632020400006,50.9373696960001
2022,8,20,5,3,0,1,1,1,0,0,0,6.94375642100005,50.9893043100001
2022,8,15,6,2,0,1,0,1,0,0,0,6.92084737000005,50.914087685
2022,8,9,1,3,5,3,0,1,1,0,0,7.60742247200005,51.9325990080001
2022,8,1,1,3,5,3,2,1,1,0,0,6.93898197800007,50.9364128730001
2022,7,11,5,3,0,3,0,1,0,0,0,6.92737972200007,50.915795158
2022,8,12,1,3,7,7,0,1,0,0,0,6.94113161200005,50.929881084
2022,8,11,7,3,0,7,0,1,0,0,0,6.95714693900004,50.9527223530001
2022,8,10,3,3,5,2,0,1,1,0,0,7.62977344200004,51.9836050500001
2022,8,15,2,3,4,6,0,1,0,0,0,7.60719252500007,51.9666088980001
2022,7,10,6,3,0,1,0,1,0,0,0,6.92021167800004,50.9537813800001
2022,8,18,4,3,5,2,0,1,1,0,0,7.61747001400005,51.993097022
2022,8,7,2,3,4,6,0,1,0,0,0,7.56630371100005,51.9728921190001
2022,8,18,4,3,4,2,0,1,1,0,0,6.85520856400007,50.938060998
2022,8,0,7,2,0,1,2,1,0,0,0,6.91845471500005,50.9160635160001
2022,7,13,5,3,5,3,0,1,1,0,0,7.84396030400006,51.6743522950001
2022,8,10,1,3,0,1,0,1,0,0,0,7.61465713700005,52.002755295
2022,7,14,6,2,3,2,0,1,0,0,0,7.63287112500007,51.9732257420001
2022,8,17,3,2,5,3,0,1,1,0,0,6.88213758300003,50.937787717
2022,8,11,4,3,3,1,0,1,0,0,0,7.61283149700006,51.9672201560001
2022,8,17,3,3,1,5,0,1,1,0,0,7.79402832600005,51.6796600340001
2022,8,13,1,3,0,1,0,1,0,0,0,6.94582321100006,50.9357670270001
2022,8,7,6,3,0,6,0,1,0,0,0,6.97544870600007,50.8511097000001
2022,8,15,6,3,8,1,0,1,0,0,0,6.91028560900003,50.9543190910001
2022,8,13,5,3,0,6,0,1,1,0,0,7.58360123400007,51.9266929090001
2022,8,21,1,3,0,1,2,1,0,0,0,6.92994317500006,50.9251847850001
2022,8,17,2,3,6,4,0,1,0,1,0,6.91556521900003,50.9304600080001
2022,8,19,2,3,5,2,0,1,1,0,0,7.67999354500006,51.9713497440001
2022,8,10,6,3,1,5,0,1,1,0,0,6.95447852000007,50.960660449
2022,8,8,3,3,0,6,0,1,0,0,0,7.59686695100004,51.9649051160001
2022,8,19,4,3,5,3,0,1,1,0,0,7.09783546400007,50.858809267
2022,8,12,2,3,5,2,0,1,0,0,0,6.95573069200003,50.9571410830001
2022,8,16,5,3,5,2,0,1,1,0,0,7.64573568100008,51.9452032840001
2022,7,17,4,3,7,1,0,1,0,0,0,6.95165460300007,50.9489020830001
2022,7,15,6,3,0,3,0,1,0,0,0,6.96199696400004,50.9214167260001
2022,8,17,3,3,5,3,0,1,1,0,0,6.99243624700006,50.9154516040001
2022,8,21,4,3,4,6,1,1,0,0,0,7.00155818100006,50.9623895340001
2022,8,18,3,3,1,1,0,1,1,0,0,7.02823119600004,50.94241613
2022,8,11,4,3,1,5,0,1,0,0,0,7.62980174500007,51.9248332550001
2022,8,21,4,3,0,3,2,1,0,0,0,7.74278201200002,51.638357012
2022,8,15,2,3,5,3,0,1,1,0,0,6.83870313400007,50.9676356630001
2022,7,12,5,2,0,2,0,1,1,0,0,7.62461175000004,51.955613618
2022,8,7,6,3,5,3,0,1,1,0,0,7.58937779800004,51.9741395
2022,7,19,5,3,4,7,0,1,0,0,0,6.96328613100007,50.934254352
2022,8,11,6,3,0,2,0,1,1,0,0,6.89989709300005,50.9371047970001
2022,8,15,6,3,4,6,0,1,0,0,0,6.97475679700005,50.9323686220001
2022,7,9,6,3,3,2,0,1,1,0,0,7.64521850900007,51.904249022
2022,8,8,4,3,5,2,0,1,0,0,0,7.63733236200005,51.9529475360001
2022,7,15,4,3,3,2,0,1,1,0,0,6.92494830600003,50.936548542
2022,8,19,7,3,0,1,0,1,1,1,0,6.93740210400006,50.941240733
2022,8,23,3,2,6,7,2,1,0,1,0,6.86437894500006,50.970647758
2022,8,13,6,2,5,3,0,1,1,0,0,7.65913071300002,51.934091777
2022,8,19,7,3,3,6,0,1,0,0,0,7.63628398500003,51.9592648230001
2022,7,14,7,3,0,4,0,1,0,1,0,7.63055456700005,51.963940671
2022,8,14,5,3,4,2,0,1,1,0,0,7.06063095800005,50.9065817210001
2022,8,14,7,3,5,3,0,1,0,0,0,7.00627813700004,50.973358476
2022,8,21,1,3,5,3,2,1,0,0,0,6.93453813000002,50.935445337
2022,8,4,2,3,0,1,2,1,0,0,0,7.10756676600005,50.8725996800001
2022,8,18,6,3,4,1,0,1,0,0,0,6.98397910500006,50.9010312450001
2022,8,12,6,3,2,2,0,1,1,0,0,7.62918887600006,51.954678136
2022,7,15,4,3,5,3,0,1,0,0,1,6.92254785200004,50.9132867810001
2022,8,21,6,3,4,6,1,1,0,0,0,6.92913419300004,50.9366940040001
2022,8,17,2,3,0,7,0,1,1,0,0,6.98055865600003,50.8980630200001
2022,8,0,3,3,0,1,2,1,0,0,0,6.88464083900004,50.9376974720001
2022,8,20,1,3,3,2,0,1,0,0,0,6.93320848700006,51.0393283230001
2022,8,18,2,3,0,1,0,1,0,0,0,7.63266158900007,51.953738935
2022,8,11,4,3,0,1,0,1,0,0,0,6.90244320000005,50.9370466140001
2022,8,6,3,3,5,2,0,1,1,0,0,6.95086560600004,50.9735044550001
2022,8,19,5,3,3,7,0,1,1,0,0,6.92182434700004,50.9476940120001
2022,8,16,4,3,0,1,0,1,0,0,0,7.06136825700003,50.927458906
2022,8,18,6,3,5,2,0,1,1,0,0,6.92549993100005,50.9398758350001
2022,8,16,5,3,5,3,0,1,1,0,0,7.60042224700004,51.930084359
2022,7,19,7,3,0,7,0,1,1,0,0,7.00693138600008,50.9693504580001
2022,8,17,5,3,3,6,0,1,0,0,0,7.64685433000005,51.957162829
2022,8,8,4,3,5,3,0,1,1,0,0,7.63280533900007,51.973084709
2022,8,18,4,3,0,1,0,1,0,0,0,6.92000165000007,50.9533317770001
2022,8,10,6,3,5,2,0,1,1,0,0,6.93305367100004,50.9208450790001
2022,8,6,2,3,0,7,0,1,0,0,0,7.59698346900007,51.9328966140001
2022,7,18,4,3,4,6,0,1,0,0,0,6.98330718200003,50.93733597
2022,8,11,3,3,5,3,0,1,1,0,0,6.92659738200007,50.942687522
2022,8,8,3,3,0,6,0,1,0,0,0,7.81347243700003,51.6829684800001
2022,8,11,7,3,3,6,0,1,0,0,0,7.61965848600005,51.957332658
2022,8,7,3,3,5,2,0,1,1,0,0,7.82184985900005,51.6950061300001
2022,8,9,5,3,5,3,0,1,1,0,0,6.96933682600007,50.9366714400001
2022,8,19,1,3,5,7,0,1,1,0,0,7.80128447500005,51.672323399
2022,8,15,3,3,0,1,0,1,0,0,0,6.96705209100003,50.922355092
2022,8,19,4,3,4,2,0,1,1,0,0,7.63628490800005,51.9725111390001
2022,7,16,5,3,5,3,0,1,0,0,0,7.81692607100007,51.683569995
2022,8,18,3,3,0,1,0,1,0,0,0,6.86314329200007,50.9377705530001
2022,8,8,6,3,5,3,0,1,1,0,0,7.08349816500004,50.869512248
2022,8,7,2,3,0,6,0,1,0,0,0,7.64257163900004,51.9775604160001
2022,8,16,3,3,0,5,0,1,1,0,0,6.96013417200004,50.9212613330001
2022,8,17,2,3,5,2,0,1,1,0,0,7.60169234200004,51.965136704
2022,8,8,7,3,0,1,0,1,0,0,0,6.94536534500003,50.9044941240001
2022,8,12,5,3,0,5,0,1,1,0,0,6.94008847900005,50.932334773
2022,8,16,5,3,5,3,0,1,1,0,0,7.56771432800002,51.955746457
2022,8,9,4,3,3,1,0,1,0,0,0,6.92316378900006,50.947136517
2022,8,14,4,3,4,2,0,1,1,0,0,7.09665687500006,50.920190603
2022,8,17,6,3,5,3,0,1,0,0,0,6.93945707500006,50.9054938250001
2022,8,7,4,3,0,3,0,1,1,0,0,7.52136432900005,51.9249347670001
2022,8,14,7,2,6,4,0,1,0,1,0,6.94347763200005,50.935799188
2022,8,7,4,3,5,3,0,1,0,0,0,7.61016273000007,51.970968649
2022,8,8,2,3,3,6,0,1,1,0,0,7.63233210900006,51.9582169380001
2022,8,13,4,2,0,1,0,1,0,0,0,6.98937355300006,50.89745728
2022,8,10,4,3,5,7,0,1,1,0,0,7.60246526400005,51.9595809050001
2022,8,13,5,3,0,7,0,1,1,0,0,6.97148532400007,50.936795708
2022,8,0,7,2,0,1,2,1,0,0,0,7.78399108500003,51.6884815770001
2022,8,9,7,3,1,5,0,1,1,0,0,7.02394713100006,50.940277714
2022,8,9,2,3,3,5,0,1,1,0,0,6.95440273900005,50.9614188640001
2022,8,2,1,3,1,5,2,1,1,0,0,6.94353137500002,50.935927668
2022,8,10,1,3,5,2,0,1,1,0,0,6.92760129700002,50.895833429
2022,8,11,3,3,8,1,0,1,0,0,0,7.63077398200005,51.9222742490001
2022,8,12,2,2,8,1,0,1,0,0,0,6.94000993500003,50.9325156290001
2022,8,8,3,3,0,5,0,1,1,0,0,7.06343128700007,50.9761498570001
2022,8,18,6,3,0,6,0,1,0,0,0,6.96266584800003,50.9361497840001
2022,8,13,6,3,1,5,0,1,1,0,0,6.96085281500007,50.921389355
2022,8,14,3,3,0,1,0,1,0,0,0,6.90222493200002,51.0394249390001
2022,8,17,2,3,5,3,0,1,0,0,0,7.60430261700003,51.924996068
2022,8,18,3,3,4,6,0,1,1,0,0,6.92493789000002,50.9336134600001
2022,8,16,3,3,6,6,0,1,0,1,0,7.63185136200002,51.9503186680001
2022,8,9,2,3,3,7,0,1,1,0,0,6.91304420400007,50.936946151
2022,8,23,5,3,0,1,2,1,1,0,0,6.94520085700003,50.8941298
2022,8,7,6,3,0,2,0,1,1,0,0,7.86486824400004,51.6577173850001
2022,8,13,4,3,0,1,0,1,0,0,0,6.88095310500006,50.9246234080001
2022,8,15,5,3,0,1,0,1,0,0,0,7.01885387700003,50.9642131250001
2022,8,13,7,3,5,3,0,1,1,0,0,7.08349816500004,50.869512248
2022,8,18,3,3,0,2,0,1,0,0,0,6.90144162000007,50.993740212
2022,8,21,4,3,8,1,2,1,0,0,0,6.96030717300005,51.033710118
2022,8,8,4,3,5,2,0,1,1,0,0,6.93641652300005,50.941772234
2022,8,13,1,3,5,3,0,1,1,0,0,6.96570595800006,50.892761019
2022,8,1,7,3,0,1,2,1,0,0,0,6.91087582000006,50.9286058660001
2022,8,15,3,2,0,6,0,1,1,0,0,7.07691321400006,50.9822990740001
2022,8,19,4,3,1,7,0,1,0,0,0,7.83232608300005,51.6851788540001
2022,8,7,2,3,0,2,0,1,0,0,0,6.91285666500005,50.944994593
2022,8,13,6,3,9,6,0,1,1,0,0,6.91377961300003,50.936755341
2022,8,16,5,3,0,1,0,1,0,0,0,6.91991040600004,50.9366101150001
2022,8,12,2,3,2,2,0,1,0,0,0,6.93886644100007,50.9679388800001
2022,8,7,6,3,5,3,0,1,1,0,0,7.61779674300004,51.964210591
2022,8,13,4,3,5,2,0,1,1,0,0,7.63084415600002,51.9460123550001
2022,8,21,7,3,0,6,2,1,0,0,0,6.93335611600003,50.9433384160001
2022,8,9,4,3,0,1,0,1,0,0,0,7.07331861300003,50.946018198
2022,8,1,7,3,0,1,2,1,1,0,0,7.03019309100006,50.9665041160001
2022,8,15,7,2,0,1,0,1,0,0,0,6.92411498100006,50.9467353000001
2022,8,21,5,3,5,2,2,1,1,0,0,7.07647383800003,50.9451192010001
2022,8,12,1,2,5,3,0,1,1,0,0,7.88456965800003,51.6862362680001
2022,8,11,5,3,0,7,0,1,0,1,0,6.89548217000004,50.9145772900001
2022,8,8,3,3,5,2,0,1,1,0,0,7.62774264600006,51.9116808730001
2022,8,9,4,2,0,1,0,1,0,0,0,6.86034493100004,51.0696677620001
2022,8,7,2,3,3,1,0,1,0,0,0,7.59483349100003,51.9650261800001
2022,8,7,6,3,0,7,0,1,1,0,0,6.84213511900003,50.9381408990001
2022,8,17,5,3,3,2,0,1,1,0,0,6.95664884700005,50.9552772740001
2022,8,7,2,3,0,3,0,1,1,0,0,6.90244222400003,50.9775187110001
2022,9,16,6,2,0,2,0,1,0,0,0,7.61975340200007,51.957611021
2022,8,18,3,3,8,1,0,1,0,0,0,6.97868222900007,50.9395276860001
2022,9,11,6,3,5,3,0,1,1,0,0,7.80035697800002,51.637927925
2022,9,19,6,3,7,7,0,1,0,0,0,7.55703128300007,51.9778688490001
2022,9,7,5,3,0,7,0,1,0,1,0,7.61220142600007,51.9693148850001
2022,8,7,4,3,0,3,0,1,1,0,0,7.76044188900005,51.7025801090001
2022,9,7,4,3,7,7,0,1,1,0,0,7.67096399000008,51.9881184830001
2022,9,18,4,3,0,7,0,1,0,1,0,6.91633417700007,50.9496668580001
2022,9,20,6,3,5,2,1,1,1,0,0,7.56322930100004,51.9252547450001
2022,9,22,7,3,8,1,2,1,0,0,0,7.61938631200007,51.996611827
2022,8,17,2,3,1,5,0,1,1,0,0,6.82923461500008,50.948457354
2022,8,13,2,3,3,6,0,1,0,0,0,6.87554435500005,50.968300862
2022,9,15,6,3,3,2,0,1,1,0,0,7.61184886500007,51.9823059660001
2022,8,14,2,3,0,6,0,1,0,0,0,6.90324675200003,50.937028109
2022,9,15,5,3,2,6,0,1,0,0,0,7.59876309700007,51.9432594040001
2022,9,7,4,3,6,6,0,1,0,1,0,7.08375418100007,50.863036348
2022,8,13,4,3,5,3,0,1,1,0,0,7.08404451600006,50.8631061290001
2022,9,17,2,3,1,5,0,1,1,0,0,6.86599325200007,51.0672169520001
2022,9,19,6,3,5,3,0,1,0,0,0,6.96368734900005,50.9216685120001
2022,9,6,2,3,5,3,1,1,1,0,0,7.62901954900008,51.973913462
2022,9,11,1,2,0,1,0,1,0,0,0,6.93251621000007,50.908120373
2022,9,8,5,3,0,3,0,1,1,0,0,6.86932374700007,50.9688723720001
2022,9,15,1,2,5,3,0,1,1,0,0,6.92659738200007,50.942687522
2022,9,9,2,3,2,5,0,1,1,1,0,6.96033370400005,50.9212968790001
2022,9,20,3,3,5,2,1,1,1,0,0,6.92257695200004,50.9129611370001
2022,9,7,5,3,7,1,0,1,0,0,0,7.61220469600005,51.96726232
2022,8,16,3,3,5,3,0,1,0,0,0,7.64210460000004,51.947790738
2022,8,17,2,3,0,1,0,1,0,0,0,6.93690749200005,50.952076414
2022,8,8,4,3,5,3,0,1,1,0,0,7.60176963300006,51.9667129270001
2022,9,13,7,3,8,1,0,1,0,0,0,7.08099215000004,50.854841686
2022,9,23,4,3,0,7,2,1,0,0,0,6.93132840800007,50.9227592030001
2022,9,12,7,3,2,7,0,1,0,0,0,6.91755250400007,50.949653891
2022,8,9,3,3,3,6,0,1,1,0,0,6.93262142800006,50.936560968
2022,9,20,3,3,0,1,1,1,0,0,0,6.92154927600006,51.015996407
2022,9,12,3,3,5,2,0,1,1,0,0,7.61984309500002,51.9550140950001
2022,9,9,6,3,3,6,0,1,0,0,0,6.93555086400005,50.9070904060001
2022,8,16,1,3,4,6,0,1,0,0,0,6.94034396800004,50.9421603480001
2022,8,20,2,2,0,1,0,1,0,0,0,7.60237483600002,51.9624109900001
2022,8,16,1,3,4,6,0,1,0,0,0,6.96263321600003,50.938254407
2022,8,18,4,3,4,4,0,1,0,1,0,7.63335317300005,51.9533873670001
2022,8,18,3,3,3,2,0,1,1,0,0,6.92994317500006,50.9251847850001
2022,9,13,3,3,3,7,0,1,0,0,0,6.92790941400006,50.945186409
2022,9,18,7,3,4,2,1,1,1,0,0,6.92862389900006,50.8555682140001
2022,9,12,4,3,0,3,0,1,0,0,0,7.67012785600002,51.951206836
2022,9,8,5,3,5,2,1,1,1,0,0,7.01833817700003,50.9335053940001
2022,8,21,3,3,5,2,1,1,1,0,0,6.98509935100003,50.920557511
2022,9,17,5,3,5,2,0,1,1,0,0,7.62635144400002,51.965259254
2022,9,16,3,3,0,7,0,1,0,0,0,7.01033646800005,50.938023281
2022,9,17,5,3,5,3,0,1,1,0,0,7.03324785800004,50.9386258980001
2022,8,7,3,2,5,3,0,1,1,0,0,7.65882414400005,51.985724702
2022,9,12,6,2,3,6,0,1,0,0,0,6.90497868900007,50.9369914420001
2022,9,9,5,3,5,3,0,1,1,0,0,7.05229302900005,50.9781102370001
2022,9,17,5,3,3,6,0,1,1,0,0,6.92889138200007,50.9448761260001
2022,8,13,3,3,5,3,0,1,0,0,0,6.94892455300004,50.9354586050001
2022,9,22,3,3,0,1,2,1,0,0,0,6.89306493400005,50.9248576850001
2022,8,16,4,3,5,3,0,1,1,0,0,7.08121261900004,50.916623029
2022,8,16,1,3,4,6,0,1,0,0,0,7.00155818100006,50.9623895340001
2022,8,22,4,3,4,7,2,1,0,0,0,7.59876309700007,51.9432594040001
2022,8,14,4,3,5,3,0,1,1,0,0,6.88032271800006,50.937815426
2022,9,7,5,3,0,3,0,1,1,0,0,7.62975092600004,51.944717063
2022,9,13,4,3,5,2,0,1,0,0,0,7.61184117800008,51.980168491
2022,9,21,5,3,0,1,2,1,0,0,0,6.91695412500007,50.9500407890001
2022,9,8,3,3,5,3,0,1,1,0,0,7.61144510400004,51.9853020470001