UJAHR,UMONAT,USTUNDE,UWOCHENTAG,UKATEGORIE,UART,UTYP1,ULICHTVERH,IstRad,IstPKW,IstFuss,IstKrad,XGCSWGS84,YGCSWGS84
2022,8,15,4,3,5,3,0,1,1,0,0,7.81201241200006,51.6810013800001
2022,8,10,1,3,1,5,0,1,1,0,0,7.10360648300002,50.859031257
2022,8,17,2,3,5,3,0,1,1,0,0,7.57346463600004,51.9731331890001
2022,9,16,3,3,1,5,0,1,1,0,0,7.00208963800003,50.937825785
2022,8,8,3,3,3,6,0,1,1,0,0,6.97766840700007,50.9350396400001
2022,9,20,3,3,5,3,2,1,1,0,0,6.92116904200003,51.0159695790001
2022,9,11,6,3,0,1,0,1,0,0,0,7.08386095700007,50.9426416650001
2022,8,14,3,3,0,1,0,1,0,0,0,7.74081540400005,51.6352939280001
2022,9,14,3,3,6,6,0,1,0,1,0,7.05734496400004,50.8935932680001
2022,9,20,6,3,5,3,1,1,1,0,0,7.64710606000006,51.9856207510001
2022,9,12,2,2,6,4,0,1,0,1,0,7.64174963900007,51.8979422240001
2022,9,18,6,3,5,2,1,1,1,0,0,7.63690529900003,51.9509249020001
2022,9,15,1,3,0,1,0,1,0,0,0,6.97890975700005,50.9397495360001
2022,9,7,5,2,3,7,0,1,0,0,0,7.61374893000004,51.967220915
2022,9,17,4,2,5,3,0,1,1,0,0,6.94582321100006,50.9357670270001
2022,9,1,7,3,0,1,2,1,0,0,0,6.92493789000002,50.9336134600001
2022,9,9,3,3,0,7,0,1,1,0,0,7.72526064100003,51.9159585560001
2022,9,7,4,3,5,7,0,1,1,0,0,6.92743294600007,50.9453498
2022,9,15,2,3,3,5,0,1,1,0,0,6.95364917200004,50.9648754470001
2022,9,5,1,3,5,3,2,1,0,0,0,6.95507934200003,51.0194544460001
2022,9,8,5,1,5,3,0,1,0,0,1,6.94967135100006,50.9554520080001
2022,9,15,6,3,2,6,0,1,1,0,0,6.93057572900005,50.918824284
2022,9,16,6,3,5,2,0,1,1,0,0,6.92087044700003,50.9140726910001
2022,9,16,5,3,5,3,0,1,1,0,0,6.94794911200006,50.9548106990001
2022,9,6,2,3,5,3,1,1,1,0,0,7.81588833700005,51.6922703770001
2022,9,14,5,3,4,2,0,1,1,0,0,7.07837481100006,50.8810978130001
2022,9,11,7,3,5,3,0,1,1,0,0,7.00561588200003,50.9644069
2022,9,15,3,3,0,1,0,1,0,0,0,6.91223339400005,50.9065431770001
2022,9,12,5,3,6,4,0,1,0,1,0,7.62334657800005,51.9457122170001
2022,9,17,5,2,0,3,1,1,1,0,0,6.92478254200006,50.9368679360001
2022,9,20,7,3,0,1,2,1,0,0,0,7.83068391100005,51.6846449660001
2022,9,18,3,3,4,6,0,1,0,0,0,6.94030247500007,50.884703094
2022,9,20,4,3,4,6,2,1,0,0,0,7.83052178300005,51.6662999280001
2022,9,12,4,3,0,1,0,1,0,0,0,7.08149995600007,50.9462036150001
2022,9,16,1,3,0,7,0,1,0,0,0,6.86483560700003,51.0678311670001
2022,9,20,6,3,5,2,2,1,1,0,0,7.09509608400003,50.8815650780001
2022,9,11,5,3,2,6,0,1,0,0,0,7.62338988400006,51.9459272920001
2022,9,13,6,3,3,2,0,1,1,0,0,6.92367639500003,50.912257561
2022,9,18,5,3,1,7,0,1,1,0,0,6.93280690500006,50.948597953
2022,9,8,6,3,5,3,0,1,1,0,0,6.99026359000004,50.891646257
2022,9,8,2,3,5,2,0,1,1,0,0,7.07049908900007,50.9095204120001
2022,9,16,2,3,2,2,0,1,1,0,0,6.83754675700004,50.967327374
2022,9,16,6,3,5,3,0,1,1,0,0,7.75849291500003,51.6466284190001
2022,9,7,3,3,5,3,0,1,1,0,0,7.06481145400005,50.972110129
2022,9,17,4,3,1,2,0,1,0,0,1,7.63760171300004,51.958751992
2022,9,17,5,3,3,7,0,1,1,0,0,6.95383687300006,50.9639440440001
2022,9,1,7,3,0,1,2,1,0,0,0,7.62635144400002,51.965259254
2022,9,18,1,3,0,1,0,1,0,0,0,6.99178101100006,50.915923696
2022,9,14,6,3,5,3,0,1,1,0,0,7.80993217600007,51.6817381000001
2022,9,11,6,2,0,3,0,1,1,0,0,7.07911026200003,50.9232973580001
2022,9,7,6,3,5,2,0,1,1,0,0,7.56771432800002,51.955746457
2022,9,17,5,3,0,7,0,1,0,0,0,6.94175172300004,50.928918228
2022,9,16,4,3,5,2,0,1,1,0,0,7.60656420400005,51.930498227
2022,9,23,3,3,0,1,2,1,0,0,0,6.92036797700007,50.9536956470001
2022,9,11,7,3,5,2,0,1,1,0,0,7.00149437800007,50.910470531
2022,9,18,5,3,3,2,0,1,1,0,0,7.63628490800005,51.9725111390001
2022,9,16,3,3,5,2,0,1,1,0,0,7.75923443900007,51.646938408
2022,9,23,1,3,5,3,2,1,0,0,0,6.95579216800007,50.9570351040001
2022,9,18,6,3,0,5,0,1,1,0,0,6.99920585700005,50.9376281560001
2022,9,18,7,3,0,7,0,1,1,0,0,7.78721706600004,51.666137776
2022,9,12,5,3,5,2,0,1,1,0,0,7.60793767500007,51.972432487
2022,9,16,3,3,8,1,0,1,0,0,0,6.91772861400005,50.9495400210001
2022,9,22,5,3,9,1,2,1,0,0,0,7.61708493700007,52.021431383
2022,9,18,4,3,0,4,0,1,0,1,0,6.95663157600006,50.922282119
2022,9,21,7,3,3,6,2,1,0,0,0,7.69850640600004,51.988698513
2022,9,13,6,2,5,3,0,1,0,0,0,7.00538996500006,50.9638326260001
2022,9,16,4,3,0,7,0,1,1,0,0,7.63748683400007,51.958798098
2022,9,13,6,3,5,2,0,1,1,0,0,6.92337491100005,50.93311249
2022,9,15,5,3,6,7,0,1,0,1,0,6.92202965500007,50.9367718870001
2022,9,14,4,2,0,1,0,1,0,0,0,6.83020931200002,50.9644455210001
2022,9,20,3,3,0,1,2,1,0,0,0,6.91287078200003,50.9445357370001
2022,9,16,6,3,6,3,0,1,0,1,0,7.80314346300003,51.673489762
2022,9,14,5,3,5,2,0,1,1,0,0,7.68938547300007,51.910170432
2022,9,13,2,2,5,3,0,1,1,0,0,7.84939687200006,51.6712897630001
2022,9,8,5,3,3,2,0,1,1,0,0,6.95115090600007,50.935402493
2022,9,15,6,3,3,6,0,1,1,0,0,6.95300955800008,50.935286617
2022,9,12,2,3,0,2,0,1,1,0,0,7.00195016000004,50.9378048460001
2022,9,17,1,3,0,1,0,1,0,0,0,6.94490541600004,50.9359552600001
2022,9,7,2,3,5,3,0,1,1,0,0,7.82558759900007,51.6818216010001
2022,9,14,4,3,0,6,0,1,0,0,0,7.64292533500003,51.9564557030001
2022,9,15,1,3,0,1,0,1,0,0,0,6.91737140200007,50.936643862
2022,9,17,4,3,5,2,0,1,1,0,0,7.60285625200004,51.955295656
2022,9,12,1,3,0,1,0,1,0,0,0,6.87586775500006,50.9241613450001
2022,9,10,5,3,0,1,0,1,0,0,0,7.06555258300006,50.882806531
2022,9,11,4,3,5,6,0,1,0,0,0,7.61167302700005,51.991291597
2022,9,7,2,3,3,6,1,1,0,0,0,7.75840055400005,51.6430948990001
2022,9,13,7,3,7,1,0,1,0,0,0,7.10050668000002,50.9005128750001
2022,9,7,4,2,5,2,1,1,1,0,0,7.87001075500007,51.696003181
2022,9,15,5,3,1,5,0,1,1,0,0,6.93626816100004,50.923867091
2022,9,15,5,3,0,2,0,1,1,0,0,7.04945207000003,50.9428476360001
2022,9,8,4,3,5,2,0,1,1,0,0,7.07647383800003,50.9451192010001
2022,9,14,5,3,0,6,0,1,0,0,0,7.66281663600006,51.98754991
2022,9,14,3,3,5,3,0,1,1,0,0,7.60658494200004,51.973534698
2022,9,18,5,2,4,6,0,1,0,0,0,7.64821787800003,51.8826193040001
2022,9,19,3,3,5,3,1,1,1,0,0,6.90831921900002,50.937123914
2022,9,15,5,3,0,3,0,1,1,0,0,7.85806998300006,51.690694352
2022,9,13,7,3,0,4,0,1,0,1,0,7.63557275000005,51.9595313410001
2022,9,12,3,3,0,3,0,1,0,0,0,7.59788132100005,51.978593667
2022,9,18,6,3,5,3,0,1,1,0,0,6.88382119300007,50.937861662
2022,9,19,5,3,4,6,2,1,0,0,0,6.94347763200005,50.935799188
2022,9,14,5,3,5,2,0,1,1,0,0,7.67785211500006,51.919044881
2022,9,10,1,3,7,1,0,1,0,0,0,6.90882254700006,50.927771126
2022,10,16,4,3,6,4,0,1,0,1,0,7.64256687100004,51.961846447
2022,10,14,4,3,0,6,0,1,0,0,0,7.00155818100006,50.9623895340001
2022,10,13,7,3,0,1,0,1,1,0,0,7.02065660800002,50.9402703870001
2022,10,14,3,3,0,1,0,1,0,0,0,7.64702386700003,51.96374395
2022,10,14,4,2,5,3,0,1,1,0,0,7.60161011800005,51.9950806140001
2022,10,13,5,3,5,3,0,1,1,0,0,6.96280637900003,50.9036602040001
2022,10,16,2,3,4,2,0,1,0,0,1,6.88702754100007,50.9102542410001
2022,10,15,5,3,4,6,0,1,0,0,0,6.96322070900004,50.934986166
2022,10,12,4,3,0,2,0,1,0,0,0,7.09790181700004,50.8588115590001
2022,10,9,5,3,5,3,1,1,1,0,0,7.65882385700007,51.985723566
2022,10,8,6,3,4,6,0,1,0,0,0,6.98155562100004,50.9373511430001
2022,10,16,5,3,5,2,0,1,1,0,0,6.89483966700004,50.92519316
2022,10,17,1,3,6,7,0,1,0,1,0,6.91309048100004,50.929480835
2022,10,17,4,3,5,2,0,1,1,0,0,6.90882254700006,50.927771126
2022,10,16,2,3,5,3,0,1,1,0,0,7.64713568200006,51.985708377
2022,10,12,5,3,0,1,0,1,0,0,0,6.90888438900004,50.936902274
2022,10,9,4,3,0,6,0,1,0,0,0,7.61778767300007,51.960739683
2022,10,22,4,3,4,2,2,1,1,0,0,6.92851696400004,50.9450522930001
2022,10,14,5,3,5,3,0,1,1,0,0,7.59472617700004,51.98857172
2022,10,3,7,3,0,1,2,1,0,0,0,6.94099570500003,50.953777351
2022,10,16,6,3,0,7,0,1,1,0,0,7.64741357200006,51.9552136840001
2022,10,18,6,3,5,3,0,1,1,0,0,6.88569194700005,51.0300396640001
2022,10,11,7,3,3,6,0,1,0,0,0,6.97825501000005,50.90614766
2022,10,12,5,3,4,6,0,1,0,0,0,6.91759645900004,50.9312035680001
2022,10,13,4,3,1,5,0,1,0,0,0,7.80821131600004,51.664548418
2022,10,16,5,3,0,1,0,1,0,0,0,6.96263384400004,50.93825128
2022,10,13,4,3,3,6,0,1,0,0,0,7.61645532000006,51.9667113740001
2022,10,20,5,3,0,1,2,1,0,0,0,7.63729440600002,51.955632646
2022,10,14,3,3,3,2,0,1,1,0,0,7.65139202400007,51.954894961
2022,10,16,5,3,0,1,0,1,0,0,0,6.96319304900004,50.935783762
2022,10,19,7,3,9,1,0,1,0,0,0,6.95657585800006,50.9506151210001
2022,10,13,1,3,0,1,0,1,0,0,0,6.88213758300003,50.937787717
2022,10,15,4,2,0,1,0,1,0,0,0,7.66839934400002,51.99671005
2022,10,7,5,3,4,6,0,1,0,0,0,6.96275258300005,50.9298179840001
2022,10,17,2,3,5,3,0,1,1,0,0,6.87963773600006,50.9999257740001
2022,10,20,4,2,6,6,2,1,0,1,0,6.99955896900002,50.9375837060001
2022,10,17,5,2,5,2,0,1,1,0,0,6.92408682700005,50.9365569500001
2022,10,17,1,3,0,2,0,1,1,0,0,6.84880678300004,50.918740647
2022,10,16,6,3,5,2,0,1,1,0,0,7.62774264600006,51.9116808730001
2022,10,14,4,3,5,3,0,1,0,0,0,6.86764934500007,50.937792931
2022,10,16,6,3,6,6,0,1,0,1,0,7.63447138900005,51.953017576
2022,10,16,4,3,5,3,0,1,1,0,0,7.62549605400005,51.9423503460001
2022,10,19,3,3,2,6,1,1,1,0,0,7.81743959300007,51.680396424
2022,10,23,5,3,0,1,2,1,0,0,0,7.64467529000007,51.9542511670001
2022,10,14,7,3,0,6,0,1,0,0,0,7.63514108900006,51.9620258790001
2022,10,7,4,3,5,2,1,1,1,0,0,7.53569395000005,51.9544863930001
2022,10,9,3,3,0,1,0,1,0,0,0,7.62244345800002,51.9746905050001
2022,10,8,3,3,4,6,0,1,0,0,0,6.97482387400004,50.9286319240001
2022,10,13,2,3,4,2,0,1,1,0,0,7.64750130100003,51.959939219
2022,10,13,2,3,5,2,0,1,1,0,0,7.63287466100007,51.9732328590001
2022,10,16,6,3,0,1,0,1,0,0,0,6.90882254700006,50.927771126
2022,10,7,3,3,0,7,1,1,0,0,0,7.62355481000003,51.9747198090001
2022,10,10,3,3,5,3,0,1,1,0,0,7.07249974700005,50.964633577
2022,10,13,3,2,0,1,0,1,0,0,0,7.79159811900007,51.7276929330001
2022,10,1,6,3,0,1,2,1,0,0,0,7.61993755300006,51.9546853430001
2022,10,3,1,2,2,6,2,1,0,0,0,6.97763991600004,50.926075116
2022,10,12,4,2,0,6,0,1,0,0,0,6.92638276600007,50.9309373660001
2022,10,16,5,3,4,2,0,1,0,0,1,7.63410681500005,51.9664674950001
2022,10,11,2,3,5,3,0,1,1,0,0,6.95085466900002,50.973529845
2022,10,15,4,2,2,5,0,1,1,0,0,6.91957094200006,50.94864439
2022,10,12,5,3,3,2,0,1,0,0,0,7.04829355700002,50.869741456
2022,10,14,3,3,5,3,0,1,1,0,0,7.60678440300006,51.966465821
2022,10,15,4,2,0,5,0,1,1,0,0,6.91227679300005,50.929155725
2022,10,9,1,3,0,1,0,1,0,0,0,6.91113306100004,50.9058690260001
2022,10,11,4,3,5,3,0,1,1,0,0,6.92349990800005,50.956757828
2022,10,18,4,3,5,2,0,1,1,0,0,7.63760902200005,51.9947987740001
2022,10,18,6,3,3,6,1,1,0,0,0,6.93693992500005,50.941489978
2022,10,11,4,3,5,3,0,1,1,0,0,7.00561588200003,50.9644069
2022,10,7,3,3,0,1,1,1,0,0,0,7.67130981300005,51.924892275
2022,10,19,3,2,8,7,2,1,0,0,0,6.95114426800006,50.972859047
2022,10,10,2,3,5,2,0,1,1,0,0,7.62364248500006,51.9428619330001
2022,10,8,4,3,5,3,0,1,1,0,0,6.91398606900003,50.929841432
2022,10,20,6,3,5,3,2,1,1,0,0,6.92478784900004,50.9367545520001
2022,10,13,6,3,0,1,0,1,0,0,0,7.63280533900007,51.973084709
2022,10,15,4,3,5,4,0,1,0,1,0,7.62082283200004,51.9403264380001
2022,10,12,7,3,0,7,0,1,0,0,0,7.64552355600006,51.9679537920001
2022,10,18,6,3,2,7,2,1,1,0,0,6.92367639500003,50.912257561
2022,10,12,1,2,5,3,0,1,1,0,0,6.85902073600005,50.975615201
2022,10,18,6,3,5,3,1,1,1,0,0,7.62881589800003,51.954806596
2022,10,17,6,2,3,1,0,1,0,0,0,7.81241910600005,51.6860899220001
2022,10,7,5,3,5,3,2,1,0,0,0,6.81991319900004,50.9386319990001
2022,10,9,6,1,5,2,0,1,0,0,0,6.94744358600008,50.984031728
2022,10,7,4,3,0,1,2,1,0,0,0,7.88273764000007,51.689993943
2022,10,1,7,3,4,6,2,1,0,0,0,6.96267121800003,50.9431216360001
2022,10,12,6,3,0,1,0,1,0,0,0,6.99864078800005,50.8847925740001
2022,10,14,5,3,5,6,0,1,0,0,0,7.58866714400006,51.963629299
2022,10,16,5,3,6,4,0,1,1,1,0,7.62389724100007,51.9476013060001
2022,10,10,6,3,3,2,0,1,1,0,0,7.64547166200003,51.945206259
2022,10,8,5,3,0,7,0,1,1,1,0,6.91034765300003,50.9542929250001
2022,10,12,3,3,0,6,0,1,0,0,0,6.93324220600005,50.9214303850001
2022,10,15,4,3,5,2,0,1,1,0,0,7.63280533900007,51.973084709
2022,10,14,4,3,3,6,0,1,0,0,0,7.62524202300006,51.9517208820001
2022,10,11,2,3,0,1,0,1,0,0,0,7.62994785300003,51.9448914810001
2022,10,16,4,3,0,7,0,1,0,1,0,6.93502359300004,50.842601943
2022,10,15,4,3,0,3,0,1,0,0,1,6.97879787800002,50.8934455020001
2022,10,21,3,3,4,2,2,1,1,0,0,7.83870751000006,51.6542421550001
2022,10,16,5,3,5,2,0,1,1,0,0,6.88220841600003,50.937505313
2022,10,9,6,3,4,2,0,1,1,0,0,6.93556495400003,50.9422454990001
2022,10,16,4,2,0,7,0,1,0,0,0,6.91113306100004,50.9058690260001
2022,10,16,4,3,1,3,0,1,0,0,0,7.66732431800006,51.905964495
2022,10,8,3,3,0,1,0,1,0,0,0,7.62014528600002,51.9746105190001
2022,10,10,4,3,0,1,0,1,0,0,0,6.98755704500007,50.8985180970001
2022,10,19,6,3,5,2,2,1,1,0,0,7.62434458200005,51.939388814
2022,10,10,3,3,3,6,0,1,0,0,0,6.93014614200007,50.92485602
2022,10,9,3,3,0,1,0,1,0,0,0,6.91538204300002,50.920354898
2022,10,11,4,3,6,4,0,1,1,1,0,6.93358682900003,50.935467724
2022,10,15,6,3,5,2,0,1,1,0,0,6.89838533900007,50.996018344
2022,10,19,4,3,4,7,2,1,1,0,0,6.90187192300004,50.9571131430001
2022,10,19,7,3,8,1,2,1,0,0,0,7.63696111800004,51.994893754
2022,11,17,1,3,5,2,2,1,1,0,0,6.93843660200002,50.935363862
2022,11,11,5,3,5,2,0,1,1,0,0,7.82697730600006,51.681740518
2022,11,23,3,3,0,1,2,1,0,0,0,7.62442523400006,51.9419826750001
2022,11,18,6,3,5,3,0,1,1,0,0,6.81323267600004,50.940327648
2022,11,15,4,3,1,5,0,1,1,0,0,6.92049434400008,50.9482489810001
2022,11,8,7,3,5,3,0,1,1,0,0,7.71978272400003,51.9305324200001
2022,11,14,3,3,0,7,0,1,1,0,0,6.94353059500003,50.9896205420001
2022,11,15,3,3,3,2,0,1,1,0,0,7.79835532800007,51.670727309
2022,11,12,6,3,5,3,0,1,1,0,0,7.67375417100004,51.9300181930001
2022,11,7,6,3,5,3,1,1,1,0,0,7.59911593200007,51.990751457
2022,11,8,2,3,5,3,0,1,1,0,0,7.87965210900006,51.690125277
2022,11,14,1,3,5,3,0,1,0,0,1,7.85253636900006,51.679779002
2022,11,10,6,3,0,1,0,1,0,0,0,6.93736356300008,50.925123608
2022,11,18,2,3,3,3,1,1,0,0,0,7.62424617200003,51.948694969
2022,10,19,1,3,4,6,2,1,0,0,0,7.62628616900002,51.909608227
2022,11,15,4,3,0,5,0,1,1,0,0,6.94175172300004,50.928918228
2022,11,13,6,3,5,3,0,1,1,0,0,7.62774264600006,51.9116808730001
2022,11,13,5,3,0,3,0,1,1,0,0,6.92988310400006,50.925738107
2022,11,10,2,2,0,1,0,1,0,0,0,7.57091280800006,51.916965444
2022,11,8,4,3,0,3,0,1,1,0,0,6.90244222400003,50.9775187110001
2022,11,8,7,3,6,6,0,1,0,1,0,7.05173770300007,50.9829646430001
2022,10,11,2,2,5,3,0,1,1,0,0,6.96907645700003,50.955859839
2022,11,17,4,2,0,1,2,1,0,0,0,7.60171874500003,51.9949190250001
2022,11,0,1,3,7,1,2,1,0,0,0,6.98114738800007,50.9599247460001
2022,11,18,5,3,4,6,2,1,1,0,0,6.92493789000002,50.9336134600001
2022,11,15,5,3,4,2,0,1,1,0,0,7.60925506600006,51.87887026
2022,11,8,6,3,0,1,0,1,0,0,0,6.89041755400007,50.92467867
2022,11,19,5,3,4,2,2,1,1,0,0,7.09022741300004,50.858100354
2022,10,18,2,3,0,3,2,1,0,0,0,6.94418213600005,50.9359394270001
2022,11,10,5,3,5,2,0,1,1,0,0,6.90936941400003,50.9280041870001
2022,11,14,2,3,3,2,0,1,0,0,0,6.96061494900005,50.928480805
2022,10,17,1,2,3,2,2,1,1,0,0,7.84668038600006,51.6897004940001
2022,11,16,4,3,0,6,2,1,0,0,0,7.65860427600006,51.933804535
2022,11,9,5,2,5,2,0,1,1,0,0,7.00061944700008,50.882439806
2022,11,18,4,3,3,3,2,1,0,0,0,7.63266158900007,51.953738935
2022,11,21,4,3,3,6,2,1,0,0,0,6.86596450500002,50.9379757610001
2022,11,7,3,3,5,2,0,1,1,0,0,7.83834567400004,51.655696022
2022,11,16,2,3,0,7,0,1,1,0,0,6.94013646200005,50.941331716
2022,11,15,4,3,5,3,0,1,1,0,0,7.62232118300005,51.8939436920001
2022,11,9,6,3,6,4,0,1,0,1,0,6.93704756500006,50.9249758820001
2022,11,19,5,3,2,7,2,1,0,0,0,7.60171874500003,51.9949190250001
2022,11,7,4,3,0,6,0,1,1,0,0,6.93677854200007,50.9316833240001
2022,11,12,2,3,0,2,0,1,0,0,0,7.58865559700007,51.965413486
2022,11,13,4,3,3,6,0,1,0,0,0,6.98191515000002,50.9430425250001
2022,11,16,2,3,5,3,0,1,1,0,0,6.91446671100005,50.936732755
2022,11,14,5,3,5,3,0,1,1,0,0,7.60936964100006,51.940738536
2022,11,6,4,3,5,3,0,1,1,0,0,7.01475015400007,50.9338659060001
2022,10,16,2,3,6,6,0,1,0,1,0,7.71298218000004,51.9109911740001
2022,11,9,4,2,0,1,0,1,0,0,0,6.92496737000005,50.9335603000001
2022,11,22,4,3,0,1,2,1,0,0,0,6.93808542600004,50.9522794200001
2022,11,9,1,2,0,1,0,1,0,0,0,7.63423024500003,51.965605193
2022,11,9,6,3,6,4,0,1,0,1,0,6.94434024200007,50.935802413
2022,11,13,4,3,5,3,0,1,1,0,0,7.62703531500006,51.955804205
2022,11,16,7,3,3,2,1,1,1,0,0,7.08123777200007,50.915804914
2022,10,11,2,3,5,3,0,1,1,0,0,6.95753986200003,50.8757797540001
2022,11,18,4,3,0,2,2,1,1,0,0,7.62417008800003,51.948462772
2022,11,9,6,3,5,3,0,1,1,0,0,7.58815217300003,51.9703772140001
2022,11,8,5,3,5,3,0,1,1,0,0,6.96264376600004,50.9429656710001
2022,11,13,7,3,0,1,0,1,0,0,0,7.61511688500002,51.9672938850001
2022,11,8,4,3,0,1,0,1,0,0,0,7.61761155100004,51.961878196
2022,11,14,3,3,0,7,0,1,0,0,0,6.89852953700006,51.043371768
2022,11,7,3,3,0,1,0,1,0,0,0,7.68680764800007,51.9927672600001
2022,11,6,5,3,0,1,2,1,0,0,0,6.95676780900004,50.903829446
2022,11,23,6,3,0,7,2,1,0,0,0,7.72697880300007,51.914557841
2022,11,15,6,3,5,3,0,1,1,0,0,7.80823229800006,51.664590548
2022,11,19,3,3,5,3,2,1,1,0,0,6.94069181200007,50.936191448
2022,11,6,5,3,0,3,2,1,1,0,0,7.61256553000004,51.969877196
2022,11,15,6,3,2,6,0,1,1,0,0,7.07883046200004,50.895585485
2022,11,18,5,3,5,3,2,1,1,0,0,6.92408682700005,50.9365569500001
2022,11,8,7,3,5,2,0,1,1,0,0,6.90306321500003,50.9567117180001
2022,11,8,5,3,0,5,0,1,0,0,0,7.05984943900006,50.883322552
2022,11,18,5,3,3,5,2,1,1,0,0,7.08470928900005,50.8812798380001
2022,11,21,2,3,5,3,2,1,1,0,0,6.90186610600006,50.957115107
2022,11,15,4,3,3,2,0,1,0,0,0,6.93048595900007,50.9466932830001
2022,11,8,6,3,2,6,0,1,0,0,0,7.63628770100007,51.961910663
2022,11,12,4,3,5,3,0,1,1,0,0,6.93388162300005,50.9645111740001
2022,11,7,4,3,3,3,0,1,0,0,0,7.63498297300004,51.959748045
2022,11,17,4,3,5,2,2,1,1,0,0,7.63690529900003,51.9509249020001
2022,11,8,5,3,5,3,0,1,1,0,0,7.08972177100003,50.922184079
2022,11,9,7,3,0,1,0,1,0,0,0,6.98213037100004,50.9629025080001
2022,11,16,3,3,0,7,0,1,0,0,0,6.95088411400008,50.948623765
2022,11,7,4,3,5,2,2,1,1,0,0,7.66269457400006,51.9323585870001
2022,11,16,1,3,1,6,0,1,0,0,0,7.62326958400007,51.9747134940001
2022,11,13,2,3,3,2,0,1,1,0,0,7.61184886500007,51.9823059660001
2022,11,10,5,2,0,2,0,1,1,0,0,7.64537911500003,51.9677321770001
2022,11,14,2,3,4,2,1,1,1,0,0,7.60806587500002,51.974010057
2022,11,20,3,3,3,6,2,1,1,0,0,6.98330718200003,50.93733597
2022,11,22,4,3,5,5,2,1,0,0,0,6.91285666500005,50.944994593
2022,11,7,2,3,5,2,0,1,1,0,0,6.97536065000003,50.9398534630001
2022,11,8,2,3,0,2,0,1,1,0,0,7.63005153400007,51.9736840480001
2022,11,12,2,3,0,1,0,1,0,0,0,7.02577706300002,50.9402388880001
2022,11,9,4,3,5,3,0,1,1,0,0,6.90068503200007,50.957527971
2022,12,7,5,3,5,3,1,1,1,0,0,6.91932535400002,50.948750773
2022,11,12,4,3,5,3,0,1,1,0,0,7.80938415900005,51.6904548310001
2022,11,7,2,3,0,6,2,1,0,0,0,7.57938053800007,51.960290076
2022,11,8,6,3,5,3,1,1,1,0,0,7.62434458200005,51.939388814
2022,11,10,3,3,3,2,0,1,1,0,0,6.94176181000006,50.929371609
2022,11,14,3,3,5,2,0,1,1,0,0,7.00521035800006,50.9383152510001
2022,11,21,2,3,6,7,2,1,0,1,0,6.91118012300007,50.9537770690001
2022,11,17,7,2,0,1,2,1,0,0,0,7.62799826500003,51.9650091730001
2022,11,7,2,3,5,2,2,1,1,0,0,7.60656420400005,51.930498227
2022,11,11,3,3,6,7,0,1,0,1,0,6.85534117800006,50.937880684
2022,12,5,6,3,5,3,2,1,1,0,0,7.75168534300008,51.640825287
2022,11,7,6,3,5,2,1,1,1,0,0,7.64498623300005,51.9545401410001
2022,11,17,6,3,0,1,2,1,0,0,0,6.90631978000005,51.031573216
2022,11,4,7,3,0,1,2,1,0,0,0,6.92542678700005,50.9396892230001
2022,12,14,5,3,5,2,0,1,1,0,0,7.63815077300006,51.902467846
2022,11,16,3,3,5,2,0,1,0,0,0,7.61761155100004,51.961878196
2022,11,19,4,3,3,2,2,1,0,0,1,6.94512963500006,50.9463038590001
2022,11,19,3,3,3,2,2,1,1,0,0,6.93872260300003,50.940740481
2022,11,12,6,3,5,3,0,1,1,0,0,7.60175985300003,51.9666599070001
2022,11,10,2,2,5,2,0,1,1,0,0,7.61204067500006,51.9439560660001
2022,11,3,7,3,0,1,2,1,0,0,0,6.94023523500005,50.932548739
2022,11,4,1,3,0,1,2,1,0,0,0,7.02006101600006,50.9402504010001
2022,11,12,3,3,5,5,0,1,1,0,0,6.95368989400004,50.9646672010001
2022,11,6,4,3,5,3,2,1,1,0,0,7.65882792200006,51.985739632
2022,11,17,2,3,5,3,2,1,1,0,0,6.97648638800007,50.906485134
2022,11,9,4,3,0,7,0,1,0,1,0,6.93015951300004,50.9553094670001
2022,11,19,4,3,5,2,2,1,1,0,0,7.61155749200003,51.9837031970001
2022,11,20,4,3,0,5,2,1,1,0,0,7.04878730400003,50.9989302920001
2022,11,15,5,3,0,2,0,1,1,0,0,7.63734090400004,51.903474579
2022,11,17,3,3,0,3,2,1,1,0,0,7.60925506600006,51.87887026
2022,11,16,7,3,5,3,1,1,1,0,0,6.94120340500007,50.943911841
2022,11,17,3,3,0,1,2,1,0,0,0,7.62480613300005,51.937651873
2022,11,11,4,3,0,7,0,1,0,0,0,6.93677854200007,50.9316833240001
2022,11,11,4,3,0,7,0,1,1,0,0,7.62585036800004,51.9536093670001
2022,11,17,2,3,9,1,2,1,0,0,0,7.63262828900002,51.958505491
2022,12,11,6,3,1,5,0,1,1,0,0,7.07668498500004,50.9451423250001
2022,12,16,2,3,0,1,2,1,0,0,0,7.01738548300006,50.9639103260001
2022,12,7,4,3,5,3,1,1,1,0,0,6.97795863100004,50.9371004480001
2022,12,6,2,3,0,1,2,1,0,0,0,7.59233449800007,51.965188632
2022,12,7,4,3,0,2,2,1,1,0,0,7.62649799600007,51.9095095660001
2022,12,8,2,3,5,3,1,1,1,0,0,7.60275111000004,51.9356379530001
2022,12,17,3,3,5,2,2,1,1,0,0,7.06536803600005,50.9713783390001
2022,12,9,6,3,0,5,0,1,1,0,0,6.93693728300002,50.941491403
2022,12,17,4,3,5,3,2,1,1,0,0,6.93278517400006,50.920823625
2022,12,6,4,3,5,3,0,1,1,0,0,6.93280690500006,50.948597953
2022,12,7,4,3,5,2,2,1,1,0,0,7.62977344200004,51.9836050500001
2022,12,3,7,3,5,3,2,1,1,0,0,7.63001948100003,51.964118225
2022,12,7,4,2,0,7,2,1,0,0,0,7.65586840300006,51.9061830840001
2022,12,6,2,3,4,2,2,1,1,0,0,7.64620592200004,51.982987816
2022,12,14,4,3,2,6,0,1,1,0,0,7.62685608200007,51.9555649420001