UJAHR,UMONAT,USTUNDE,UWOCHENTAG,UKATEGORIE,UART,UTYP1,ULICHTVERH,IstRad,IstPKW,IstFuss,IstKrad,XGCSWGS84,YGCSWGS84
2022,12,19,4,3,3,2,2,1,1,0,0,6.91947366400007,50.9486863640001
2022,12,14,3,3,5,3,0,1,1,0,0,7.73232134900007,51.638448069
2022,12,9,5,3,5,3,0,1,1,0,0,7.82109203300007,51.677947917
2022,12,10,1,3,8,3,0,1,1,0,0,7.63416023600007,51.9596695650001
2022,12,16,7,3,0,3,1,1,1,0,0,7.01091830900003,50.9700836150001
2022,12,7,4,3,5,2,1,1,1,0,0,7.81723779300006,51.6721116860001
2022,12,10,4,3,3,2,0,1,1,0,0,7.79841615400005,51.670754554
2022,12,13,4,3,5,3,0,1,1,0,0,7.63659829100004,51.9015683810001
2022,12,8,6,3,0,1,0,1,0,0,0,6.97888897900003,50.939730749
2022,12,20,3,3,0,3,2,1,1,0,0,7.59664409200008,51.969904786
2022,12,16,3,3,0,2,1,1,1,0,0,6.82914294200003,50.959666343
2022,12,8,5,3,0,3,0,1,0,0,0,6.94540411500003,50.935795591
2022,12,18,6,3,5,2,2,1,1,0,0,7.79582214400006,51.66946262
2022,12,13,6,3,0,2,0,1,1,0,0,7.03005772400007,50.940260725
2022,12,18,4,3,1,5,2,1,1,0,0,7.08266638000003,50.8803670980001
2022,12,14,6,3,6,4,0,1,0,1,0,7.64156950300003,51.9532271910001
2022,12,7,6,3,5,3,0,1,1,0,0,6.98973525200006,50.8950756150001
2022,12,12,4,3,5,2,0,1,1,0,0,6.91589728400004,50.950725966
2022,12,11,6,3,5,2,0,1,1,0,0,7.63312756300007,51.9081772810001
2022,12,22,5,3,0,1,2,1,0,0,0,7.60079310300006,51.944732984
2022,12,18,3,3,5,3,2,1,1,0,0,7.61488856800003,52.007481216
2022,12,7,3,3,0,6,2,1,0,0,0,6.96300402100007,50.9276834940001
2022,12,13,4,3,0,1,0,1,0,0,0,6.94083426600002,50.93119763
2022,12,8,3,3,0,2,1,1,1,0,0,7.60656420400005,51.930498227
2022,12,23,7,3,4,7,2,1,0,0,0,7.63658982100003,51.9528937360001
2022,12,8,2,3,5,2,0,1,1,0,0,6.90377374200006,50.9371968030001
2022,12,19,6,3,5,3,2,1,1,0,0,6.94287132500006,50.9357857630001
2022,12,11,1,3,1,5,0,1,1,0,0,6.93024368100004,50.918509068
2022,12,7,2,3,4,2,2,1,1,0,0,7.60286786200004,51.955438347
2022,12,19,6,3,1,5,2,1,1,0,0,6.94034273900007,50.942155815
2022,12,20,7,3,8,1,2,1,0,0,0,7.82006203300006,51.6791363680001
2022,12,8,5,3,3,2,1,1,1,0,0,7.66572203500004,51.930253812
2022,12,10,6,3,1,2,0,1,1,0,0,6.98191515000002,50.9430425250001
2022,12,16,3,3,5,3,1,1,1,0,0,6.93280690500006,50.948597953
2022,12,15,5,3,5,2,0,1,1,0,0,7.81713438100007,51.6782241600001
2022,12,7,2,3,5,3,2,1,1,0,0,7.60785374200003,51.948839342
2022,12,15,5,3,2,6,0,1,1,0,0,7.65818377100004,51.975456041
2022,12,7,2,3,5,3,1,1,1,0,0,7.66211791600006,51.9948997430001
2022,12,20,3,3,5,3,2,1,1,0,0,7.62732696700004,51.898897032
2022,12,1,1,3,7,1,2,1,0,0,0,7.00364218700003,50.9470506540001
2022,12,23,1,3,0,1,2,1,0,0,0,7.05443960500003,50.8796082310001
2022,12,15,7,3,1,5,0,1,1,0,0,6.91772861400005,50.9495400210001
2022,12,8,2,3,0,1,0,1,0,0,0,6.92440306400005,50.9367567040001
2022,12,22,4,2,7,1,2,1,0,0,0,7.57399756500007,51.9922139380001
2022,12,13,2,3,0,2,0,1,1,0,0,7.01385008000005,50.9531250730001
2022,12,18,6,2,9,1,2,1,0,0,0,7.90125265900002,51.6441233130001
2022,12,17,6,3,5,3,2,1,1,0,0,7.82140790300002,51.6765058440001
2022,8,15,6,2,0,1,0,1,0,0,0,7.01473643300005,50.975310979
2022,10,17,4,3,3,5,0,1,1,0,0,6.94036393300007,50.9422339980001
2022,12,13,3,2,0,1,0,1,0,0,0,6.90004382100005,50.9577590900001
2022,12,6,6,3,0,2,2,1,0,0,0,6.99287254600006,50.948385639
2022,4,10,5,3,5,2,0,1,1,0,0,6.92761024800006,50.928988641
2022,12,7,4,3,5,2,2,1,1,0,0,7.56042810800005,51.9988586590001
2022,12,19,6,2,0,1,2,1,0,0,0,6.98397910500006,50.9010312450001
2022,12,13,4,3,6,4,0,1,0,1,0,6.99848071200006,50.93756311
2022,12,6,5,3,0,7,2,1,0,0,0,7.61782372200003,51.9631505230001
2022,12,18,5,3,3,5,2,1,1,0,0,6.92194291900006,50.9476447270001
2022,12,17,5,3,6,4,2,1,0,1,0,7.65232408600002,51.95484881
2022,12,22,3,2,5,2,2,1,1,0,0,7.62637397900005,51.9096884580001
2022,12,7,7,3,4,6,2,1,0,0,0,7.63132346600003,51.948297343
2022,12,0,6,3,0,1,2,1,0,0,0,6.91685621200003,50.9366593600001
2022,12,17,7,2,3,6,0,1,0,0,0,6.98183961700005,50.8512951010001
2022,12,8,5,3,5,2,1,1,1,0,0,7.07912717300007,50.9816409100001
2022,12,11,6,3,0,2,0,1,1,0,0,7.65260102600007,51.9655918240001
2022,12,6,5,3,5,2,2,1,1,0,0,7.61204067500006,51.9439560660001
2022,12,13,3,3,5,3,0,1,1,0,0,7.67004816100007,51.9512322640001
2022,12,15,3,3,5,2,0,1,1,0,0,6.90036254500006,50.9372772200001
2022,12,12,6,3,0,1,0,1,0,0,0,6.96940411000003,50.931034271
2022,12,15,5,3,0,1,0,1,0,0,0,6.92405165300005,50.9467620120001
2022,1,14,7,3,0,5,0,1,1,0,0,7.04152252500006,50.932439829
2022,1,8,7,2,0,1,0,1,0,0,0,6.90074745800007,50.9344771030001
2022,1,8,2,2,0,7,0,1,0,0,0,6.92726981000004,51.0147582110001
2022,1,13,3,2,0,7,0,1,1,0,0,7.82025646600005,51.7193491090001
2022,1,9,7,3,0,1,0,1,0,0,0,6.84958492200008,50.947883319
2022,1,5,2,3,0,1,2,1,0,0,0,6.90392642600006,51.0236343660001
2022,1,19,4,3,2,2,2,1,1,0,0,6.96037284200003,50.9106947720001
2022,1,17,1,3,1,5,2,1,1,0,0,7.64626628200006,51.95717878
2022,1,9,7,3,0,1,0,1,0,0,0,7.02002460500006,50.900184068
2022,1,10,6,3,0,1,0,1,0,0,0,6.94114834100003,50.911719668
2022,1,17,4,2,0,4,2,1,0,1,0,6.95610114400006,50.955048778
2022,1,10,3,3,5,3,0,1,1,0,0,7.63151104500002,51.956881599
2022,1,9,5,3,0,1,0,1,0,0,0,7.70083583500002,51.924778809
2022,1,17,1,3,5,2,2,1,1,0,0,7.09759042900004,50.878365553
2022,1,16,2,2,3,6,0,1,0,0,1,6.86722877500006,51.0624033330001
2022,1,9,7,3,0,1,0,1,0,0,0,6.84958493000005,50.9478833200001
2022,1,9,2,3,0,1,0,1,0,0,0,6.94564872700005,50.959404455
2022,1,11,5,2,0,4,0,1,0,1,0,7.67513964800003,51.9549649480001
2022,1,8,2,3,5,3,1,1,1,0,0,7.00416144900004,50.9672716810001
2022,1,7,4,3,0,3,2,1,1,0,0,6.90083714300005,50.934456993
2022,1,21,5,3,1,7,2,1,1,0,0,6.95249393600005,50.9506123350001
2022,1,7,7,2,0,7,1,1,0,0,0,6.83325050900004,50.9670234220001
2022,1,14,2,3,5,3,0,1,1,0,0,7.56383465200003,51.9670507860001
2022,1,17,3,3,6,7,2,1,0,1,0,6.92790592700004,50.950628748
2022,1,6,2,3,0,1,2,1,0,0,0,6.96011757300005,50.9964232310001
2022,1,18,3,3,1,7,2,1,1,0,0,6.93846094000003,50.9298209990001
2022,1,21,7,3,3,6,2,1,1,0,0,6.95925178600004,50.9222403220001
2022,1,14,5,2,0,6,0,1,1,0,0,6.94844332800005,50.9423703590001
2022,1,11,6,2,4,6,0,1,1,0,0,7.01166231500002,50.941671408
2022,1,20,3,3,0,1,2,1,0,0,0,6.92084335200008,50.953546831
2022,1,8,5,3,0,1,0,1,0,0,0,7.60402302600005,51.964622051
2022,1,11,5,3,5,2,0,1,1,0,0,7.00591850500007,50.9597202190001
2022,1,7,2,3,5,2,1,1,1,0,0,6.95912335300005,50.947309499
2022,1,15,4,3,0,1,1,1,0,0,0,6.92167264600005,50.9222443780001
2022,2,7,4,3,1,5,1,1,1,0,0,6.93338697700005,50.952325177
2022,1,17,5,3,5,2,1,1,1,0,0,6.99692868200003,50.9611724660001
2022,1,7,2,2,0,3,1,1,1,0,0,7.01859744400002,50.8748340400001
2022,2,23,2,3,0,1,2,1,1,0,0,6.93169534300006,50.9552629130001
2022,1,11,3,3,5,3,0,1,0,0,0,6.91826839900006,50.982974906
2022,1,19,4,3,7,1,2,1,0,0,0,6.92276819400007,50.952843977
2022,1,7,2,3,3,7,1,1,1,0,0,6.95060808500006,50.949315922
2022,1,16,5,2,0,7,0,1,0,0,0,7.01193054400005,50.8814586350001
2022,1,10,3,3,6,4,0,1,0,1,0,6.95834381400005,50.9255308240001
2022,2,12,5,3,1,1,0,1,1,0,0,6.94087739000003,50.9120789730001
2022,1,21,7,3,0,2,2,1,1,0,0,6.97786742500006,50.970240586
2022,2,6,3,3,5,3,2,1,1,0,0,7.60655177600006,51.961150225
2022,2,12,4,2,0,7,0,1,0,1,0,6.90902062500004,51.011838347
2022,2,15,7,3,3,6,0,1,0,0,0,7.64855506200007,51.9529522460001
2022,1,13,3,3,6,7,0,1,0,1,0,6.96439500200006,50.9741293220001
2022,1,12,4,3,1,5,0,1,1,0,0,7.62803194600002,51.9684890940001
2022,2,8,4,3,0,4,0,1,0,1,0,6.91319131500006,50.9537906800001
2022,1,20,3,3,8,6,2,1,1,0,0,7.01594748800005,50.9275000640001
2022,1,16,5,3,3,2,0,1,0,0,0,6.89672513600004,50.9795710540001
2022,1,10,7,3,0,1,0,1,0,0,0,7.61752589000002,51.9443858760001
2022,1,19,6,3,3,3,2,1,1,0,0,7.06148845100006,50.885133372
2022,2,8,7,3,2,2,0,1,0,0,0,7.61575091800006,51.9666531240001
2022,2,16,4,3,0,3,0,1,0,0,0,6.99124096700007,50.9093496840001
2022,2,17,4,3,4,6,1,1,0,0,0,6.96644712600005,50.9147675680001
2022,1,20,7,3,1,5,2,1,1,0,0,6.95821876800005,50.9207729140001
2022,1,20,6,3,1,5,2,1,0,0,0,6.93272277100004,50.9369565430001
2022,1,21,5,3,0,3,2,1,1,0,0,7.00713297300007,50.9413283530001
2022,1,8,2,3,2,6,1,1,1,0,0,6.89678468600005,50.9344875780001
2022,2,19,3,3,4,2,2,1,0,0,0,6.96249350600004,50.9108902390001
2022,1,10,2,3,0,1,0,1,0,0,0,6.91914911500004,50.9213384720001
2022,2,19,4,3,0,3,2,1,1,0,0,6.91747111600006,50.9559010560001
2022,1,7,6,3,5,2,1,1,1,0,0,7.59843461900005,51.936684486
2022,1,19,2,3,5,2,2,1,1,0,0,7.65972549900005,51.9676676650001
2022,2,17,4,3,3,2,1,1,0,0,0,6.94537856100004,50.9046549240001
2022,1,12,6,3,5,3,0,1,1,0,0,7.62981489700007,51.9723200290001
2022,1,17,3,3,1,5,2,1,1,0,0,7.01451837700006,50.954424949
2022,1,0,7,3,0,1,2,1,0,0,0,7.81514921900003,51.6800129200001
2022,1,14,2,3,5,3,0,1,1,0,0,6.90908705800007,50.9575837780001
2022,1,7,6,3,0,7,2,1,0,0,0,7.63447172800005,51.94612183
2022,1,11,2,3,5,2,0,1,1,0,0,7.62401462900004,51.968944693
2022,1,12,5,3,5,3,0,1,1,0,0,6.97242316000006,50.9615787550001
2022,1,17,4,2,7,1,2,1,0,0,0,7.61047566100007,51.9618477020001
2022,2,14,4,3,0,1,0,1,0,0,0,6.95575383000005,50.9413661180001
2022,2,7,3,2,0,7,1,1,0,0,0,6.94974368500004,50.955895701
2022,1,15,6,3,6,4,0,1,0,0,0,6.90475485300004,50.958368023
2022,1,18,5,3,5,3,2,1,0,0,1,7.62035446000004,51.960832898
2022,2,11,2,3,1,5,0,1,1,0,0,6.93478741600006,50.940639897
2022,1,9,4,3,1,5,0,1,1,0,0,6.95891669200006,50.9232908660001
2022,1,15,2,3,0,3,0,1,1,0,0,6.90087744800007,50.93440252
2022,1,9,5,2,0,5,0,1,1,0,0,6.94465756100004,50.9155972140001
2022,1,12,4,3,3,2,0,1,1,0,0,6.94404224400006,50.9237829740001
2022,1,17,6,3,5,3,2,1,1,0,0,7.65698559600003,51.9060128560001
2022,1,10,6,3,5,3,0,1,1,0,0,6.97443142100008,50.93681301
2022,2,8,4,3,5,3,0,1,1,0,0,7.62861510500005,51.9547264380001
2022,2,14,6,3,1,5,0,1,1,0,0,7.61975970300006,51.971897911
2022,2,15,3,3,1,6,0,1,1,0,0,6.95191868500007,50.942458839
2022,1,22,4,3,5,3,2,1,1,0,0,6.93914049300002,50.9562821010001
2022,1,17,3,2,5,3,1,1,1,0,0,6.85176402500002,50.9454304700001
2022,1,8,4,3,5,3,1,1,1,0,0,7.57738808100004,51.9707075210001
2022,3,7,6,3,5,3,0,1,1,0,0,7.75535796100007,51.6685234060001
2022,2,9,6,3,5,3,0,1,1,0,0,6.95571701100005,50.9425351850001
2022,2,12,1,3,2,2,0,1,0,0,0,7.08109779200004,50.976481677
2022,2,18,4,2,0,7,2,1,0,1,0,7.00056320600004,50.9382064370001
2022,2,10,7,3,5,3,0,1,1,0,0,6.93633948600007,50.9472131810001
2022,3,7,6,3,0,3,0,1,1,0,0,7.06651232600007,50.88631559
2022,2,22,5,3,0,1,2,1,0,0,0,7.63576655200006,51.947944815
2022,3,14,6,3,5,2,0,1,1,0,0,6.90541790800006,50.967917635
2022,2,14,2,2,5,3,0,1,1,0,0,7.05540462600004,50.942284984
2022,2,13,2,3,5,3,0,1,1,0,0,6.93697202700002,50.9304814020001
2022,3,21,3,3,3,6,2,1,1,0,0,6.93729157500007,50.960392717
2022,2,12,4,3,0,1,0,1,0,0,0,6.93777748700006,50.9294332760001
2022,3,13,5,3,2,6,0,1,1,0,0,7.65614453500007,51.9654109730001
2022,3,13,5,3,6,6,0,1,0,1,0,6.94115657300006,50.940325482
2022,2,17,4,3,0,5,0,1,1,0,0,6.93999032600004,50.934735748
2022,2,12,6,3,3,2,0,1,1,0,0,6.90489240600004,50.9585051110001
2022,2,15,3,2,0,1,0,1,0,0,0,6.94007332300004,50.9465379810001
2022,2,12,7,3,6,4,0,1,0,1,0,6.95351958200007,50.939019628
2022,2,11,4,3,0,1,0,1,0,0,0,6.99327756300005,50.8919483990001
2022,2,12,2,3,5,3,0,1,1,0,0,7.64851802000004,51.9524172700001
2022,3,11,3,3,1,5,0,1,1,0,0,7.02458317800006,50.897554789
2022,2,9,6,3,3,6,0,1,1,0,0,6.92617132100003,50.9942415950001
2022,2,9,5,3,0,4,0,1,0,1,0,6.99203599400005,50.889376423
2022,2,7,3,3,4,6,0,1,1,0,0,7.02978040500005,50.875820559
2022,3,14,4,3,5,3,0,1,1,0,0,7.64331562600006,51.9024411760001
2022,2,15,4,3,5,3,0,1,1,0,0,7.56476929600007,51.966343576
2022,2,19,6,3,0,1,2,1,0,0,0,6.92531806300002,50.9183887670001
2022,2,1,5,3,0,1,2,1,0,0,0,6.91966137900005,50.92151282
2022,2,13,4,3,0,5,0,1,1,0,0,6.90358258400005,51.0222151620001
2022,3,14,7,3,3,6,0,1,0,0,0,7.66161942000002,51.9628648780001
2022,2,14,2,3,5,3,0,1,1,0,0,7.61320049200003,51.9521549560001
2022,2,19,3,2,0,1,2,1,0,0,0,6.99777433800006,50.9351375300001
2022,3,16,4,3,5,3,0,1,1,0,0,7.62339098600006,51.966713638
2022,2,17,1,3,0,6,0,1,0,0,0,6.94631876200003,50.9102006310001
2022,3,9,4,3,3,2,0,1,0,0,1,7.78283338400007,51.6597874920001
2022,3,19,5,3,0,1,2,1,0,0,0,6.91538204300002,50.920354898
2022,2,12,5,3,4,5,0,1,0,0,0,7.61146840600003,51.9707388510001
2022,3,16,5,3,5,2,0,1,1,0,0,7.64727978900004,51.9680063160001
2022,2,18,2,3,3,2,2,1,1,0,0,7.57281573400007,51.969377717
2022,3,15,6,3,5,3,0,1,1,0,0,6.92338030500002,50.924305614
2022,2,15,7,2,5,2,0,1,0,0,0,6.85432707800004,50.921268882
2022,2,13,7,3,0,7,0,1,0,1,0,7.56994441900002,51.959332649
2022,3,13,7,3,0,1,0,1,0,0,0,6.98143873600003,50.9498912430001
2022,2,18,2,3,5,3,2,1,0,0,0,7.63204423800005,51.95135559
2022,2,16,4,3,1,5,0,1,1,0,0,7.63023204100006,51.907528019
2022,2,18,6,3,5,3,1,1,1,0,0,7.03898774300006,50.9407584460001
2022,2,16,2,3,5,3,0,1,1,0,0,7.05747721100005,50.907976111
2022,2,13,4,3,0,7,0,1,0,0,0,7.65015874100004,51.9554665060001
2022,2,0,1,2,0,1,2,1,0,0,0,7.63919492200006,51.9069075200001
2022,2,17,2,3,5,3,1,1,1,0,0,6.99655899000004,50.891767348
2022,2,7,5,3,3,2,1,1,1,0,0,6.92407896600002,50.9523718740001
2022,2,13,6,3,5,3,0,1,1,0,0,7.82639121100004,51.668259252
2022,3,9,2,3,6,3,0,1,0,1,0,6.89724901500006,51.0231131240001
2022,2,17,3,2,3,6,1,1,0,0,0,6.93932636000005,50.9459968880001
2022,2,11,6,2,3,6,0,1,1,0,0,6.96178346200003,50.913029033
2022,2,7,5,3,7,1,0,1,0,0,0,7.60576563300003,51.9182561110001
2022,3,12,6,3,5,3,0,1,1,0,0,6.94100190900002,50.958449144
2022,2,12,5,3,5,2,0,1,1,0,0,6.93409068700004,50.9484588930001
2022,2,18,2,3,0,1,2,1,0,0,0,6.99952780000007,50.935413409
2022,2,11,5,3,5,7,0,1,1,0,0,7.60917291400006,51.9779156230001
2022,2,18,4,2,3,6,1,1,1,0,0,6.93087180000003,50.8987077800001
2022,2,16,6,3,5,2,0,1,1,0,0,7.64730724100002,51.9550892570001
2022,2,13,2,3,5,2,0,1,1,0,0,7.62382245500004,51.952328268
2022,2,8,4,3,0,3,0,1,1,0,0,6.88066644300005,50.9547939330001
2022,3,13,4,3,4,1,0,1,0,0,0,6.98069397800003,50.950753612
2022,3,16,2,3,5,3,0,1,1,0,0,7.00177934900006,50.9559971240001
2022,3,15,1,3,5,3,0,1,1,0,0,6.83237539900006,50.9336793350001
2022,3,8,6,2,4,2,0,1,1,0,0,6.88898723800003,50.969150718
2022,3,17,4,3,0,1,0,1,0,0,0,7.61256139000005,51.961823613
2022,3,15,5,3,1,5,0,1,1,0,0,6.89878549100007,50.959113168
2022,3,17,4,3,0,3,0,1,0,0,0,6.89118189700002,51.0174720050001
2022,3,15,6,2,5,3,0,1,1,0,0,6.96865601100006,50.963662334
2022,3,13,5,2,0,7,0,1,0,0,0,6.92983909300006,50.9127126110001
2022,3,11,7,3,4,2,0,1,1,0,0,7.00162080200005,50.9408820300001
2022,3,14,6,3,5,3,0,1,0,0,0,7.63945040300007,51.952168484
2022,3,14,5,3,4,5,0,1,1,0,0,6.92437986600004,50.928092092
2022,3,14,3,2,1,5,0,1,1,0,0,6.95185698200004,50.961476256
2022,3,11,5,3,3,1,0,1,1,0,0,6.87934039400005,50.9415228120001
2022,3,16,4,3,0,7,0,1,0,0,0,6.87290965300002,51.0590352360001
2022,3,16,5,3,0,7,0,1,0,1,0,6.91553516500005,51.014605169
2022,3,16,4,2,9,1,0,1,0,0,0,6.96492500800002,50.9166041660001
2022,3,16,6,3,5,3,0,1,1,0,0,7.67394602200005,51.947473132
2022,3,3,7,3,1,5,2,1,1,0,0,7.62687570800006,51.95440897
2022,3,23,1,2,0,1,2,1,0,0,0,6.92407896600002,50.9523718740001
2022,3,15,5,3,5,3,0,1,1,0,0,7.00201320800005,50.890504853
2022,3,17,4,3,6,4,0,1,0,1,0,6.95916935500003,50.975999442
2022,3,22,1,2,0,1,2,1,0,0,0,6.94910195200003,50.9665084660001
2022,3,18,2,3,5,3,2,1,1,0,0,6.99876867600005,50.920064649
2022,3,7,5,3,5,2,0,1,1,0,0,6.93979412300007,50.9458036510001
2022,3,14,3,1,5,3,0,1,1,0,0,7.67319187700002,52.009638791
2022,3,12,5,3,6,4,0,1,0,1,0,6.95808771900005,50.922195012
2022,3,14,1,3,0,1,0,1,0,0,0,7.83512439600003,51.6723210600001
2022,3,14,6,2,5,3,0,1,0,0,0,7.04401271200004,50.920103641
2022,3,10,6,3,0,3,0,1,0,0,0,6.96021830400002,50.918490503
2022,3,14,5,3,5,2,0,1,1,0,0,7.04631880400007,50.9722140800001
2022,3,16,5,2,0,1,0,1,0,0,0,6.91861689200005,50.921192456
2022,3,9,4,3,5,3,0,1,1,0,0,7.63225176700007,51.9531642320001
2022,3,13,4,3,5,3,0,1,0,0,0,7.69844180800004,51.986142037
2022,3,11,4,3,0,7,0,1,0,1,0,6.92799716100006,50.9689534570001
2022,3,13,3,3,1,5,0,1,1,0,0,6.92498922700003,50.948689846
2022,3,16,4,3,0,7,0,1,0,0,0,6.92481904400006,50.9427183070001
2022,3,11,1,3,0,5,0,1,0,0,0,7.00151465600004,50.9402376040001
2022,3,11,3,3,0,3,0,1,1,0,0,7.04716389000004,50.9291439020001
2022,3,15,7,3,0,1,0,1,0,0,0,7.03119766100002,50.9226453300001
2022,3,10,2,3,0,1,0,1,0,0,0,6.91932010200003,50.9287174990001
2022,3,8,3,3,0,7,0,1,1,0,0,6.92557318600007,50.9185847540001
2022,3,15,4,3,5,3,0,1,1,0,0,7.65972549900005,51.9676676650001
2022,3,13,6,3,5,3,0,1,1,0,0,7.63063339700005,51.9326945780001
2022,3,16,6,2,5,3,0,1,1,0,0,7.07377648300007,50.920505915
2022,3,7,5,3,5,3,0,1,1,0,0,6.90954595700003,50.951945736
2022,3,10,5,3,4,2,0,1,1,0,0,6.92086923000005,50.923619796
2022,3,15,5,2,4,6,0,1,0,0,0,7.56069100500002,51.9638095120001
2022,3,6,5,3,4,2,2,1,1,0,0,6.92283763900002,51.034673782
2022,3,12,3,3,0,2,0,1,1,0,0,6.89867874500004,50.941895457
2022,3,15,5,2,0,1,0,1,0,0,0,6.94077532500006,50.9127007500001
2022,3,7,4,3,4,6,0,1,1,0,0,7.05892447100007,50.941356473
2022,3,16,5,3,5,3,0,1,1,0,0,6.92215096000007,50.973086702
2022,3,15,4,3,5,3,0,1,1,0,0,6.92583599200003,50.9300768100001
2022,3,18,7,3,0,3,2,1,0,0,0,7.70988360700005,51.9871921180001
2022,3,17,4,3,5,2,0,1,1,0,0,7.57285582400004,51.925875616
2022,3,10,2,3,5,2,0,1,1,0,0,6.94638409300006,50.9262571670001
2022,3,17,4,3,1,7,0,1,1,0,0,6.89814423600006,50.9531883230001
2022,3,9,6,3,0,5,0,1,1,0,0,6.93808005300002,50.938325321
2022,3,17,6,3,3,2,0,1,1,0,0,6.96627716900002,50.9667168190001
2022,3,11,7,3,0,7,0,1,0,0,0,6.96618475600008,50.9715834140001
2022,3,10,6,3,3,2,0,1,0,0,0,6.89797439400007,50.946026062
2022,3,16,2,3,3,2,0,1,1,0,0,7.61631581000006,51.9323037510001
2022,3,18,5,3,4,6,0,1,0,0,0,6.99752637000006,50.9621802290001
2022,3,19,7,2,0,1,2,1,0,0,0,6.95264115600003,50.9502582490001
2022,3,14,2,3,6,4,0,1,0,1,0,7.61587628600006,51.931980523
2022,3,10,2,3,1,1,0,1,0,0,0,7.64914888000004,51.9597477040001
2022,3,15,1,3,8,1,0,1,0,0,0,7.05254048400008,50.903735338
2022,3,13,5,3,1,5,0,1,1,0,0,6.91477615700006,50.920265756
2022,3,16,4,3,5,2,0,1,1,0,0,7.60838427600004,51.9304693170001
2022,3,16,3,3,0,6,0,1,0,0,0,7.05005377700007,50.949738461
2022,3,8,6,3,5,6,0,1,1,0,0,7.06852164300005,50.975024766
2022,3,7,4,3,8,1,0,1,0,0,0,7.86524494400004,51.6870328050001
2022,3,16,7,2,0,1,0,1,0,0,0,7.05037713700005,50.9526600990001
2022,3,18,3,3,0,7,0,1,1,0,0,7.61852298200006,51.9423677030001
2022,3,12,2,3,0,1,0,1,0,0,0,6.89397471700005,50.956621157
2022,4,21,1,3,0,2,2,1,1,0,0,7.03527741200003,50.9646527450001
2022,4,13,6,3,6,4,0,1,0,1,0,6.95015538400003,50.945010777
2022,4,11,2,3,6,7,0,1,0,1,0,6.97627896400007,50.9368637160001
2022,3,12,3,3,5,3,0,1,0,0,0,7.62604811200003,51.904103981
2022,4,14,5,3,5,3,0,1,1,0,0,7.63063339700005,51.9326945780001
2022,3,9,4,3,4,6,0,1,0,0,0,6.83657831900007,50.963328948
2022,4,20,5,3,0,1,1,1,0,0,0,6.94243335900006,50.932107773
2022,4,18,1,3,0,7,0,1,0,1,0,6.92797395100007,50.9562647480001
2022,4,12,6,3,5,3,0,1,0,0,0,6.93860403200006,50.9383050260001
2022,4,18,3,3,0,3,0,1,1,0,0,6.95182103800005,50.9609071890001
2022,3,17,4,3,0,5,0,1,0,0,0,7.63237724400005,51.955370977
2022,4,19,7,3,3,6,0,1,0,0,0,7.65396374300008,51.948000951
2022,4,19,4,2,0,4,0,1,0,1,0,7.00099623300002,50.9392647450001
2022,4,11,6,2,5,2,0,1,1,0,0,6.89087089300006,51.024980349
2022,3,15,2,3,5,3,0,1,1,0,0,6.93488291800003,51.0261826710001
2022,4,9,7,2,4,6,0,1,0,0,0,7.61165142600004,51.9475984110001
2022,4,7,2,3,5,3,0,1,1,0,0,7.07159149900002,50.9444890300001
2022,4,4,7,3,1,5,2,1,1,0,0,6.92416912100003,50.923129852
2022,4,16,4,3,9,1,0,1,1,0,0,6.95510347700002,50.9567328750001
2022,4,19,6,3,1,1,1,1,1,0,0,6.92450244200006,50.9232398360001
2022,4,16,5,3,3,2,0,1,1,0,0,7.59556008400006,51.9601651880001
2022,4,21,5,3,0,5,2,1,1,0,0,7.64754695000005,51.9684733780001
2022,4,6,4,3,5,3,2,1,1,0,0,7.64793688000003,51.9287023790001
2022,3,12,2,3,0,7,2,1,0,0,0,7.00942306800005,50.9524813670001
2022,3,10,3,2,0,7,0,1,0,0,0,7.08772351900006,50.8752460470001
2022,4,11,7,2,0,1,0,1,0,0,0,7.04632785800004,50.972200403
2022,3,17,2,3,4,3,0,1,0,0,0,7.61777202800005,51.9677816440001
2022,4,19,6,3,0,5,0,1,1,0,0,6.95019583700002,50.959202201
2022,4,10,5,3,5,2,0,1,1,0,0,6.92908131600007,50.9214763640001
2022,4,11,4,3,5,3,0,1,1,0,0,7.62221689400008,51.9549556690001
2022,3,12,4,3,5,3,0,1,1,0,0,7.02112024100006,50.9743942270001
2022,4,15,4,2,0,6,0,1,0,0,0,7.57293268200004,51.924964247
2022,4,15,4,3,8,1,0,1,0,0,0,6.97476584300006,50.931362048
2022,4,12,2,2,3,6,0,1,0,0,0,7.60857211500007,51.961167807
2022,4,18,7,3,0,7,0,1,0,0,0,7.06919784500008,50.836953006
2022,4,14,5,3,0,3,0,1,1,0,0,6.89861471700004,50.9344438370001
2022,4,4,1,3,0,1,1,1,0,0,0,7.81151884200005,51.6928666740001
2022,4,15,7,3,4,2,0,1,0,0,0,7.64074990400007,51.971542578
2022,4,19,5,3,1,5,0,1,1,0,0,7.02478809100006,50.9383632230001
2022,4,10,5,3,4,2,0,1,1,0,0,7.00095515700002,50.959357476
2022,3,17,4,3,0,4,0,1,0,1,0,6.92167264600005,50.9222443780001
2022,3,15,4,3,1,5,0,1,1,0,0,6.92256919200003,50.918683378
2022,4,16,4,2,0,5,0,1,1,0,0,7.61395507500004,51.9773119590001
2022,4,10,6,3,3,6,0,1,1,0,0,7.00059921500002,50.9382944450001
2022,4,15,3,3,5,3,0,1,1,0,0,6.95384263300002,50.942687882
2022,4,10,3,2,0,7,0,1,0,0,0,6.91540196700004,50.929876758
2022,4,10,2,3,0,1,0,1,0,0,0,6.92407896600002,50.9523718740001
2022,4,13,4,3,1,5,0,1,1,0,0,6.95078685400006,50.9195628960001
2022,4,18,4,3,5,2,0,1,1,0,0,7.62082546900007,51.9514878860001
2022,4,13,7,3,5,2,0,1,0,0,0,6.95669845500004,50.9482428900001
2022,4,18,7,3,5,3,0,1,1,0,0,6.94857995700005,50.9170169920001
2022,4,8,3,3,0,2,0,1,1,0,0,6.90783925400007,50.9441764430001
2022,4,11,6,3,5,2,0,1,1,0,0,6.96216876000005,50.9741531920001