UJAHR,UMONAT,USTUNDE,UWOCHENTAG,UKATEGORIE,UART,UTYP1,ULICHTVERH,IstRad,IstPKW,IstFuss,IstKrad,XGCSWGS84,YGCSWGS84
2022,10,13,4,3,5,3,0,1,1,0,0,6.94957092200002,50.91876726
2022,10,19,6,3,0,1,2,1,0,0,0,6.95371520800006,50.919808747
2022,10,11,2,3,0,1,0,1,0,0,0,6.96910383900007,50.9738998220001
2022,10,22,6,3,0,1,2,1,0,0,0,6.94324734700007,50.944391372
2022,10,7,3,3,0,1,2,1,0,0,0,6.93684169800002,50.9288920590001
2022,10,19,4,2,0,7,2,1,1,0,0,6.93426869300004,50.928155157
2022,10,18,6,3,0,1,1,1,0,0,0,6.93240044100003,50.9267576130001
2022,10,13,5,2,1,5,0,1,1,0,0,6.89203551100007,50.9608789660001
2022,10,18,6,3,6,4,1,1,0,1,0,6.94190494100008,50.9587765470001
2022,10,8,3,2,5,2,0,1,1,0,0,6.98694283800006,50.9228584890001
2022,10,13,1,3,0,1,0,1,0,0,0,6.97567024200004,51.0008138530001
2022,10,19,5,3,3,6,2,1,1,0,0,6.94423863600002,50.924192072
2022,10,13,3,3,5,3,0,1,1,0,0,7.66444771600004,51.968838384
2022,10,1,7,3,0,5,2,1,1,0,0,6.93386595000004,50.9407240410001
2022,10,21,5,3,4,6,2,1,0,0,0,6.97573483200006,50.931781212
2022,10,18,2,2,6,6,0,1,0,1,0,6.99432750700004,50.9393071640001
2022,10,0,7,3,6,4,2,1,0,1,0,7.62088321700003,51.9645992920001
2022,10,16,3,3,5,3,0,1,1,0,0,7.81925155000005,51.6802187010001
2022,10,14,2,3,7,7,0,1,0,0,0,6.85992117800004,50.9297995250001
2022,10,16,5,3,6,4,0,1,0,1,0,7.62601482800005,51.9603548850001
2022,10,20,6,3,0,1,2,1,0,0,0,7.01587170800002,50.9274541240001
2022,10,10,3,3,4,6,0,1,1,0,0,6.93864607400008,50.9462779130001
2022,10,7,4,3,0,6,0,1,1,0,0,6.93668116500004,50.9179282790001
2022,10,8,4,3,5,3,0,1,1,0,0,7.59807523700005,51.9357804960001
2022,10,0,7,3,5,3,2,1,0,0,0,7.59813795200006,51.970485216
2022,10,12,6,3,4,2,0,1,1,0,0,6.93816693900004,50.911783917
2022,10,16,6,2,5,2,0,1,1,0,0,6.86787894000003,50.932155934
2022,10,16,7,3,5,3,0,1,1,0,0,7.04030653600006,50.9833705230001
2022,10,7,2,3,0,1,1,1,0,0,0,6.99802971300005,50.9628000060001
2022,10,9,4,3,5,3,0,1,1,0,0,6.95763759700003,50.8734785520001
2022,10,13,7,3,4,5,0,1,1,0,0,7.00174825600004,50.9617492740001
2022,10,17,4,3,6,6,0,1,0,1,0,6.93718630400002,50.9573804350001
2022,10,17,2,3,5,3,0,1,1,0,0,6.83905060800004,50.962307437
2022,10,11,3,3,4,6,0,1,0,0,0,6.89551060700006,50.925537084
2022,10,1,7,3,0,1,2,1,0,0,0,6.92417210300005,50.948054783
2022,10,10,2,3,0,5,0,1,1,0,0,6.84278902500006,50.9472442040001
2022,10,14,6,3,0,1,0,1,0,0,0,6.93475178100005,50.9276911870001
2022,10,17,7,3,4,1,0,1,1,0,0,7.04959878100004,50.9673989730001
2022,10,7,3,3,5,3,2,1,1,0,0,6.91845761800005,50.9279788440001
2022,10,8,4,3,8,6,0,1,1,0,0,6.94972661200006,50.918927071
2022,10,13,1,3,5,3,0,1,1,0,0,6.97109138400003,50.9385349610001
2022,10,20,1,2,0,1,2,1,0,0,0,7.08554379100002,50.8826666670001
2022,10,9,6,3,6,6,0,1,0,1,0,6.97946941600003,50.9370890710001
2022,10,12,7,3,1,6,0,1,0,0,1,6.93512204200005,50.9158477490001
2022,10,8,4,3,3,2,0,1,0,0,0,6.89784188000004,50.9460327150001
2022,10,7,6,3,4,2,0,1,0,0,0,7.00162080200005,50.9408820300001
2022,10,12,7,3,6,4,0,1,0,1,0,6.93629217300003,50.928574229
2022,10,9,2,3,5,2,0,1,0,0,0,6.90777996400004,50.9452993740001
2022,11,17,5,3,5,3,2,1,1,0,0,6.89040462400004,50.934480174
2022,11,13,4,3,2,6,0,1,1,0,0,6.95031728000004,50.919487007
2022,11,16,5,3,5,2,0,1,1,0,0,6.89781303300003,51.0189835790001
2022,10,16,4,3,0,1,0,1,0,0,0,6.82725067400003,50.9517199090001
2022,10,16,3,3,5,3,0,1,0,0,0,7.62136137000005,51.986755751
2022,11,17,3,3,5,3,2,1,1,0,0,7.64529772600002,51.9716161920001
2022,11,7,5,3,5,3,0,1,1,0,0,7.61490523100002,51.938807491
2022,11,7,3,3,6,4,0,1,0,1,0,7.10407749800004,50.858003049
2022,10,9,6,3,5,3,0,1,1,0,0,6.86920347400007,50.9287642560001
2022,11,13,7,3,5,3,0,1,1,0,0,6.88988816000005,50.9468637730001
2022,10,14,1,3,5,2,0,1,0,0,1,6.94747311100002,50.9432526460001
2022,11,19,2,3,0,1,2,1,0,0,0,6.96933484500005,50.9037054840001
2022,10,14,4,3,3,6,0,1,0,0,0,6.93959606400006,50.9595266000001
2022,11,15,3,3,1,7,0,1,1,0,0,6.99257607400006,50.8687899430001
2022,11,8,2,2,0,3,0,1,1,0,0,6.89405737300007,50.982398876
2022,11,1,1,3,0,1,2,1,0,0,0,6.93273208600004,50.937884264
2022,10,17,4,3,3,7,0,1,1,0,0,7.81871351000007,51.666612221
2022,11,19,5,3,3,6,2,1,1,0,0,6.95454709400008,50.9308763970001
2022,11,7,3,3,5,2,0,1,1,0,0,6.93633948600007,50.9472131810001
2022,10,8,6,2,5,3,1,1,1,0,0,6.97772109100003,50.8700829250001
2022,10,13,7,2,3,5,0,1,1,1,0,6.92288319200003,50.921466222
2022,10,19,2,3,0,1,2,1,0,0,0,7.62336129700003,51.9668487220001
2022,11,18,2,1,6,7,2,1,0,1,0,6.94836621800005,50.968329188
2022,10,17,3,3,0,7,0,1,0,1,0,7.65108653500005,51.951095889
2022,10,7,2,3,0,1,1,1,0,0,0,6.93561776700005,50.9281801400001
2022,10,11,6,2,4,2,0,1,1,0,0,6.99075875500006,50.8861763800001
2022,11,17,5,3,5,3,2,1,1,0,0,6.96903189800003,50.968659055
2022,10,9,6,3,0,3,0,1,1,0,0,7.01226303900006,50.889368942
2022,11,19,7,3,0,1,2,1,1,0,0,7.60915046800005,51.9680252530001
2022,11,23,4,3,0,1,2,1,0,0,0,6.93467360100004,50.9276586060001
2022,10,22,5,3,0,1,2,1,0,0,0,6.93777748700006,50.9294332760001
2022,10,8,4,3,3,6,1,1,0,0,0,7.00347914000002,50.955620255
2022,11,9,3,3,4,6,0,1,0,0,0,6.93693220000006,51.0258075840001
2022,11,11,5,3,5,3,0,1,1,0,0,6.90041431100008,50.9458830570001
2022,10,10,2,3,5,7,0,1,1,0,0,6.94683574200008,50.9100466150001
2022,11,20,5,3,3,2,2,1,0,0,0,6.84068696000003,50.9470586780001
2022,11,16,6,3,0,3,1,1,1,0,0,6.89540863100007,50.9684425080001
2022,11,0,3,3,0,1,2,1,0,0,0,6.94118577500006,50.915783966
2022,11,14,4,3,4,6,0,1,1,0,0,6.93787308900005,50.9383349180001
2022,10,19,2,3,0,2,2,1,1,0,0,6.86866247200004,50.97901818
2022,11,16,6,3,5,3,1,1,1,0,0,7.63063339700005,51.9326945780001
2022,10,10,5,3,0,7,0,1,0,0,0,6.93746608600003,50.9341899570001
2022,11,14,3,3,4,6,0,1,1,0,0,7.60070529200004,51.9415650130001
2022,10,13,3,3,0,1,0,1,0,0,0,7.63353352000007,51.9602249810001
2022,11,7,5,3,5,3,0,1,1,0,0,7.81001327100006,51.700510437
2022,10,12,5,3,3,4,0,1,0,1,0,7.61206249200006,52.000660215
2022,10,16,1,3,4,6,0,1,1,0,0,7.67236657200004,51.9495048860001
2022,11,10,3,3,1,5,0,1,1,0,0,6.90395130600007,50.94199288
2022,11,20,5,3,0,1,2,1,0,0,0,6.94146022900003,50.911196341
2022,11,9,7,3,3,6,0,1,0,0,0,6.93811938600004,50.9343433060001
2022,10,13,3,3,5,3,0,1,1,0,0,7.63164016700006,51.956112386
2022,11,10,6,3,7,1,0,1,0,0,0,6.95067516300003,50.9488491560001
2022,11,7,6,3,0,1,0,1,0,0,0,6.93010470200005,50.9196990470001
2022,10,9,1,3,0,2,0,1,1,0,0,6.93636540200004,50.947156835
2022,11,8,5,3,5,2,0,1,1,0,0,7.00437632600006,50.8714275610001
2022,10,16,1,3,6,1,0,1,0,1,0,7.03146175900002,50.941776686
2022,10,8,6,3,0,6,0,1,1,0,0,6.93856768100005,50.9463102970001
2022,10,13,2,3,5,2,0,1,1,0,0,7.65402660900003,51.96248582
2022,11,8,4,2,5,2,0,1,1,0,0,7.87272665400008,51.6826552200001
2022,10,20,5,3,5,3,2,1,1,0,0,7.63013053200007,51.9605676150001
2022,11,15,5,3,5,2,0,1,1,0,0,6.91734824100007,51.030803447
2022,10,10,2,2,0,1,0,1,0,0,0,6.92249065100003,51.0164031570001
2022,11,8,4,3,0,2,0,1,1,0,0,6.92306963900006,50.972494241
2022,11,20,4,3,7,1,2,1,0,0,0,6.85585749200004,50.932318421
2022,11,17,5,3,3,6,2,1,1,0,0,6.96845459900004,50.9556905050001
2022,10,14,1,2,5,3,0,1,1,0,0,6.85301596300008,50.9362486900001
2022,11,8,5,3,0,1,0,1,0,0,0,6.93273232800004,50.9377964770001
2022,10,15,7,3,4,6,0,1,0,0,0,7.61504021100006,51.9167207930001
2022,10,9,5,3,0,3,0,1,1,0,0,7.04985633300004,50.9511845000001
2022,11,11,1,3,0,7,0,1,0,0,0,6.87339783700003,50.936749826
2022,10,8,2,3,0,5,0,1,1,0,0,6.89952635500003,50.970084624
2022,11,10,1,3,5,3,0,1,1,0,0,7.79071478800006,51.6676575970001
2022,11,11,6,3,0,7,0,1,1,0,0,7.86711026300003,51.683115453
2022,11,15,5,3,2,6,0,1,1,0,0,7.89290667500006,51.677409906
2022,11,8,3,3,3,6,0,1,1,0,0,7.79128595000003,51.6659107420001
2022,11,18,4,3,5,2,2,1,1,0,0,6.95396712000007,50.938286234
2022,11,19,4,3,0,1,2,1,0,0,0,6.94554332400003,50.979406495
2022,11,13,2,3,0,1,0,1,0,0,0,6.94098431500004,50.9145511560001
2022,11,14,3,3,5,3,0,1,0,0,1,6.91736891000005,50.928477329
2022,11,12,7,3,6,4,0,1,0,1,0,7.62767628600005,51.961454706
2022,12,8,6,3,5,2,0,1,1,0,0,6.92908131600007,50.9214763640001
2022,11,17,5,3,0,1,2,1,0,0,0,6.96930615900004,50.9384999310001
2022,11,18,4,3,0,3,2,1,1,0,0,7.00531765600005,50.951089988
2022,11,16,2,3,5,3,0,1,1,0,0,7.66958517400008,51.926832893
2022,11,16,4,3,1,5,2,1,1,0,0,7.62731654800007,51.944333428
2022,11,21,4,3,0,3,2,1,1,0,0,7.01079580200008,50.8641493000001
2022,11,13,5,2,2,6,0,1,1,0,0,7.65168699600002,51.9681655840001
2022,11,15,3,3,5,3,0,1,1,0,0,6.91172494000006,50.952206667
2022,12,7,5,3,0,7,1,1,0,0,0,7.61952221700005,51.9466161780001
2022,11,19,3,3,5,3,2,1,1,0,0,7.02646189200004,51.006712243
2022,11,15,5,3,4,1,0,1,1,0,0,6.83169320200005,50.9460989520001
2022,11,15,4,3,3,3,0,1,0,0,0,7.03119766100002,50.9226453300001
2022,11,1,1,3,0,1,2,1,0,0,0,6.98359487300007,50.9438297730001
2022,11,7,3,3,5,3,1,1,1,0,0,6.85293681600007,50.9422135830001
2022,11,6,2,3,5,2,2,1,1,0,0,6.90540078200007,50.9594247210001
2022,11,8,6,3,0,3,0,1,0,0,0,7.64074990400007,51.971542578
2022,11,12,1,3,5,2,0,1,1,0,0,6.95588316000004,50.9028075200001
2022,11,23,3,3,0,1,2,1,0,0,0,6.93277998600007,50.9269913630001
2022,11,2,7,3,2,1,2,1,0,0,0,6.93952307500007,50.929501906
2022,11,11,2,3,2,6,0,1,1,0,0,6.93982370300006,50.9299688470001
2022,11,16,2,3,0,1,1,1,0,0,0,6.95574670800005,50.9169420740001
2022,11,15,4,1,5,3,0,1,1,0,0,6.88988816000005,50.9468637730001
2022,11,9,7,3,5,3,0,1,1,0,0,7.75867567600005,51.6944041610001
2022,11,3,1,3,0,1,2,1,0,0,0,6.94556213000004,50.9108244940001
2022,11,9,4,3,0,1,0,1,0,0,0,6.94299676100007,50.935149864
2022,11,12,2,3,0,1,0,1,0,0,0,6.94063569800005,50.9192434290001
2022,11,17,3,3,5,3,2,1,1,0,0,6.95536689900007,50.927124254
2022,11,13,5,3,0,3,0,1,1,0,0,7.56632675000003,51.924619975
2022,11,15,3,3,5,2,0,1,1,0,0,7.64256493500005,51.937058322
2022,11,18,6,3,5,2,2,1,1,0,0,6.95527749500008,50.9515961370001
2022,11,15,2,3,5,3,0,1,1,0,0,7.70988360700005,51.9871921180001
2022,11,14,1,3,0,1,0,1,0,0,0,6.93371793500006,50.940662945
2022,11,9,5,3,3,2,0,1,1,0,0,7.62371403800006,51.96629033
2022,11,8,4,3,0,3,0,1,1,0,0,7.06748238500006,50.8945554530001
2022,11,7,3,3,3,2,0,1,1,0,0,6.94721074400007,50.9148591640001
2022,11,1,4,2,4,6,2,1,0,0,0,6.93770650200003,50.9650656840001
2022,11,15,7,3,5,3,0,1,1,0,0,6.97441444800006,50.9311989030001
2022,12,15,6,3,0,1,0,1,0,0,0,6.87712849400003,50.9488325340001
2022,11,19,2,3,0,2,2,1,1,0,0,7.06748238500006,50.8945554530001
2022,11,10,4,3,0,7,0,1,0,0,0,7.08363849200003,50.941885922
2022,11,6,2,3,5,3,2,1,1,0,0,7.85261382100003,51.630354454
2022,12,11,5,3,5,3,0,1,1,0,0,7.06789619300002,50.986556566
2022,11,15,2,3,5,3,0,1,1,0,0,7.63280683800002,51.9285137520001
2022,11,18,2,3,9,6,2,1,1,0,0,7.01034038700004,50.9804415720001
2022,11,15,2,3,0,5,0,1,1,0,0,7.55529462800007,51.9946015890001
2022,11,17,3,3,0,6,2,1,0,0,0,6.94857995700005,50.9170169920001
2022,11,6,5,3,5,2,2,1,0,0,0,7.00230187700004,50.977096836
2022,11,16,4,3,5,2,1,1,1,0,0,7.04030653600006,50.9833705230001
2022,12,16,5,3,5,1,0,1,0,0,0,7.65918647900003,51.9668103650001
2022,11,9,4,3,5,2,0,1,1,0,0,6.90794983000006,50.94528913
2022,12,16,6,3,5,2,1,1,1,0,0,6.89966285000003,51.012717595
2022,11,18,3,2,5,3,2,1,0,0,0,6.91798721300006,50.928649551
2022,11,17,4,2,5,3,2,1,1,0,0,6.97598011200006,50.972633898
2022,11,6,4,3,4,5,2,1,1,0,0,7.00886108200007,50.9659010990001
2022,11,17,3,3,4,2,1,1,0,0,0,6.92604838800003,50.9166381460001
2022,11,13,2,3,0,1,0,1,0,0,0,6.92050946300003,50.913725282
2022,11,10,2,3,1,5,0,1,1,0,0,6.91937710200006,50.921411092
2022,11,2,1,3,1,5,2,1,1,0,0,7.63549402200005,51.9702346600001
2022,11,21,3,3,1,5,2,1,1,0,0,6.94806852200003,50.922218967
2022,11,1,1,3,5,3,2,1,1,0,0,7.63063339700005,51.9326945780001
2022,11,18,7,3,6,7,2,1,0,1,0,6.92937770600003,50.9543256630001
2022,11,8,3,3,6,4,1,1,0,1,0,6.97705014100006,50.967404593
2022,11,9,3,3,1,5,0,1,1,0,0,7.63240176100004,51.965062609
2022,11,12,4,3,0,7,0,1,0,1,0,7.64561764800004,51.9092245620001
2022,11,8,5,3,0,5,0,1,1,0,0,6.92350916900006,50.9168667260001
2022,11,10,3,3,1,5,0,1,1,0,0,6.94874471300005,50.9343424100001
2022,11,11,4,3,0,1,0,1,0,0,0,6.92896661200007,50.9216410820001
2022,11,9,2,3,0,1,0,1,0,0,0,6.92717400500004,50.919872868
2022,11,16,6,3,0,1,0,1,0,0,0,7.61715784600005,51.9489652670001
2022,11,2,5,2,0,1,2,1,0,0,0,6.92942360800004,50.9498487600001
2022,11,13,6,3,0,1,0,1,0,0,0,7.67963502500004,51.9318594010001
2022,11,19,7,3,3,6,2,1,1,0,0,6.93481405800003,50.9411153830001
2022,11,16,7,3,4,2,0,1,1,0,0,7.03257322300004,50.9811675970001
2022,11,18,3,3,4,6,2,1,1,0,0,6.91545238500004,50.931726342
2022,12,4,7,3,0,1,2,1,0,0,0,6.92662518200007,50.9239352610001
2022,12,9,2,3,4,2,0,1,1,0,0,6.90968834000006,50.93139246
2022,12,17,3,3,1,5,2,1,1,0,0,7.01100325600004,50.9678651990001
2022,12,12,3,3,5,3,0,1,1,0,0,6.84015948400003,50.950547032
2022,12,22,5,3,5,7,2,1,1,0,0,6.94520254300005,50.943784905
2022,12,9,5,3,1,5,0,1,1,0,0,6.95333629800007,50.948945205
2022,12,15,4,2,5,3,0,1,0,0,0,7.00178005800007,50.921220933
2022,12,5,5,2,1,7,2,1,1,0,0,7.78331072700007,51.6592106480001
2022,12,13,6,1,0,3,0,1,0,0,0,6.96897821000005,50.971409297
2022,12,11,6,3,5,3,0,1,1,0,0,7.04721628800007,50.9454643
2022,12,13,2,3,5,3,0,1,1,0,0,6.89099951600002,50.9690299850001
2022,12,21,5,3,0,1,2,1,0,0,0,6.92079643000005,50.953564052
2022,12,9,7,3,5,3,0,1,1,0,0,6.88944018300003,50.9553659790001
2022,12,12,6,3,0,4,0,1,0,1,0,7.62772973400007,51.9636934690001
2022,12,15,5,3,0,2,0,1,1,0,0,6.93637165700005,50.9471149350001
2022,12,12,7,3,0,2,0,1,1,0,0,6.99238501200006,50.987736141
2022,12,17,7,1,4,2,2,1,1,0,0,7.01601873700002,50.8803804070001
2022,12,19,2,3,4,2,2,1,1,0,0,6.98529959100006,50.9378367560001
2022,12,1,7,2,0,1,2,1,0,0,0,6.90168027700003,50.9521120530001
2022,12,13,7,3,5,2,0,1,1,0,0,6.93633948600007,50.9472131810001
2022,12,12,5,3,0,1,0,1,0,0,0,6.96265266500006,50.936734985
2022,12,8,6,3,5,3,2,1,1,0,0,7.62868980500002,51.905535393
2022,12,6,6,3,4,2,2,1,1,0,0,6.99757972100002,50.8769346330001
2022,12,7,4,3,6,7,0,1,0,1,0,6.92408682700005,50.9365569500001
2022,12,16,7,3,0,2,0,1,1,0,0,7.65972549900005,51.9676676650001
2022,12,10,6,3,0,1,0,1,0,0,0,6.92632818400006,50.924924085
2022,12,21,7,2,5,3,2,1,1,0,0,7.06309032200005,50.8906249140001
2022,12,15,2,3,5,3,0,1,0,0,1,6.90951011600004,50.9579717760001
2022,12,10,6,3,0,1,0,1,0,0,0,6.94466326100007,50.92598615
2022,12,7,5,3,5,3,2,1,1,0,0,7.05404294100003,50.9417849290001
2022,12,17,5,3,1,5,2,1,1,0,0,6.90793235800004,50.957881822
2022,12,9,3,3,5,3,0,1,1,0,0,6.93816693900004,50.911783917
2022,12,11,6,3,5,3,0,1,1,0,0,6.94446320900005,50.9135890750001
2022,12,10,2,3,5,3,0,1,1,0,0,6.89249580500007,51.015495414
2022,12,19,7,3,0,1,2,1,0,0,0,6.94041804300002,50.923047667
2022,12,16,4,3,5,3,1,1,1,0,0,6.84068696000003,50.9470586780001
2022,12,14,5,3,5,3,0,1,1,0,0,6.96168576400004,50.9419110320001
2022,12,11,7,2,5,3,0,1,1,0,0,6.96142311100004,50.924491871
2022,12,17,5,3,4,2,2,1,1,0,0,7.00978641300003,50.883130748
2022,10,9,3,3,0,1,0,1,0,0,0,6.94040545400003,50.9309416940001
2022,8,11,3,3,3,6,0,1,1,0,0,7.06367019300006,50.9430630270001
2022,1,8,7,3,0,1,0,1,0,0,0,6.94547689300003,50.9797270860001
2022,8,12,1,3,8,1,0,1,0,0,0,6.99327910300002,50.9118502690001
2022,5,16,3,3,0,7,0,1,0,1,0,6.84627757100003,50.9355950570001
2023,1,16,2,3,5,3,0,1,1,0,0,6.932965605000049,50.92114703300007
2023,1,5,1,3,7,7,2,1,0,0,0,7.688250352000068,51.90959645500004
2023,1,13,1,3,4,6,0,1,0,0,0,6.940098326000054,50.93557154300004
2023,1,2,1,2,4,6,2,1,0,0,0,7.697032310000054,51.97395989800003
2023,1,15,3,3,5,2,0,1,1,0,0,7.641528271000027,51.95697810000007
2023,1,5,3,3,5,3,2,1,1,0,0,7.82532019000007,51.69617704900003
2023,1,7,2,3,0,3,1,1,1,0,0,7.61144510400004,51.98530204700006
2023,1,6,2,3,7,7,2,1,0,0,0,6.915656965000039,50.94905691800005
2023,1,18,1,3,5,2,2,1,1,0,0,7.633776737000062,51.96209059500006
2023,1,10,7,3,1,5,0,1,0,1,0,7.626931640000066,51.95602048200004
2023,1,19,7,3,1,5,2,1,1,0,0,6.830336747000047,50.938426683000046
2023,1,10,6,3,6,6,0,1,0,1,0,6.940325674000064,50.93569947600008
2023,1,7,5,3,5,3,2,1,1,0,0,6.917669767000064,50.96966295200008
2023,1,14,5,2,0,1,0,1,0,0,0,6.958670442000027,50.92116783900008
2023,1,13,5,3,0,3,0,1,1,0,0,7.81753370000007,51.679919777000066
2023,1,16,4,2,5,2,0,1,1,0,0,7.650710710000055,51.964863886000046
2023,1,7,4,3,0,3,1,1,0,1,0,7.619204440000033,51.97456517900008
2023,1,19,4,3,5,3,2,1,1,0,0,6.956725351000046,50.903831095000044
2023,1,14,4,3,0,1,0,1,0,0,0,6.976357837000023,50.90637894900004
2023,1,16,4,3,5,3,0,1,1,0,0,7.821369534000041,51.67654845200008
2023,1,7,3,3,0,3,2,1,1,0,0,7.642424989000062,51.89548057500008
2023,1,18,3,3,4,6,2,1,0,0,0,7.62678504400003,51.98721513100003
2023,1,18,3,2,5,3,2,1,1,0,0,7.084734275000073,50.922185702000036
2023,1,11,3,3,5,3,0,1,1,0,0,7.099794685000063,50.90941516100003
2023,1,17,3,2,3,7,2,1,1,0,0,6.914894438000033,50.948370114000056
2023,1,18,3,3,5,2,2,1,1,0,0,6.976897396000027,50.84543063400008
2023,1,7,3,3,5,2,2,1,1,0,0,7.823366445000033,51.672089191000055
2023,1,19,2,3,5,2,2,1,1,0,0,7.644986233000054,51.95454014100005
2023,1,12,2,3,0,7,0,1,0,0,0,6.941403285000035,50.92926178100004
2023,1,17,2,3,1,5,1,1,1,0,0,6.936287646000039,50.936506601000076
2023,1,6,2,3,0,1,2,1,0,0,0,6.959828221000066,50.93074461000003
2023,1,17,2,3,0,3,2,1,1,0,0,7.71107173300004,51.65267426500003
2023,1,13,1,3,4,6,0,1,0,0,0,6.955795908000027,50.95710088300007
2023,1,0,1,3,3,2,2,1,1,0,0,6.909001682000053,50.927847470000074
2023,1,15,1,3,0,2,0,1,1,0,0,7.831296743000053,51.706484096000054
2023,1,1,7,3,0,1,2,1,0,0,0,7.623743413000057,51.96594725600005
2023,1,19,7,3,5,7,2,1,1,0,0,7.627229851000038,51.95579742600006
2023,1,14,7,3,0,1,0,1,0,0,0,7.634160236000071,51.95966956500007
2023,1,6,7,2,5,2,2,1,0,0,0,7.002754580000044,50.96019413100004
2023,1,8,7,3,0,7,2,1,0,0,0,6.948044347000064,50.954854503000035
2023,1,17,6,3,0,6,2,1,0,0,0,7.645912834000058,51.966885381000054
2023,1,15,5,3,5,2,0,1,1,0,0,7.62495178000006,51.95085093900008
2023,1,10,5,3,3,6,0,1,1,0,0,7.875237600000048,51.675782438000056
2023,2,14,2,3,5,3,0,1,1,0,0,7.027896215000055,50.94273005600007
2023,2,14,2,3,5,3,0,1,1,0,0,7.022334139000066,50.933234251000044
2023,2,10,2,2,5,3,0,1,1,0,0,7.016806162000023,50.97633493600006
2023,2,9,1,3,5,2,0,1,1,0,0,7.601775457000031,51.96673814300004
2023,2,4,7,3,0,1,2,1,0,0,0,7.634982973000035,51.959748045000026
2023,2,19,7,3,6,6,2,1,1,1,0,6.919140521000031,50.952476399000034
2023,2,15,7,3,5,2,0,1,1,0,0,6.908706083000027,50.93710346600005
2023,2,12,7,3,3,5,0,1,1,0,0,6.96124474100003,50.92128752000008
2023,2,6,5,2,8,6,2,1,0,0,0,7.673502438000071,51.92296785100007
2023,2,5,5,3,8,6,2,1,0,0,0,7.673428495000053,51.92302863500004
2023,2,20,7,2,0,1,2,1,0,0,0,6.960716863000073,50.93554023400003
2023,2,10,5,3,6,6,0,1,0,1,0,6.951638600000024,50.97170882900008
2023,2,19,4,2,5,3,2,1,1,0,0,7.649984073000041,51.96465637400007
2023,1,14,3,3,5,2,0,1,0,0,0,6.955038001000048,51.00265654900005
2023,1,23,3,3,1,5,2,1,1,0,0,6.953059382000049,50.95636628300008
2023,1,19,3,3,0,3,2,1,1,0,0,6.982398147000026,50.88880368400004
2023,1,11,3,3,3,2,0,1,1,0,0,6.959976615000073,50.92105971700005
2023,1,18,2,2,0,1,2,1,0,0,0,7.610223284000028,51.96757691800008
2023,1,16,2,3,5,3,0,1,0,0,0,7.639393410000025,51.95798352500003
2023,1,7,2,3,7,7,2,1,0,0,0,7.680746912000075,51.916382999000064
2023,1,11,2,3,3,2,0,1,1,0,0,7.627023813000051,51.93136207400005
2023,1,6,2,3,5,2,2,1,1,0,0,7.667598206000036,51.92832630100003
2023,1,7,2,3,5,3,1,1,1,0,0,7.031350459000066,50.94007321500004
2023,1,16,2,3,2,2,0,1,1,0,0,7.006576831000075,50.96684640400008
2023,1,9,7,3,5,2,0,1,1,0,0,7.608616597000037,51.93544306000007
2023,1,0,7,3,1,5,2,1,1,0,0,6.940413786000022,50.93158570200006
2023,1,15,6,3,5,3,0,1,1,0,0,7.635808332000067,51.97166694500004
2023,1,8,6,3,0,1,0,1,0,0,0,6.981483282000056,50.942536345000065
2023,1,9,6,3,0,1,0,1,0,0,0,6.940995705000034,50.95377735100004
2023,1,13,6,3,3,3,0,1,1,0,0,6.85865074000003,50.93795628000004
2023,1,11,6,3,0,1,0,1,0,0,0,6.963197305000051,50.93610884000003
2023,1,17,6,2,0,1,2,1,0,0,0,6.93444106100003,50.936532327000066
2023,1,11,6,2,0,1,0,1,0,0,0,6.963191831000074,50.93569858400008
2023,2,16,7,3,0,2,0,1,1,0,0,6.932621428000061,50.93656096800004
2023,1,8,5,3,0,2,1,1,1,0,0,6.959618379000062,50.92091526100006
2023,1,13,5,2,0,1,1,1,0,0,0,7.772762162000049,51.67652736600007
2023,1,7,4,3,0,5,1,1,0,0,0,7.020592509000039,50.97882158700003
2023,1,11,4,3,6,4,0,1,0,1,0,6.947867746000043,50.98181584800005
2023,1,13,4,3,5,2,0,1,1,0,0,6.919524275000072,50.95285759500007
2023,1,8,3,3,4,6,0,1,1,0,0,7.057712429000048,50.89465166700006
2023,1,6,3,3,5,2,1,1,1,0,0,6.993592157000023,50.91487789300004
2023,1,0,3,2,0,1,2,1,0,0,0,7.075879332000056,50.980615957000055
2023,1,12,2,2,0,7,0,1,1,0,0,7.618963858000029,51.939994142000046
2023,1,13,2,3,5,3,0,1,1,0,0,7.624153401000058,51.940876252000066
2023,1,8,2,3,5,2,0,1,1,0,0,7.619881306000025,51.95493013300006
2023,1,9,2,3,0,7,0,1,0,0,0,7.594707818000074,51.98856916200003
2023,1,18,2,2,4,2,2,1,1,0,0,7.039677882000035,50.92973043000006
2023,1,13,1,3,0,2,0,1,1,0,0,7.587442185000043,51.937353270000074
2023,1,12,7,3,2,6,0,1,0,0,0,7.625668973000074,51.95307728100005
2023,1,1,7,3,6,4,2,1,0,1,0,6.939835484000071,50.94002170200008
2023,1,7,6,3,5,3,2,1,1,0,0,7.005067571000041,50.97501338400008
2023,1,17,6,3,0,3,2,1,1,0,0,6.932964173000073,50.921145566000064
2023,1,20,6,3,0,7,2,1,0,0,0,7.803408670000067,51.67365545100006
2023,1,8,5,3,0,3,2,1,0,0,0,6.922229163000054,50.955476117000046
2023,1,12,3,2,2,1,0,1,1,0,0,7.034446639000066,50.848999312000046
2023,1,7,4,3,5,3,2,1,1,0,0,7.531757809000055,51.95668058700005
2023,1,8,4,3,0,1,0,1,0,0,0,6.834611151000047,50.938370218000045