UJAHR,UMONAT,USTUNDE,UWOCHENTAG,UKATEGORIE,UART,UTYP1,ULICHTVERH,IstRad,IstPKW,IstFuss,IstKrad,XGCSWGS84,YGCSWGS84
2023,1,17,4,3,6,4,1,1,0,1,0,6.96030359100007,50.93586636400005
2023,1,17,3,3,0,4,1,1,0,1,0,7.608124099000065,51.97245691400008
2023,1,8,3,3,5,3,0,1,1,0,0,7.658827922000057,51.98573963200005
2023,1,18,3,3,5,2,2,1,0,0,0,6.977718452000033,50.90671817200007
2023,3,17,2,3,5,3,0,1,1,0,0,7.635770560000026,51.901072387000056
2023,3,11,2,3,1,5,0,1,1,0,0,7.007508303000066,50.938690260000044
2023,3,6,2,2,5,3,1,1,1,0,0,6.966790597000056,50.959052891000056
2023,3,16,7,3,4,3,0,1,1,0,0,7.662090052000053,51.99490802200006
2023,3,3,7,2,0,1,2,1,0,0,0,6.981632297000033,50.93721786200007
2023,3,7,6,3,4,6,0,1,1,0,0,7.082183017000034,50.984339539000075
2023,3,21,6,3,0,3,2,1,1,0,0,7.005086444000028,50.97498152900005
2023,3,7,6,2,5,3,0,1,1,0,0,6.934538130000021,50.93544533700003
2023,3,20,5,3,5,3,2,1,1,0,0,7.020911507000051,50.964622846000054
2023,3,13,5,3,7,7,0,1,0,0,0,6.937132943000051,50.93649500300006
2023,3,18,4,3,3,2,2,1,1,0,0,6.829597397000043,50.94690505800003
2023,3,16,4,3,5,2,0,1,0,0,0,6.948966779000045,50.935446339000066
2023,2,8,3,3,4,6,0,1,0,0,0,7.000357405000045,50.937703448000036
2023,2,13,3,3,3,2,0,1,1,0,0,7.048048593000033,50.86981809800005
2023,2,22,3,3,5,3,2,1,0,0,0,6.874825801000043,51.00303112000006
2023,2,18,2,3,6,2,1,1,0,1,0,6.872639067000023,51.001935821000075
2023,2,8,2,3,3,6,0,1,0,0,0,6.919427188000043,50.93661679200005
2023,3,18,4,3,5,3,0,1,1,0,0,7.608120370000051,51.974020358000075
2023,2,17,7,3,0,6,0,1,1,0,0,7.617533938000065,51.93977455400005
2023,2,5,6,3,0,3,2,1,1,0,0,7.647191063000037,51.94355296200007
2023,2,10,6,3,0,1,0,1,0,0,0,6.94224551800005,50.96853542500003
2023,2,16,6,3,5,3,0,1,1,0,0,6.90831921900002,50.93712391400004
2023,2,20,6,3,3,2,2,1,1,0,0,6.939106447000029,50.93539514400004
2023,2,12,5,3,5,2,0,1,1,0,0,7.636905299000034,51.950924902000054
2023,2,17,5,3,0,1,1,1,0,0,0,6.966818276000026,50.92290881000008
2023,2,15,4,3,3,6,0,1,0,0,0,7.622495880000031,51.97469207900008
2023,2,7,4,3,0,6,1,1,0,0,0,7.63166990700006,51.97332014500006
2023,2,16,4,3,5,2,0,1,0,0,0,7.625460583000063,51.952462945000036
2023,2,16,4,3,5,3,0,1,1,0,0,6.851867921000064,50.91931312500003
2023,2,7,4,3,5,3,1,1,1,0,0,6.892188653000062,50.99200433400006
2023,2,17,4,3,7,1,0,1,0,0,0,7.735178705000067,51.671192992000044
2023,2,16,3,3,5,2,0,1,1,0,0,7.614657137000052,52.00275529500004
2023,2,18,3,3,5,3,2,1,1,0,0,7.639776999000048,51.97511586400003
2023,2,14,3,3,0,7,0,1,0,0,0,6.995536267000034,50.964307037000026
2023,2,22,7,3,0,1,2,1,0,0,0,7.009181930000068,50.93904858600007
2023,2,6,6,3,0,1,1,1,0,0,0,7.098129146000076,50.85881941000008
2023,2,13,6,3,5,3,0,1,0,0,1,7.013725762000036,50.954344201000026
2023,2,22,6,3,5,2,2,1,1,0,0,7.811665994000066,51.67227923400003
2023,2,7,5,2,5,3,1,1,0,0,1,7.557391027000051,51.949961872000074
2023,2,15,5,3,5,3,0,1,1,0,0,6.92661077200006,50.94271708000008
2023,2,17,4,3,4,6,2,1,0,0,0,7.634447987000044,51.95973951000008
2023,2,18,4,3,6,4,1,1,0,1,0,6.970942945000047,50.93538035300003
2023,2,17,4,2,5,3,1,1,0,0,0,6.903128432000074,50.97743156100006
2023,2,16,4,2,5,3,0,1,1,0,0,6.922080614000038,50.93677159400005
2023,2,14,4,3,2,6,0,1,1,0,0,6.926597382000068,50.94268752200003
2023,2,14,2,3,0,7,0,1,1,1,0,7.626174103000039,51.954708346000075
2023,2,16,3,3,5,3,0,1,1,0,0,7.000969218000023,50.95709185000004
2023,2,7,3,3,5,2,0,1,1,0,0,6.926742779000051,50.94262972900003
2023,2,16,3,3,0,6,0,1,0,0,0,6.921632403000046,50.95489370400003
2023,2,18,1,2,5,3,1,1,1,0,0,7.654272119000041,51.93132072000003
2023,2,8,3,3,3,2,0,1,1,0,0,6.920847370000047,50.91408768500003
2023,2,6,3,3,5,3,2,1,1,0,0,6.908091659000036,50.931225666000046
2023,2,15,3,3,3,6,0,1,1,0,0,6.961319394000043,50.93001487500004
2023,2,13,2,3,3,2,0,1,1,0,0,7.603988452000067,51.994091652000066
2023,2,20,2,3,5,2,2,1,1,0,0,6.913394082000025,50.946636160000025
2023,2,12,2,3,5,2,0,1,1,0,0,7.831190005000053,51.66317886600007
2023,2,10,1,3,2,1,0,1,1,0,0,6.942141089000074,50.94486621600004
2023,2,16,1,2,0,1,0,1,0,0,0,7.740794357000027,51.66278395200004
2023,2,17,2,3,5,2,0,1,1,0,0,7.632694723000043,51.953725269000074
2023,2,7,6,3,5,2,0,1,1,0,0,7.588810464000062,51.965280043000064
2023,2,7,6,3,0,1,0,1,0,0,0,6.926597382000068,50.94268752200003
2023,2,11,6,3,5,2,0,1,1,0,0,6.972783634000052,50.870046899000045
2023,2,9,6,2,0,1,0,1,0,0,0,6.980781411000066,50.89802805700003
2023,3,17,3,3,0,3,1,1,0,0,0,7.756298312000069,51.69281637800003
2023,3,13,5,3,5,2,0,1,1,0,0,6.927882707000037,50.959730507000074
2023,2,14,5,3,0,2,0,1,1,0,0,6.988234363000061,50.93650192000007
2023,2,16,5,3,3,5,0,1,1,0,0,6.977685734000033,50.93512233600006
2023,2,7,5,3,5,3,0,1,1,0,0,7.879581011000028,51.69013508000006
2023,2,19,4,3,4,2,2,1,1,0,0,6.913987682000027,50.92984208000007
2023,2,14,3,2,5,2,0,1,1,0,0,7.638125566000042,51.95854923200005
2023,2,20,2,3,2,2,2,1,0,0,1,7.640251306000039,51.95755651400003
2023,2,18,2,3,5,3,2,1,1,0,0,7.629264171000045,51.925622290000035
2023,3,8,2,3,5,3,0,1,0,0,0,7.616902667000033,51.94986988800008
2023,3,17,2,3,0,1,0,1,0,0,0,6.915361303000054,50.920379480000065
2023,3,20,2,3,3,6,2,1,1,0,0,7.843885141000044,51.64376265700008
2023,3,10,1,3,5,2,0,1,1,0,0,6.912856665000049,50.94499459300005
2023,3,16,7,2,0,1,0,1,0,0,0,7.014754642000071,50.97531992900008
2023,3,16,7,3,0,1,0,1,0,0,0,6.955411798000057,51.028690804000064
2023,3,17,7,3,6,4,0,1,0,1,0,6.948855550000076,50.93547864800007
2023,3,11,6,3,5,3,0,1,1,0,0,6.893299751000029,50.99993726200006
2023,3,16,5,3,3,6,0,1,1,0,0,7.603732429000047,51.88565514800007
2023,3,15,5,3,5,2,0,1,1,0,0,7.642302027000028,51.96181369700008
2023,3,16,4,3,0,1,0,1,0,0,0,6.995537739000042,50.96430658100007
2023,3,16,4,3,0,1,0,1,0,0,0,6.972370316000024,50.93970861100007
2023,3,11,4,3,5,3,0,1,0,0,0,6.878968960000066,51.059237127000074
2023,3,16,3,3,5,3,0,1,1,0,0,7.658175804000052,51.97542996800007
2023,3,14,3,3,4,2,0,1,1,0,0,7.828010737000056,51.670235724000065
2023,3,16,7,3,5,3,0,1,1,0,0,7.013512257000059,50.93976618000005
2023,3,16,7,2,5,3,0,1,1,0,0,7.577453534000028,51.889667546000055
2023,3,21,6,3,0,2,2,1,1,0,0,7.637969917000021,51.949921577000055
2023,3,14,6,3,5,2,0,1,1,0,0,7.58621144500006,51.927556365000044
2023,3,17,6,2,5,2,1,1,1,0,0,7.645492600000068,51.945185149000054
2023,3,8,6,3,0,6,0,1,1,0,0,6.955168419000074,50.87405236800004
2023,3,15,6,3,5,2,0,1,1,0,0,7.798494816000073,51.655389177000075
2023,3,14,7,3,8,1,0,1,0,0,0,6.918726761000073,50.91587534100006
2023,3,11,3,3,1,5,0,1,0,0,0,6.954477132000022,50.96067775300003
2023,3,15,3,3,0,7,0,1,0,0,0,6.920847370000047,50.91408768500003
2023,4,11,1,2,0,3,0,1,1,0,0,7.08400012900006,50.86080257400005
2023,4,9,6,2,0,1,0,1,0,0,0,6.972880438000061,50.931368133000035
2023,4,14,5,2,5,2,0,1,1,0,0,7.631298215000072,51.92138144300003
2023,4,16,5,3,0,1,0,1,0,0,0,6.915343396000026,50.92040070300004
2023,4,1,4,2,0,1,2,1,0,0,0,7.014074790000052,50.97496477300007
2023,4,10,4,2,0,2,0,1,1,0,0,7.012784168000053,50.95640317500005
2023,4,20,4,3,5,3,0,1,1,0,0,6.932344839000052,50.948405654000055
2023,4,5,4,3,5,2,2,1,1,0,0,7.767139994000047,51.705344411000056
2023,4,19,3,3,3,6,0,1,0,0,0,7.635976734000053,51.959379958000056
2023,4,7,2,3,6,7,0,1,0,1,0,7.656736783000042,51.96702221800007
2023,4,23,2,3,5,2,0,1,1,0,0,6.926360180000074,50.93097198800007
2023,4,8,4,3,0,2,0,1,1,0,0,7.636936117000062,51.95090805900003
2023,4,8,7,3,0,7,0,1,1,0,0,7.641429057000039,51.96173657700007
2023,3,13,6,3,3,6,0,1,1,0,0,7.628755653000042,51.95482734500007
2023,3,10,6,3,0,5,0,1,0,0,0,7.002474302000053,50.93788353200006
2023,3,18,6,2,5,3,0,1,1,0,0,7.028235918000064,50.98489126100003
2023,3,17,6,3,5,3,0,1,1,0,0,6.829018822000023,50.95386140700003
2023,3,15,6,3,1,5,0,1,1,0,0,7.799221675000069,51.67111406300006
2023,3,16,5,3,5,2,0,1,1,0,0,6.921024620000026,50.914284992000034
2023,3,20,4,3,5,3,2,1,1,0,0,7.647095944000057,51.98562498300004
2023,3,5,4,3,4,6,2,1,0,0,0,7.603118749000032,51.92201182400004
2023,3,16,4,3,5,3,0,1,1,0,0,6.898287379000067,50.996108992000075
2023,3,21,4,3,0,1,2,1,0,0,0,6.940611912000065,50.931129473000055
2023,3,15,4,2,3,2,0,1,1,0,0,7.875564682000061,51.677197232000026
2023,3,12,3,3,3,2,0,1,1,0,0,7.629221287000064,51.94429068300008
2023,3,17,3,3,3,2,0,1,1,0,0,7.633459756000036,51.90756507700007
2023,3,7,3,3,5,3,0,1,1,0,0,7.07801981800003,50.92337755600005
2023,3,20,3,3,3,2,2,1,1,0,0,6.910684353000022,50.93978667400006
2023,3,8,3,3,5,2,0,1,1,0,0,6.930113663000043,50.90917698700008
2023,3,14,2,2,5,3,0,1,1,0,0,6.971075008000071,50.93667570500003
2023,3,7,2,3,0,1,0,1,0,0,0,6.970850479000035,50.93628287900003
2023,3,20,2,3,5,3,1,1,1,0,0,6.962658471000054,50.94306127300007
2023,3,16,2,3,3,6,0,1,0,0,0,7.807932471000072,51.67626117100008
2023,3,21,1,2,0,1,2,1,0,0,0,7.528015622000055,51.92840760900003
2023,3,23,7,3,8,1,2,1,0,0,0,7.613560303000042,51.96721622600006
2023,3,13,6,3,5,3,0,1,0,0,0,7.628920468000047,51.92688872400004
2023,3,17,6,3,5,3,0,1,1,0,0,7.588430718000041,51.970551561000036
2023,3,14,6,3,5,3,0,1,1,0,0,6.856743985000037,50.920293224000034
2023,3,13,5,3,5,3,0,1,0,0,0,7.637989019000031,51.95860337100004
2023,3,17,5,3,4,6,0,1,0,0,0,6.969594614000073,50.88306098000004
2023,3,12,5,3,5,3,0,1,1,0,0,7.814439992000075,51.705919109000035
2023,3,10,4,2,0,3,0,1,1,0,0,7.612230918000023,51.967259125000055
2023,3,7,4,3,3,6,0,1,0,0,0,7.616034764000062,51.97441937700006
2023,3,12,4,2,0,3,0,1,0,0,0,6.868514529000038,50.958699360000026
2023,3,16,4,3,3,2,0,1,1,0,0,7.816023733000065,51.672198284000046
2023,3,15,3,3,0,5,0,1,0,0,0,7.612803348000057,51.93983907100005
2023,3,8,3,3,0,3,0,1,1,0,0,6.99271335800006,50.93654222600003
2023,3,14,3,3,5,3,0,1,1,0,0,6.921463738000057,51.016132009000046
2023,3,17,3,3,0,1,0,1,0,0,0,6.926119277000055,50.860147235000056
2023,5,13,5,3,7,1,0,1,0,0,0,6.993099120000068,50.93677814400007
2023,5,8,5,3,5,2,0,1,1,0,0,7.052773971000022,50.972334018000026
2023,5,12,5,3,5,2,0,1,0,0,0,6.953334468000037,50.96662768500005
2023,5,7,5,3,6,4,0,1,0,1,0,6.940611465000075,50.93113050200003
2023,5,18,5,3,5,2,0,1,0,0,0,7.882961923000039,51.69762284600006
2023,5,13,4,3,3,6,0,1,0,0,0,7.645903614000076,51.95547035100003
2023,5,12,4,3,5,3,0,1,1,0,0,7.645716908000054,51.94496327400003
2023,5,10,4,2,6,6,0,1,0,1,0,6.947232411000073,50.92627088200004
2023,5,7,4,3,5,3,0,1,0,0,0,7.623980481000046,51.89955078000003
2023,5,10,3,3,2,2,0,1,0,0,0,7.623568642000066,51.94651124900008
2023,5,15,3,3,5,3,0,1,1,0,0,7.624582980000071,51.95561169400003
2023,5,11,3,3,5,2,0,1,0,0,0,6.994258069000068,50.93716934200006
2023,5,8,3,3,0,5,0,1,0,0,0,7.004509794000057,50.962617685000055
2023,5,8,3,3,4,6,0,1,0,0,0,6.996417819000044,50.964037027000074
2023,5,12,3,3,6,3,0,1,0,1,0,6.930581354000026,50.954837989000055
2023,5,18,3,3,0,1,0,1,0,0,0,6.915342999000075,50.92040117500005
2023,5,16,3,3,6,3,0,1,0,1,0,6.947016775000066,50.93567649700003
2023,5,12,2,3,6,6,0,1,0,1,0,6.955078692000029,50.935073370000055
2023,4,15,1,3,5,2,0,1,1,0,0,7.60943398400002,51.94081476100007
2023,4,12,1,3,6,4,0,1,0,1,0,7.067557941000075,50.90820592500006
2023,4,15,7,3,5,2,0,1,1,0,0,7.636120482000024,51.97207870700004
2023,4,21,7,2,9,7,2,1,0,0,0,7.702100456000039,51.92080496300008
2023,4,9,7,3,5,2,0,1,1,0,0,7.676259884000046,51.97067149000003
2023,4,16,7,2,0,1,0,1,0,0,0,7.641412055000046,51.94805948000004
2023,4,22,7,2,0,7,2,1,0,0,0,7.541452331000073,51.95521159500004
2023,4,12,7,3,5,3,0,1,1,0,0,6.828982113000052,50.959273945000064
2023,4,18,7,3,6,4,0,1,0,1,0,6.953108144000055,50.92340851200004
2023,4,15,6,3,1,6,0,1,1,0,0,6.855999495000049,51.07275111400003
2023,4,12,6,3,5,2,0,1,0,0,0,6.912856574000045,50.94498109500006
2023,5,15,4,3,5,2,0,1,1,0,0,6.852471612000045,50.93793988900006
2023,5,12,3,3,5,2,0,1,1,0,0,7.623177744000031,51.89794326300006
2023,4,17,5,3,3,6,0,1,0,0,0,7.612556758000039,51.96955907500006
2023,4,22,7,3,0,7,2,1,0,0,0,6.857183430000021,50.92579343700004
2023,4,11,4,3,1,5,0,1,1,0,0,7.04837612700004,50.892341130000034
2023,4,17,4,3,5,3,0,1,1,0,0,6.913295503000029,51.004099591000056
2023,4,22,4,3,5,3,2,1,1,0,0,6.88362838300003,50.93776382900006
2023,4,17,4,3,0,3,0,1,1,0,0,6.928683569000043,50.95997177500004
2023,4,17,4,3,0,5,0,1,1,0,0,6.985617435000052,50.89981458400007
2023,4,6,3,2,5,2,1,1,1,0,0,7.645502476000047,51.94517519000004
2023,4,13,3,3,5,3,0,1,0,0,1,7.612115423000034,51.93994450400004
2023,4,7,5,2,0,3,0,1,0,0,0,6.966848284000037,50.95908071400004
2023,4,21,2,3,3,6,2,1,1,0,0,6.917633617000035,50.951180589000046
2023,4,12,1,3,5,3,0,1,1,0,0,7.664957689000062,51.930885207000074
2023,4,18,1,3,0,7,0,1,1,0,0,6.904555910000056,50.93699912500006
2023,4,15,1,3,3,6,0,1,1,0,0,6.886256427000035,50.934105027000044
2023,4,13,7,3,0,1,0,1,0,0,0,6.950388110000063,50.95579097900003
2023,4,1,7,3,6,6,2,1,0,1,0,6.940312363000032,50.942043762000026
2023,4,18,6,3,5,2,0,1,1,0,0,7.623623513000041,51.94294274400005
2023,4,17,6,3,0,7,0,1,0,0,0,7.057572754000034,50.89425161200006
2023,4,8,6,3,5,3,0,1,0,0,0,6.999461125000039,50.98717451700003
2023,4,0,6,3,4,6,2,1,0,0,0,6.961071855000057,50.93570795900007
2023,4,9,3,3,5,3,0,1,1,0,0,7.099794055000075,50.90941439300008
2023,4,0,5,3,0,7,2,1,1,0,0,7.631136539000067,51.947244983000076
2023,4,12,5,3,5,2,0,1,1,0,0,7.588126644000056,51.97042128600003
2023,4,17,5,3,5,3,0,1,1,0,0,7.089726945000052,50.94767143000007
2023,4,8,5,3,6,6,0,1,0,1,0,7.058047717000022,50.895683931000065
2023,4,15,5,3,4,3,0,1,1,0,0,7.029857632000073,50.94025830900006
2023,4,17,5,3,5,2,0,1,1,0,0,6.886268289000043,50.934081597000045
2023,5,15,3,3,0,2,0,1,0,0,0,7.018720791000021,50.94020541400005
2023,4,19,4,3,4,6,0,1,0,0,0,7.581343592000053,51.96048929600005
2023,4,18,4,3,3,6,0,1,0,0,0,6.999815242000068,50.93766800100008
2023,4,2,4,3,3,6,2,1,1,0,0,7.057014122000055,50.91077475800006
2023,4,19,4,3,2,6,0,1,1,0,0,7.00237899800004,50.93786922400005
2023,4,7,4,3,5,3,0,1,1,0,0,6.97274045100005,50.93025688800003
2023,4,10,3,3,3,2,0,1,1,0,0,6.998528651000072,50.93749933200007
2023,4,16,3,3,4,6,0,1,0,0,0,6.992046467000023,50.901187363000076
2023,4,11,3,3,5,2,0,1,1,0,0,6.932530514000064,50.94855835200008
2023,4,9,3,3,5,2,0,1,1,0,0,6.905914425000049,50.937158037000074
2023,4,16,3,3,5,3,0,1,1,0,0,6.895319470000061,50.914476904000026
2023,4,18,3,3,5,3,0,1,1,0,0,6.966748783000071,50.92184504700003
2023,4,21,3,3,0,7,2,1,0,0,0,6.938996545000066,50.936202465000065
2023,4,13,3,3,0,6,0,1,0,0,0,6.940844924000032,50.93117260900004
2023,4,16,2,3,0,1,0,1,0,0,0,7.603975194000043,51.924241933000076
2023,4,15,2,3,0,7,0,1,1,0,0,7.004470320000053,50.93819356800003
2023,4,9,2,3,4,2,0,1,1,0,0,7.806170407000025,51.675336196000046
2023,4,7,6,3,5,2,0,1,0,0,0,7.715811765000069,51.911249515000065
2023,4,22,7,3,0,1,2,1,0,0,0,7.670395656000039,51.999808270000074
2023,4,3,7,3,5,2,2,1,1,0,0,6.924804621000021,50.936550288000035
2023,4,12,7,3,6,6,0,1,0,1,0,6.959569281000029,50.921206400000074
2023,4,8,4,2,5,3,0,1,1,0,0,7.006414041000028,50.96725593200006
2023,4,7,4,3,5,3,0,1,1,0,0,7.659717751000073,51.98430082300007
2023,4,6,6,3,9,1,1,1,0,0,0,6.873186038000028,50.937779662000025
2023,4,16,4,3,0,2,0,1,1,0,0,7.001784194000038,50.86940857500008
2023,4,17,5,3,3,6,0,1,1,0,0,6.937339392000069,50.92511597400005
2023,4,17,5,3,0,6,0,1,1,0,0,6.916763170000024,50.93092678900007
2023,4,10,4,3,0,1,0,1,0,0,0,7.069994920000056,50.94636262100005
2023,4,11,4,3,1,5,0,1,1,0,0,6.954406425000059,50.96139292500004
2023,4,8,4,3,5,2,0,1,1,0,0,6.928299722000077,50.94503933800007
2023,4,10,4,3,0,1,0,1,0,0,0,6.913739311000029,50.97239171200005
2023,4,8,4,2,4,6,0,1,0,0,0,6.986591451000038,50.899145615000066
2023,4,1,7,3,0,7,2,1,0,0,0,7.617724349000071,51.96513779300005
2023,4,12,1,3,5,2,0,1,1,0,0,7.104674464000027,50.88024809400008
2023,4,18,3,3,0,5,0,1,1,0,0,7.002492606000033,50.93788628000004
2023,4,15,3,3,5,2,0,1,1,0,0,6.939467800000045,50.99386478000008
2023,4,18,3,3,5,2,0,1,1,0,0,6.950865606000036,50.97350445500007
2023,4,16,4,2,5,2,0,1,0,0,0,6.958736233000025,50.950134623000054
2023,5,9,4,3,1,6,0,1,1,0,0,6.855138953000051,50.99844518900005
2023,5,15,2,3,0,3,0,1,1,0,0,7.073756584000023,50.92441830300004
2023,5,12,2,3,0,3,0,1,0,0,0,7.087246889000028,50.94731709100006
2023,5,16,2,3,2,2,0,1,1,0,0,6.988808336000034,50.86709992600004
2023,5,14,2,3,0,1,0,1,0,0,0,6.940654597000048,50.931030459000056
2023,5,16,1,3,5,3,0,1,1,0,0,6.829374603000076,50.93827957500008
2023,5,17,1,3,0,7,0,1,1,0,0,7.000353358000041,50.882709498000054
2023,5,12,1,3,0,1,0,1,0,0,0,6.976883823000037,50.88622058700008
2023,5,16,1,3,6,6,0,1,0,1,0,6.967175446000056,50.95087626700007
2023,5,15,7,3,0,4,0,1,0,1,0,7.62997443200004,51.96413341600004
2023,5,7,7,2,5,3,0,1,1,0,0,7.082351078000045,50.88154281200008
2023,5,8,7,2,5,3,0,1,1,0,0,7.072574016000033,50.96456689300004
2023,5,22,7,3,4,7,2,1,1,0,0,6.940310433000036,50.92968189000004
2023,5,7,6,3,5,3,0,1,1,0,0,7.635712302000059,51.901037478000035
2023,5,17,6,2,5,3,0,1,0,0,0,7.002862204000053,50.96035808200003
2023,5,8,6,3,0,5,0,1,1,0,0,6.95452520200007,50.959889057000055
2023,5,7,6,3,5,3,0,1,1,0,0,6.915646987000059,50.970971434000035
2023,5,12,6,3,6,4,0,1,0,1,0,6.999109215000033,50.88422473500003
2023,5,11,6,3,0,3,0,1,1,0,0,6.999096050000048,50.86769974500004
2023,5,13,5,3,5,3,0,1,1,0,0,7.656401763000076,51.96987793300008
2023,5,9,5,3,2,6,0,1,0,0,0,7.006369477000021,50.96577072000008
2023,5,9,5,3,5,2,0,1,1,0,0,6.953619554000056,50.90396156400004
2023,5,18,4,3,0,1,0,1,0,0,0,7.034880028000032,50.931637641000066
2023,5,7,4,3,5,3,0,1,0,0,0,6.999244227000077,50.924177204000046
2023,5,13,4,3,6,6,0,1,0,1,0,6.963767629000074,50.93621525400005
2023,5,7,4,3,0,3,0,1,1,0,0,6.940232164000065,50.96823969600007
2023,5,18,6,3,5,3,0,1,1,0,0,6.912872404000041,50.945126250000044
2023,5,15,3,3,3,2,0,1,1,0,0,7.667244955000058,51.92895252100004
2023,5,19,3,3,5,2,0,1,1,0,0,6.955831474000036,50.957228007000026
2023,5,20,3,3,3,5,0,1,1,0,0,6.939805202000059,50.93990413500006
2023,5,14,3,3,5,3,0,1,1,0,0,7.831330318000028,51.667656461000036
2023,5,7,2,3,5,3,0,1,1,0,0,7.636540093000065,51.97353360300008
2023,5,12,2,3,5,2,0,1,1,0,0,7.62724131300007,51.943246626000075
2023,5,10,2,3,4,2,0,1,0,0,0,7.639082948000066,51.902842580000026
2023,5,15,2,3,5,6,0,1,0,0,0,7.602780422000023,51.96886293500006
2023,5,14,2,3,1,5,0,1,1,0,0,6.997026685000037,50.937346210000044
2023,5,8,2,3,0,1,0,1,0,0,0,7.029623982000032,50.94025548600007
2023,5,16,1,3,5,3,0,1,0,0,1,7.619200027000034,51.952633777000074
2023,5,19,1,3,3,5,0,1,1,0,0,6.936085869000067,50.93650936900008
2023,5,18,7,2,5,3,0,1,1,0,0,7.030932302000053,50.940528140000026
2023,5,18,7,3,5,3,0,1,1,0,0,6.946090562000052,50.98602096600007
2023,5,19,7,3,1,5,0,1,1,0,0,6.912336910000022,50.92382885400008
2023,5,22,6,3,0,7,1,1,1,0,0,7.675576793000062,51.92112322400004
2023,5,7,6,3,0,6,0,1,0,0,0,7.554932897000072,51.978830077000055
2023,5,11,6,3,6,4,0,1,0,1,0,7.718412275000048,51.91609875000006
2023,5,17,6,3,5,3,0,1,1,0,0,7.60177163700007,51.994953215000066
2023,5,10,1,3,3,2,0,1,1,0,0,6.868360559000052,50.96655802600003
2023,5,15,6,3,0,6,0,1,0,0,0,6.956982863000064,50.92202049800005
2023,5,7,5,3,1,6,0,1,0,0,0,7.64164147300005,51.95693527900005
2023,5,6,3,3,5,3,0,1,1,0,0,7.814243299000054,51.67222534700005
2023,5,11,3,3,0,7,0,1,1,0,0,7.844752637000056,51.68429936500007
2023,5,14,2,3,4,6,0,1,0,0,0,7.589277263000042,51.928638103000026
2023,5,9,2,3,6,4,0,1,0,1,0,7.017830619000051,50.93353835500005
2023,5,13,2,2,0,1,0,1,0,0,0,6.876031840000053,50.924194871000054
2023,5,13,2,3,0,1,0,1,0,0,0,6.996552188000067,50.864151469000035
2023,5,15,1,3,1,2,0,1,1,0,0,7.626916173000041,51.95553505100003
2023,5,19,1,3,5,3,0,1,1,0,0,6.941430183000023,50.929220574000055
2023,5,22,1,3,4,7,2,1,0,0,0,6.963005573000032,50.944400021000035
2023,5,13,7,3,5,3,0,1,1,0,0,7.694917791000023,51.911056175000056
2023,5,12,7,3,3,2,0,1,1,0,0,7.714867691000052,51.93561163500004
2023,5,17,7,3,0,3,0,1,1,0,0,7.642317477000063,51.96181548800007
2023,5,15,7,3,0,1,0,1,1,0,0,6.978682229000071,50.939527686000076
2023,5,13,7,3,0,3,0,1,1,0,0,6.952081206000059,50.97067959100008
2023,5,19,7,3,6,4,0,1,1,1,0,6.895448067000075,50.93720418600003
2023,5,8,7,3,5,3,0,1,1,0,0,6.931337024000072,50.922739481000065
2023,5,14,7,3,5,2,0,1,1,0,0,7.844127154000034,51.65469629000006
2023,5,16,6,2,0,1,0,1,0,0,0,7.594947011000045,51.89098609000007
2023,5,10,6,3,0,7,0,1,0,1,0,7.656333916000051,51.969667120000054
2023,5,15,6,3,6,4,0,1,0,1,0,7.019591499000057,50.93339760300006
2023,5,10,6,2,0,1,0,1,0,0,0,7.074798168000029,50.98022727800003
2023,5,7,6,3,7,7,0,1,0,0,0,7.013688178000052,50.95372966200006
2023,5,14,6,3,5,3,0,1,1,0,0,6.903064418000042,50.99193735700004
2023,5,9,6,3,5,3,0,1,0,0,0,6.955075263000026,51.01159675300005
2023,5,18,5,3,0,2,0,1,1,0,0,7.054235723000033,50.87945112300008
2023,5,13,5,3,5,2,0,1,1,0,0,6.94976403000004,50.955617723000046
2023,5,6,5,3,5,3,0,1,1,0,0,6.90125602300003,50.98224816700008
2023,5,18,5,3,5,3,0,1,1,0,0,6.913761693000026,50.94752482800004
2023,5,18,7,2,0,1,0,1,0,0,0,6.903652730000033,50.90107345100006
2023,5,12,4,3,2,6,0,1,0,0,0,7.646888202000071,51.943731573000036
2023,5,7,4,3,0,5,0,1,1,0,0,6.989330540000026,50.93189414500006
2023,5,21,4,2,0,1,1,1,0,0,0,6.978877131000047,50.939630546000046
2023,5,15,3,3,0,6,0,1,1,0,0,7.875793375000057,51.67766811000007
2023,5,19,3,3,0,1,0,1,0,0,0,7.617974272000026,51.974506733000055
2023,5,12,3,3,4,6,0,1,0,0,0,7.576014980000025,51.97234167400006
2023,5,13,3,3,5,3,0,1,1,0,0,7.630198540000038,51.954329752000035
2023,5,16,3,3,8,1,0,1,0,0,0,7.040149086000042,50.968542709000076
2023,5,17,3,3,6,7,0,1,0,1,0,6.908910551000076,50.92765550800004