UJAHR,UMONAT,USTUNDE,UWOCHENTAG,UKATEGORIE,UART,UTYP1,ULICHTVERH,IstRad,IstPKW,IstFuss,IstKrad,XGCSWGS84,YGCSWGS84
2023,5,16,2,3,3,2,0,1,0,0,0,7.64258602600006,51.95657796800003
2023,5,15,1,3,5,3,0,1,0,0,1,7.592972434000046,52.04016273000008
2023,5,14,1,2,3,2,0,1,1,0,0,7.606564204000051,51.930498227000044
2023,5,15,1,3,2,6,0,1,0,0,0,7.104171787000041,50.88586629800005
2023,5,20,6,3,0,1,0,1,0,0,0,6.973307216000023,50.95723021900005
2023,5,10,6,2,5,3,0,1,0,0,0,6.870027048000054,50.92297171000007
2023,5,17,6,3,0,1,0,1,0,0,0,6.917441861000043,50.93664174300005
2023,5,0,2,3,0,1,2,1,0,0,0,7.892135929000062,51.69071801000007
2023,5,17,4,3,0,6,0,1,0,0,0,7.612814735000029,51.967220214000065
2023,5,11,4,3,0,2,0,1,1,0,0,7.588672162000023,51.96546203200006
2023,5,17,4,3,0,5,0,1,0,0,0,7.002818236000053,50.93793516300008
2023,5,19,4,3,6,6,0,1,1,1,0,6.985710701000073,50.936540627000056
2023,5,8,4,3,1,3,0,1,0,0,0,6.978919107000024,50.92475236800004
2023,5,12,4,3,5,3,0,1,1,0,0,6.952440678000073,50.969843697000044
2023,5,14,4,2,5,3,0,1,0,0,0,6.944988393000074,50.92693165500003
2023,5,14,2,3,7,1,0,1,0,0,0,7.006943362000072,50.97134977200005
2023,5,12,3,3,0,2,0,1,0,0,0,7.712075608000021,51.99494068200005
2023,5,8,3,2,0,1,0,1,0,0,0,7.606498818000034,51.93033086100007
2023,5,7,3,3,3,6,0,1,0,0,0,7.619816166000021,51.957896693000066
2023,5,7,3,3,0,1,0,1,0,0,0,6.887617472000045,51.023643406000076
2023,5,6,3,3,0,1,0,1,0,0,0,6.920402290000027,50.953729672000065
2023,5,15,3,3,5,3,0,1,0,0,0,6.949502786000039,50.90420960800003
2023,5,12,3,3,3,2,0,1,0,0,1,6.929635832000031,50.917933015000074
2023,5,9,3,3,3,2,0,1,1,0,0,6.910162422000042,50.92620923700008
2023,5,9,3,3,0,2,0,1,1,0,0,7.076294184000062,50.945110869000075
2023,5,12,3,3,5,2,0,1,0,0,0,7.613417648000052,51.96844542600007
2023,5,17,2,3,5,2,0,1,1,0,0,7.62178663800006,51.99356143600005
2023,6,22,4,3,5,3,1,1,1,0,0,7.646690144000047,51.96464775000004
2023,6,14,4,3,5,3,0,1,1,0,0,7.602412323000067,51.935496906000026
2023,6,7,4,3,3,6,0,1,0,0,0,7.631317331000048,51.95399867800006
2023,6,18,4,3,0,3,0,1,1,0,0,7.079025510000065,50.92335111300008
2023,6,15,4,3,0,1,0,1,0,0,0,6.983374569000034,50.93732146900004
2023,6,22,4,3,3,7,2,1,1,0,0,6.940480938000064,50.93199456700006
2023,6,14,4,2,3,2,0,1,1,0,0,7.777056343000027,51.69241862400003
2023,6,8,3,2,6,4,0,1,0,1,0,7.639960371000029,51.95311563200005
2023,6,8,3,3,6,3,0,1,0,1,0,6.900362545000064,50.937277220000055
2023,6,7,3,3,4,2,0,1,1,0,0,7.832087752000064,51.66582631000006
2023,6,15,3,2,4,6,0,1,0,0,0,7.830935267000029,51.70674940600003
2023,6,13,3,2,0,1,0,1,0,0,0,7.852545100000043,51.679732923000074
2023,6,19,3,3,5,2,0,1,1,0,0,6.950693924000063,50.97390301100006
2023,6,19,2,2,6,6,0,1,0,1,0,6.998224118000053,50.93746840600005
2023,6,17,2,3,5,3,0,1,1,0,0,6.909815533000028,51.049345681000034
2023,6,10,2,3,5,2,0,1,1,0,0,6.95258741400005,50.92410435700003
2023,6,11,2,3,5,2,0,1,0,0,0,6.956553006000036,50.922196789000054
2023,6,13,1,3,0,5,0,1,1,0,0,7.094749869000054,50.920355044000075
2023,6,14,1,3,4,6,0,1,0,0,0,7.054024825000056,50.879280247000054
2023,6,20,1,3,5,7,0,1,1,0,0,7.08059122700007,50.92209208100007
2023,6,2,1,3,9,7,2,1,0,0,0,6.933102876000021,50.93655460200006
2023,6,20,7,3,0,1,0,1,1,0,0,7.003988605000075,50.93811403600006
2023,6,11,7,3,5,3,0,1,1,0,0,7.034008888000074,50.967289608000044
2023,6,22,7,3,0,1,2,1,0,0,0,6.954800331000058,50.903767739000045
2023,6,9,7,3,5,2,0,1,1,0,0,6.907557187000066,50.92728304700006
2023,6,7,6,3,3,2,0,1,1,0,0,7.588152284000046,51.97037646500007
2023,6,14,6,3,0,7,0,1,0,0,0,7.666448616000025,51.92947986300004
2023,6,19,4,3,5,7,0,1,1,0,0,6.894906692000063,50.92520641400006
2023,6,23,6,3,0,1,2,1,0,0,0,6.913808414000073,50.921702294000056
2023,6,13,5,3,3,6,0,1,0,0,0,6.98145226400004,50.90312724700004
2023,6,18,4,3,0,1,0,1,0,0,0,7.629041631000064,51.944161508000036
2023,6,20,4,3,0,1,1,1,0,0,0,6.979165989000023,50.92449662000007
2023,6,18,2,3,0,4,0,1,1,1,0,7.004116564000071,50.93813516300003
2023,6,7,3,3,0,1,0,1,0,0,0,7.619231812000066,51.95267744600005
2023,6,10,1,3,0,6,0,1,0,0,0,6.869000591000031,50.93779623300003
2023,6,12,2,3,3,6,0,1,1,0,0,7.625931932000071,51.95566725400005
2023,6,18,4,3,5,2,0,1,0,0,0,7.006947825000054,50.96945673700003
2023,6,17,2,3,2,7,0,1,1,0,0,7.014560518000053,50.96332635200008
2023,6,15,2,3,0,1,0,1,0,0,0,6.913699813000051,51.023940217000074
2023,6,9,2,2,5,2,0,1,0,0,0,6.974024714000052,50.95621730500005
2023,6,7,2,3,0,1,0,1,0,0,0,6.929985249000026,50.946282352000026
2023,6,8,2,2,5,2,0,1,1,0,0,6.926360180000074,50.93097198800007
2023,6,6,2,3,0,2,0,1,1,0,0,6.914262613000062,50.92995246400005
2023,6,19,1,3,5,3,0,1,1,0,0,6.945300007000071,50.89048132900007
2023,6,9,1,2,0,1,0,1,0,0,0,7.884616243000039,51.687166097000045
2023,6,13,1,3,3,2,0,1,1,0,0,7.877990548000071,51.68364255100005
2023,6,21,1,3,5,2,1,1,1,0,0,7.811382537000043,51.67747882100008
2023,6,2,7,3,0,1,2,1,0,0,0,6.987688903000048,50.91898054400008
2023,6,9,7,3,5,3,0,1,1,0,0,6.959618379000062,50.92091526100006
2023,6,12,6,3,5,3,0,1,1,0,0,7.041450551000025,50.94128371100004
2023,6,14,6,3,3,5,0,1,1,0,0,6.998916924000071,50.937537441000075
2023,6,15,6,3,0,3,0,1,0,0,0,6.940869514000042,50.95376495700003
2023,6,12,6,3,5,3,0,1,0,0,0,6.999675808000063,50.87116129900005
2023,6,11,6,3,3,2,0,1,1,0,0,7.802898822000031,51.67333714800003
2023,6,14,5,3,5,3,0,1,1,0,0,7.02219535200004,50.98003311200006
2023,6,17,5,3,0,2,0,1,1,0,0,6.827338456000064,50.94040092500006
2023,6,18,5,3,5,6,0,1,1,0,0,6.924309023000035,50.93655342000005
2023,6,13,5,3,4,3,0,1,0,0,0,6.924555590000068,50.93551676900006
2023,6,8,5,3,6,4,0,1,0,1,0,6.960768220000034,50.93091266700003
2023,6,13,7,3,0,1,0,1,0,0,0,6.866080751000027,50.97047584500007
2023,6,18,5,3,0,1,0,1,0,0,0,7.777275471000053,51.657412065000074
2023,5,14,4,3,3,6,0,1,1,0,0,7.626181181000049,51.954732369000055
2023,5,14,4,3,0,6,0,1,0,0,0,7.070474786000034,50.97867499400007
2023,5,14,4,3,0,3,0,1,1,0,0,6.883493903000044,50.93773904300008
2023,5,12,4,3,3,6,0,1,1,0,0,6.921032941000021,50.91427920500007
2023,5,7,4,3,0,5,0,1,1,1,0,6.969117345000029,50.904287546000035
2023,5,12,4,3,5,3,0,1,1,0,0,6.959833125000046,50.930745486000035
2023,5,19,4,3,1,5,0,1,1,0,0,6.941322909000064,50.93000567400003
2023,6,8,7,2,5,3,0,1,1,0,0,7.869806467000046,51.65648955000006
2023,5,12,4,3,5,2,0,1,1,0,0,7.838707511000052,51.65424215400003
2023,5,13,3,3,5,3,0,1,1,0,0,7.602670662000037,51.96905340600006
2023,5,16,3,3,5,2,0,1,1,0,0,7.066659916000049,50.977303996000046
2023,5,19,3,3,0,1,0,1,0,0,0,6.99411681600003,51.00822491900004
2023,5,12,3,3,0,5,0,1,1,0,0,6.951904280000065,50.97109099100004
2023,5,8,3,3,5,3,0,1,1,0,0,7.107566766000048,50.872599680000064
2023,6,14,7,3,8,1,0,1,0,0,0,6.963005930000065,50.93500355700007
2023,6,22,7,2,5,2,2,1,1,0,0,6.939103842000065,50.93539504000006
2023,6,9,7,3,0,7,0,1,1,0,0,7.777240797000047,51.69231470100004
2023,6,12,6,3,5,3,0,1,1,0,0,7.626802731000055,51.93189313400006
2023,6,16,6,3,5,3,0,1,0,0,0,7.62464435000004,51.94986338600006
2023,6,15,6,2,5,3,0,1,1,0,0,7.601697643000023,51.96517105400005
2023,6,15,6,3,5,3,0,1,1,0,0,6.977888409000059,50.92581823100005
2023,6,11,5,3,0,3,0,1,0,0,0,7.626788410000074,51.931927536000046
2023,6,15,5,3,5,7,0,1,1,0,0,7.63631728200005,51.972503378000056
2023,6,12,5,3,5,3,0,1,1,0,0,7.818517856000028,51.68256507700005
2023,6,14,5,3,0,7,0,1,0,0,0,7.794678569000041,51.679981369000075
2023,6,7,4,3,5,3,0,1,0,0,0,7.560329499000034,51.95296725700007
2023,6,17,4,3,4,3,0,1,1,0,0,7.611741617000064,51.983695202000035
2023,6,8,4,3,1,5,0,1,1,0,0,7.685216758000024,51.99432649700003
2023,6,18,4,3,3,6,0,1,0,0,0,7.634273895000035,51.959702658000026
2023,6,19,4,3,3,3,0,1,1,0,0,7.626104104000035,51.95610251100004
2023,6,11,4,3,5,2,0,1,1,0,0,6.994835604000059,50.91443893400003
2023,6,18,4,3,5,3,0,1,1,0,0,7.06997728500005,50.882047741000065
2023,6,14,4,3,0,3,0,1,1,0,0,6.999702443000047,50.95489642500007
2023,6,8,4,3,5,3,0,1,1,0,0,6.933590891000051,50.96466319500007
2023,6,18,4,3,4,6,0,1,0,0,0,6.959531466000044,50.921194144000026
2023,6,13,4,3,0,1,0,1,0,0,0,6.946994597000071,50.92601495000008
2023,6,8,4,3,6,6,0,1,0,0,0,6.939637000000062,50.93925111200008
2023,6,11,3,3,5,2,0,1,1,0,0,7.651217234000057,51.90510492700008
2023,6,13,3,3,5,3,0,1,1,0,0,7.582042702000024,51.960532353000076
2023,6,16,3,3,5,3,0,1,1,0,0,7.083498165000037,50.869512248000035
2023,6,15,3,2,0,1,0,1,0,0,0,7.015242908000062,50.97555928600008
2023,6,8,3,3,5,3,0,1,1,0,0,6.989371584000025,50.93192791900003
2023,6,11,3,3,0,7,0,1,0,0,0,6.971842464000076,50.931116376000034
2023,6,9,3,3,0,5,0,1,0,0,0,6.858455187000061,51.058677844000044
2023,6,10,3,2,0,7,0,1,0,0,0,6.990122427000074,50.89578559700004
2023,6,19,3,3,4,6,0,1,0,0,1,6.871668731000057,50.976338319000035
2023,6,10,7,3,6,4,0,1,0,1,0,6.953918990000034,50.96356594300005
2023,6,13,3,3,6,7,0,1,0,1,0,7.829370828000037,51.708485619000044
2023,6,14,2,3,3,5,0,1,0,0,0,7.625158143000021,51.95565240600007
2023,6,8,2,3,3,2,0,1,0,0,0,7.054520057000047,50.87967093600008
2023,6,16,2,3,4,6,0,1,0,0,0,6.983936748000076,50.94450392700003
2023,6,15,2,2,0,5,0,1,1,0,0,6.954450593000047,50.96100872000005
2023,6,7,2,3,5,7,0,1,1,0,0,6.957729909000022,50.95776549900006
2023,6,14,2,3,0,5,0,1,1,0,0,6.938865070000077,50.935384131000035
2023,6,14,2,3,0,1,0,1,0,0,0,7.748646618000066,51.640356937000035
2023,6,9,1,3,4,2,0,1,1,0,0,7.025777063000021,50.94023888800007
2023,6,10,1,2,0,1,0,1,0,0,0,7.037671076000038,50.93047742300007
2023,6,15,1,3,0,3,0,1,1,0,0,7.028190813000037,50.98480550200003
2023,6,12,1,3,0,1,0,1,0,0,0,6.931406269000036,51.00509093100004
2023,6,15,1,2,0,1,0,1,0,0,0,6.939769572000046,50.96818473400003
2023,6,16,7,3,5,3,0,1,1,0,0,7.64214867000004,51.99240733200003
2023,6,20,7,2,5,2,0,1,1,0,0,6.910170164000021,50.92620007800008
2023,6,10,7,3,6,4,0,1,0,1,0,6.930152752000026,50.92528942100006
2023,6,16,7,3,2,6,0,1,0,0,0,6.957382237000047,50.921705958000075
2023,6,17,3,3,4,6,0,1,0,0,0,7.63322830900006,51.967802988000074
2023,6,16,6,3,0,7,0,1,0,0,0,7.631653699000026,51.91999303400007
2023,6,8,6,3,5,3,0,1,1,0,0,7.679765132000057,51.98830908900004
2023,6,18,6,3,4,2,0,1,1,0,0,7.567686148000064,51.955737104000036
2023,6,9,1,3,0,1,0,1,0,0,0,7.003246452000042,50.96060939500006
2023,6,13,6,3,6,7,0,1,0,1,0,7.019433915000036,50.93341115700008
2023,6,16,6,3,6,4,0,1,0,1,0,7.005888150000033,50.96487777800007
2023,6,15,6,3,0,3,0,1,1,0,0,6.87453849000002,51.00322243000005
2023,6,15,6,3,5,2,0,1,0,0,0,6.87800721900004,50.93783485600005
2023,6,16,6,2,3,6,0,1,1,0,0,6.923723978000055,50.91250982400004
2023,6,20,6,3,0,6,0,1,0,0,0,6.939156261000051,50.93742658700006
2023,6,18,6,3,3,6,0,1,1,0,0,6.958345602000065,50.93552891500008
2023,6,1,6,3,1,5,2,1,1,0,0,6.942293466000024,50.92906050500005
2023,6,8,5,2,5,3,0,1,1,0,0,7.647556078000036,51.96196413200005
2023,6,21,5,2,0,1,1,1,0,0,0,6.924630329000024,50.93756499600005
2023,6,14,5,3,5,2,0,1,0,0,0,6.900938491000034,50.98507071100005
2023,7,13,4,3,0,1,0,1,0,0,0,6.940855866000049,50.93114692300003
2023,7,14,3,3,3,2,0,1,1,0,0,7.594365245000063,51.96505615800004
2023,7,17,3,3,0,1,0,1,0,0,0,7.037942471000065,50.89733072100006
2023,7,14,3,2,3,2,0,1,0,0,0,6.979180928000062,50.940035813000065
2023,7,18,2,3,3,6,0,1,0,0,0,6.924947411000062,51.01247935300006
2023,7,8,2,3,8,1,0,1,0,0,0,6.955105288000027,51.007013982000046
2023,7,11,2,3,4,2,0,1,1,0,0,6.982398147000026,50.88880368400004
2023,7,10,2,2,9,1,0,1,0,0,0,7.842382769000039,51.688445684000044
2023,7,14,1,3,0,3,0,1,1,0,0,7.588145603000044,51.97042157200008
2023,7,0,1,3,3,6,2,1,1,0,0,7.644201102000068,51.953830563000054
2023,7,0,1,3,0,1,0,1,0,0,0,6.937510340000074,50.92527884400005
2023,7,15,7,3,5,2,0,1,0,0,0,7.619000785000026,51.952578721000066
2023,7,18,7,3,0,6,0,1,1,0,0,7.048683532000041,50.998939248000056
2023,7,15,7,3,5,2,0,1,1,0,0,6.881673867000075,50.93779990100006
2023,7,6,6,3,5,3,0,1,1,0,0,7.721124518000067,51.97904431500007
2023,7,7,6,3,0,1,0,1,0,0,0,7.077572143000054,50.94525632700004
2023,7,13,6,3,1,6,0,1,0,0,0,7.01254543500005,50.99132702400004
2023,7,14,6,3,0,6,0,1,1,0,0,7.056242140000052,50.97506369100006
2023,7,16,6,3,5,2,0,1,0,0,0,6.912795366000068,50.93695465500008
2023,7,16,6,3,0,1,0,1,0,0,0,7.891398183000035,51.63388464600007
2023,7,12,7,3,5,2,0,1,1,0,0,6.879181381000024,51.00021623200007
2023,7,16,5,3,5,3,0,1,1,0,0,7.69697790500004,51.973953177000055
2023,7,16,5,2,5,2,0,1,1,0,0,7.014566186000025,50.933890768000026
2023,7,8,5,2,5,3,0,1,1,0,0,7.029147392000027,50.96629043900003
2023,7,7,4,3,0,2,0,1,1,0,0,7.635459740000044,51.96200070100008
2023,7,13,4,3,0,1,0,1,0,0,0,6.971236134000037,50.93615291200007
2023,7,22,4,3,0,1,2,1,0,0,0,7.006355469000027,50.966880881000066
2023,7,19,4,2,9,1,0,1,1,0,0,6.942025870000066,50.96848523500006
2023,7,10,4,2,0,1,0,1,0,0,0,6.916945850000047,50.95048903600008
2023,7,22,4,3,0,1,2,1,0,0,0,6.914998278000041,50.92033342700006
2023,7,17,4,3,5,2,0,1,1,0,0,7.818001563000053,51.70074473600005
2023,7,21,3,3,5,3,0,1,1,0,0,7.633775436000064,51.96209078700008
2023,7,19,3,3,5,2,0,1,1,0,0,7.026538585000026,50.96575831400003
2023,7,7,3,3,0,7,0,1,0,0,0,6.914935761000038,50.92088384700003
2023,7,10,3,3,1,5,0,1,1,0,0,6.934873860000039,50.93543435700008
2023,7,11,3,3,5,3,0,1,0,0,0,7.813055985000062,51.67857291000007
2023,7,13,2,3,0,4,0,1,0,1,0,7.640759396000021,51.97120837400007
2023,7,13,2,3,5,2,0,1,0,0,0,7.08382449000004,50.86406507500004
2023,7,8,2,3,5,2,0,1,1,0,0,7.853738367000062,51.665518649000035
2023,7,20,1,2,0,1,1,1,0,0,0,6.923851957000068,50.936559825000074
2023,7,9,7,3,4,2,0,1,1,0,0,7.651286715000026,51.90512318000003
2023,7,15,7,2,0,1,0,1,0,0,0,7.700914339000065,51.923137643000075
2023,7,14,7,3,0,3,0,1,1,0,0,7.055876168000054,50.89134182400005
2023,7,13,7,3,0,1,0,1,0,0,0,6.912892652000039,50.94527720100007
2023,6,14,6,3,5,2,0,1,1,0,0,7.041092325000022,50.92948000700005
2023,6,15,6,3,0,3,0,1,1,0,0,7.016328064000049,50.95110307200008
2023,6,7,6,3,5,3,0,1,1,0,0,7.771550252000054,51.69733954000003
2023,6,10,6,3,5,3,0,1,1,0,0,7.81744724400005,51.67942919200004
2023,6,12,5,3,0,1,0,1,0,0,0,7.088625082000021,50.92234463300008
2023,6,16,5,3,0,3,0,1,1,0,0,7.036845244000062,50.99640509000005
2023,6,18,5,3,0,6,0,1,1,0,0,6.957227222000029,50.95361477600005
2023,6,13,5,2,0,1,0,1,0,0,0,7.811352597000052,51.671745703000056
2023,6,15,4,3,5,2,0,1,1,0,0,7.634099871000046,51.96984964100005
2023,6,8,4,3,5,3,0,1,1,0,0,7.584459006000031,51.93557549800005
2023,6,15,4,3,5,7,0,1,1,0,0,6.958300000000065,51.02579312000006
2023,6,13,4,3,0,1,0,1,0,0,0,6.929540548000034,50.92588632200005
2023,6,13,4,3,5,3,0,1,1,0,0,6.976383105000025,50.84420695100005
2023,6,16,4,3,0,5,0,1,1,0,0,6.988336092000054,50.89805135000006
2023,6,9,4,3,5,3,0,1,1,0,0,6.942804937000062,50.93578507500007
2023,6,12,3,3,3,1,0,1,0,0,0,7.619769260000055,51.95765753000006
2023,6,14,3,3,0,3,0,1,0,1,0,7.058608530000072,50.88320121700008
2023,6,15,3,3,1,5,0,1,1,0,0,7.028009824000037,50.98449162800006
2023,6,18,3,3,5,3,0,1,1,0,0,7.002757726000027,50.95981786300007
2023,6,13,3,3,5,3,0,1,1,0,0,6.924470032000045,50.93655086200005
2023,6,6,2,3,5,3,0,1,0,0,0,7.600827637000066,51.94478067400007
2023,6,15,2,3,3,3,0,1,1,0,0,7.628930092000076,51.926866345000064
2023,6,15,2,2,5,3,0,1,1,0,0,7.742655127000035,51.91707167900006
2023,6,12,2,2,2,3,0,1,0,0,0,7.693632538000031,51.97355023800003
2023,6,19,2,3,0,5,0,1,1,0,0,6.989973881000026,50.89218975500006
2023,6,2,2,3,0,7,2,1,0,0,0,6.977701098000068,50.906736624000075
2023,6,7,2,3,0,5,0,1,0,0,0,6.954842597000038,50.949739855000075
2023,6,18,2,3,0,6,0,1,1,0,0,6.941406560000075,50.92925676300007
2023,7,3,1,3,0,1,2,1,0,0,0,7.050937895000061,50.971673906000035
2023,6,1,1,2,0,7,2,1,0,0,0,7.632675925000058,51.95373302100006
2023,6,15,1,3,0,1,0,1,0,0,0,6.974262962000068,50.92894121300003
2023,6,13,2,2,9,1,0,1,0,0,0,6.94461850600004,50.92714216400003
2023,8,10,5,3,0,2,0,1,1,0,0,6.95716376200005,50.952945474000046
2023,8,16,4,3,2,1,0,1,1,0,0,7.638973075000024,51.95818779200005
2023,8,11,4,3,5,2,0,1,1,0,0,6.932841913000061,50.94862629200003
2023,8,18,3,3,5,2,0,1,0,0,0,7.628514697000071,51.96468256000003
2023,8,21,3,3,5,2,1,1,1,0,0,6.957914988000027,50.957706734000055
2023,8,22,3,3,0,1,2,1,0,0,0,6.937560721000068,50.92532748100007
2023,7,10,2,3,5,3,0,1,1,0,0,6.970897802000025,50.935007850000034
2023,7,11,2,3,5,3,0,1,1,0,0,6.898853803000065,50.99564263700006
2023,7,9,2,3,5,3,0,1,1,0,0,6.830731879000041,50.96159391600003
2023,7,20,7,3,0,1,1,1,0,0,0,7.000845093000066,50.93771404900008
2023,7,12,7,2,0,1,0,1,0,0,0,6.863283206000062,50.93780397000006
2023,7,13,6,3,3,2,0,1,1,0,0,7.626385034000066,51.955391200000065
2023,7,19,6,2,0,6,0,1,1,0,0,7.076876898000023,50.98237418800005
2023,7,12,5,3,5,3,0,1,1,0,0,7.618112742000051,51.99826320400007
2023,7,19,4,3,0,3,0,1,1,0,0,7.044432562000054,50.94171236700004
2023,7,19,4,3,3,6,0,1,1,0,0,7.068859059000033,50.925613431000045
2023,7,10,4,3,5,3,0,1,1,0,0,6.928867202000049,50.96006158800003
2023,7,15,6,3,5,2,0,1,1,0,0,7.636977375000072,51.950885508000056
2023,7,17,3,3,3,2,0,1,1,0,0,6.956180105000044,50.95732611100004
2023,7,17,3,3,0,2,0,1,1,0,0,6.955715295000061,50.95716282500007
2023,7,13,3,3,5,3,0,1,1,0,0,6.924485309000033,50.93655062000005
2023,8,23,5,3,0,1,2,1,0,0,0,7.629583278000041,51.996237302000054
2023,7,17,2,3,0,3,0,1,1,0,0,7.632835748000048,51.97307985200007
2023,7,7,2,3,0,7,0,1,0,0,0,7.019501821000063,50.93340531600006
2023,7,16,2,3,0,1,0,1,0,0,0,7.02720467100005,50.95953535000007
2023,7,15,2,3,5,3,0,1,1,0,0,6.925479151000047,50.93982260200005
2023,7,19,2,3,6,4,1,1,0,1,0,6.948706070000071,50.93551464700005
2023,7,14,2,3,0,1,0,1,0,0,0,6.940614147000076,50.93112432300006
2023,7,16,1,3,0,1,0,1,0,0,0,6.896645986000067,50.92559118500003
2023,7,2,1,3,0,1,2,1,0,0,0,6.964776712000059,50.93036133600003
2023,7,20,1,3,0,7,1,1,1,0,0,6.93981861900005,50.939956222000035
2023,7,18,7,3,8,1,0,1,0,0,0,7.058906696000065,50.89820646900006
2023,7,6,6,3,5,3,0,1,1,0,0,6.924331455000072,51.013487792000035
2023,7,9,6,3,0,1,0,1,0,0,0,6.912954231000072,50.93694922600008
2023,7,17,6,3,0,1,0,1,0,0,0,6.949947172000066,50.955527870000026
2023,7,18,5,2,3,6,0,1,1,0,0,7.077226513000028,50.88110033900006
2023,7,17,5,3,1,5,0,1,1,0,0,6.931516455000065,50.91937808700004
2023,7,11,4,3,2,6,0,1,1,0,0,7.634847337000053,51.906155702000035
2023,7,16,4,3,5,3,0,1,0,0,0,7.000420937000058,50.93767919600003
2023,7,17,4,3,0,3,0,1,1,0,0,6.991501194000023,50.94749492100004
2023,7,16,4,3,5,2,0,1,1,0,0,6.983428891000074,50.93730977900003
2023,7,1,4,3,3,6,2,1,0,0,1,6.981413306000036,50.92279083200003
2023,7,15,4,3,5,3,0,1,1,0,0,6.920048935000068,50.95367275400008
2023,7,8,4,3,5,3,0,1,1,0,0,7.633678959000065,51.96712622700005
2023,7,15,3,3,0,1,0,1,0,0,0,7.006367699000066,50.965761359000055
2023,7,11,3,3,1,5,0,1,1,0,0,6.956855024000049,50.95485994200004
2023,7,20,3,2,0,3,0,1,0,0,0,6.969152965000035,50.91849072700006
2023,8,12,4,3,0,3,0,1,0,0,0,7.566288032000045,51.97290531300007
2023,7,8,2,3,0,1,0,1,0,0,0,7.610001923000027,51.97420901800007
2023,7,7,2,3,0,4,0,1,0,1,0,7.616826014000026,51.94964776900008
2023,7,17,2,2,5,3,0,1,1,0,0,6.917599141000039,50.96967676600008
2023,7,12,1,3,0,2,0,1,1,0,0,6.924443621000023,50.93655128200004
2023,7,11,7,3,5,2,0,1,1,0,0,7.617611551000039,51.96187819600004
2023,7,12,7,3,1,1,0,1,1,0,0,7.625178820000031,51.951509901000065
2023,7,10,7,3,0,1,0,1,0,0,0,6.991884408000033,50.91584733600007
2023,8,18,4,3,5,3,0,1,1,0,0,7.812484279000046,51.68599368100007
2023,8,17,4,3,0,3,0,1,1,0,0,7.62703222600004,51.955793732000075
2023,7,14,6,3,1,5,0,1,1,0,0,6.953443588000027,50.96599768400006
2023,7,17,6,2,3,6,0,1,0,0,0,6.911063976000037,50.94023055700006
2023,7,23,6,3,0,1,2,1,0,0,0,6.933848703000024,50.922008213000026
2023,7,21,6,3,0,6,1,1,1,0,0,6.949542184000052,50.93531434600004
2023,7,13,5,3,5,3,0,1,1,0,0,7.617745515000024,51.96454631100005
2023,7,15,5,3,3,3,0,1,0,0,0,7.079036153000061,50.923385264000046
2023,7,10,5,3,0,7,0,1,0,0,0,6.993785580000065,50.94873829800008
2023,7,18,5,3,0,7,0,1,1,0,0,6.911977509000053,50.929036144000065
2023,7,18,5,3,0,7,0,1,0,0,0,6.967034517000059,50.922856925000076
2023,7,9,5,3,0,1,0,1,0,0,0,6.940613165000059,50.93112658700005
2023,7,11,5,3,4,2,0,1,1,0,0,7.821416056000032,51.68279398100003
2023,7,18,3,3,3,6,0,1,0,0,0,6.903639971000075,50.93719922400004
2023,7,16,4,3,5,3,0,1,0,0,0,7.615407001000051,51.94823239500005
2023,8,13,2,3,5,3,0,1,1,0,0,7.055798459000073,50.89149845900005
2023,8,16,2,3,2,3,0,1,1,0,1,6.856963994000068,50.93784737500005
2023,8,8,2,3,0,2,0,1,1,0,0,6.965187970000045,50.92519635900004
2023,8,16,1,3,5,3,0,1,1,0,0,6.867891781000026,50.92253877500008
2023,8,17,1,3,0,1,0,1,0,0,0,6.906404709000071,50.903085962000034
2023,8,2,1,3,3,5,2,1,1,0,0,6.940350765000062,50.94218542400006
2023,8,0,7,2,5,3,2,1,1,0,0,7.647161933000064,51.943447939000066
2023,8,3,7,3,8,1,2,1,0,0,0,6.955802652000045,50.922706539000046
2023,8,0,7,3,0,1,2,1,0,0,0,7.805387376000056,51.689875064000034
2023,8,15,6,2,4,2,0,1,0,0,0,7.61558285600006,52.01491166300008
2023,8,13,6,3,5,2,0,1,1,0,0,7.665728301000058,51.930248738000046
2023,8,22,6,3,4,6,2,1,0,0,0,7.062459916000023,50.88303545900004
2023,8,17,6,3,0,1,0,1,0,0,0,7.022497351000027,50.98025976200006
2023,8,18,6,3,0,1,0,1,0,0,0,6.955263608000052,50.95811713000006
2023,8,7,6,3,0,5,0,1,1,0,0,6.85578004100006,50.96993470500007
2023,8,13,6,3,5,7,0,1,1,0,0,6.940101293000055,50.94116507600006
2023,8,14,5,3,5,3,0,1,1,0,0,7.078717933000064,50.923408831000074
2023,8,18,5,2,0,1,0,1,0,0,0,6.942583573000036,50.92836626300004
2023,8,13,4,3,5,2,0,1,1,0,0,7.63821695300004,51.95851299800006
2023,8,16,4,3,0,2,0,1,1,0,0,7.05109942100006,50.94311290400003