UJAHR,UMONAT,USTUNDE,UWOCHENTAG,UKATEGORIE,UART,UTYP1,ULICHTVERH,IstRad,IstPKW,IstFuss,IstKrad,XGCSWGS84,YGCSWGS84
2023,8,7,4,3,0,1,0,1,0,0,0,6.920386833000066,50.95371437600005
2023,8,7,3,3,0,6,0,1,0,0,0,7.695178392000059,51.90543069300003
2023,8,15,3,3,5,3,0,1,1,0,0,7.647869370000024,51.98784511000008
2023,8,13,3,3,0,3,0,1,1,0,0,7.588869779000049,51.96522816700008
2023,8,15,6,3,5,3,0,1,1,0,0,7.647908221000023,51.90456820900005
2023,8,19,2,3,5,3,0,1,1,0,0,7.056844757000022,50.97467792500004
2023,8,14,2,3,5,3,0,1,1,0,0,6.999392216000047,50.87157423300005
2023,8,13,2,2,5,2,0,1,0,0,0,6.895331551000027,50.92529042700005
2023,8,20,6,3,5,3,0,1,0,0,0,7.848508180000067,51.657391103000066
2023,8,16,7,3,6,6,0,1,0,1,0,6.923707285000035,50.912240833000055
2023,8,16,6,3,3,2,0,1,1,0,0,7.633418684000048,51.95919424300007
2023,8,18,6,3,5,2,0,1,1,0,0,7.612536323000029,51.969243164000034
2023,8,13,6,3,5,3,0,1,1,0,0,6.969014345000062,50.95591598500005
2023,8,16,6,3,5,2,0,1,1,0,0,6.895697320000068,50.914693846000034
2023,8,16,6,2,4,2,0,1,1,0,0,6.847085615000026,50.97941243100007
2023,8,9,1,3,0,1,0,1,0,0,0,6.891261042000053,50.92472140400008
2023,8,12,1,3,0,1,0,1,0,0,0,6.955842319000055,50.95005874800006
2023,8,17,7,3,3,6,0,1,0,0,0,7.657279850000066,51.97258391100007
2023,8,11,7,3,5,2,0,1,1,0,0,6.923881935000054,50.912407511000026
2023,8,10,7,2,3,2,0,1,1,0,0,7.842264727000043,51.68864135700005
2023,8,19,6,3,0,6,0,1,1,0,0,7.641937344000041,51.95682335600003
2023,8,13,6,3,0,7,0,1,0,0,0,7.017483257000038,50.96393007900008
2023,8,13,6,3,0,6,0,1,0,0,0,6.963105540000072,50.93272501700005
2023,8,9,5,3,5,3,0,1,1,0,0,7.082297696000069,50.88190483900007
2023,8,16,5,3,0,1,0,1,0,0,0,7.010295151000037,50.93805076500007
2023,8,8,5,3,5,3,0,1,1,0,0,6.981723920000036,50.93757570500003
2023,8,16,5,3,1,5,0,1,1,0,0,6.915123276000031,50.92066159800004
2023,8,7,5,3,0,1,0,1,0,0,0,6.891250415000059,50.92472085700007
2023,8,20,5,3,3,7,1,1,1,0,0,6.940370074000043,50.94225665400006
2023,8,10,4,3,5,2,0,1,1,0,0,7.630861289000052,51.94605979600004
2023,8,14,7,3,6,4,0,1,0,1,0,6.962606935000053,50.94273487900006
2023,8,16,4,3,5,2,0,1,1,0,0,6.949887867000029,50.95551137500007
2023,8,13,4,3,0,1,0,1,0,0,0,6.997790173000055,50.86025227400006
2023,8,19,4,3,0,2,0,1,1,0,0,6.940957071000071,50.93090933900004
2023,8,17,4,3,0,7,0,1,0,0,0,6.934251130000064,50.93309686300006
2023,8,16,4,2,3,6,0,1,0,0,0,6.941321558000027,50.94403220000004
2023,8,16,3,3,2,7,0,1,0,0,0,7.619486229000074,51.955942324000034
2023,8,9,3,3,0,1,0,1,0,0,0,7.626336485000024,51.95616388500008
2023,8,21,3,3,0,1,2,1,0,0,0,7.086067466000031,50.85763677400007
2023,8,10,3,3,0,3,0,1,1,0,0,6.984345002000055,50.93703146900003
2023,8,13,3,3,5,3,0,1,1,0,0,6.837975361000076,51.04013316600003
2023,8,18,3,3,5,3,0,1,0,0,0,6.929221513000073,50.936691203000066
2023,8,6,3,3,4,6,0,1,0,0,0,6.970056308000039,50.91690558800008
2023,8,2,1,3,0,1,2,1,0,0,0,7.820803550000051,51.67860845100006
2023,8,7,2,3,3,3,0,1,1,0,0,6.964695597000059,50.93627028700007
2023,8,18,2,3,0,7,0,1,0,0,0,6.944912705000036,50.93581033500004
2023,8,11,1,3,1,5,0,1,1,0,0,6.923149641000066,50.93303816200006
2023,8,21,1,3,5,3,2,1,1,0,0,6.995774845000028,50.87615988500005
2023,8,11,7,3,0,5,0,1,1,0,0,6.954478938000022,50.960346618000074
2023,8,19,7,3,0,1,0,1,0,0,0,7.884584579000034,51.68747056700005
2023,8,15,6,3,1,2,0,1,1,0,0,7.647034873000052,51.96371879600008
2023,8,16,6,3,0,1,0,1,0,0,0,7.648307055000032,51.88210649600006
2023,8,18,6,3,0,1,0,1,0,0,0,7.085746948000065,50.858051929000055
2023,8,15,6,3,0,7,0,1,0,0,0,6.996765203000052,50.963837356000056
2023,8,16,6,2,6,4,0,1,0,1,0,6.940613192000058,50.93112652600007
2023,8,18,5,3,5,2,0,1,1,0,0,7.63842180000006,51.902128695000044
2023,8,17,5,3,5,2,0,1,0,0,1,7.638662192000027,51.90182787300006
2023,8,15,5,3,5,2,0,1,1,0,0,7.623467126000037,51.942775237000035
2023,8,18,5,3,0,3,0,1,1,0,0,7.025580852000076,50.93233319600006
2023,8,19,5,2,0,1,0,1,0,0,0,6.919374508000033,50.95270882700004
2023,8,11,5,3,5,3,0,1,0,0,0,6.900332392000053,50.937277882000046
2023,8,14,5,3,6,4,0,1,0,1,0,6.906612541000072,50.936966391000055
2023,8,16,5,3,0,7,0,1,0,1,0,6.92811849800006,50.936709593000046
2023,8,15,5,2,5,3,0,1,1,0,0,7.813055985000062,51.67857291000007
2023,8,17,5,3,7,1,0,1,0,0,0,7.814946827000028,51.683171178000066
2023,8,5,4,3,6,1,2,1,0,1,0,6.98931361700005,50.917640266000035
2023,8,20,4,3,5,2,0,1,1,0,0,7.004155741000034,50.99022413100005
2023,8,23,4,3,0,1,2,1,0,0,0,6.916816189000031,50.93682798000003
2023,8,20,4,3,0,6,1,1,0,0,0,6.952088824000043,50.93523073800003
2023,8,20,7,3,0,2,0,1,1,0,0,6.920211678000044,50.953781380000066
2023,8,13,3,3,4,6,0,1,0,0,0,7.668693617000031,51.969312622000075
2023,8,19,4,3,0,1,0,1,0,0,0,7.63090644600004,51.99571874700007
2023,9,18,3,3,5,2,0,1,1,0,0,7.05563849400005,50.88282681700008
2023,9,15,3,2,5,2,0,1,0,0,0,6.951929632000031,50.93523285100008
2023,9,17,3,3,5,6,0,1,0,0,0,7.659966552000071,51.93412512700007
2023,9,9,2,3,3,2,0,1,1,0,0,7.647503476000054,51.95995676100006
2023,9,7,2,3,5,3,0,1,0,0,1,7.62178663800006,51.99356143600005
2023,9,11,2,3,0,3,0,1,1,0,0,6.932806905000064,50.948597953000046
2023,9,7,2,3,5,3,0,1,1,0,0,6.965265166000052,50.880883201000074
2023,9,13,1,3,0,6,0,1,0,0,0,7.624669812000036,51.94994295400005
2023,9,16,1,3,0,3,0,1,1,0,0,7.058812514000067,50.88352071600008
2023,9,13,1,3,5,3,0,1,1,0,0,7.746505085000024,51.69413001500004
2023,9,9,7,3,6,6,0,1,0,1,0,7.56001307300005,51.95295005100007
2023,9,18,7,3,1,6,0,1,1,0,0,7.003536995000047,50.938043261000075
2023,9,18,7,3,5,3,0,1,1,0,0,6.882137583000031,50.93778771700005
2023,9,11,7,3,3,2,0,1,1,0,0,6.927578532000041,50.89583995300006
2023,9,23,7,3,0,1,2,1,0,0,0,6.940795141000024,50.931285881000065
2023,9,19,7,3,0,1,0,1,0,0,0,6.963398341000072,50.930280451000044
2023,9,10,6,3,5,2,0,1,1,0,0,7.611556370000073,51.98371916000008
2023,9,7,6,3,0,1,0,1,0,0,0,6.948273798000059,50.97988447700004
2023,9,6,6,3,4,6,0,1,1,0,0,6.906079620000071,50.976888151000026
2023,9,16,6,3,2,6,0,1,0,0,0,6.907297829000072,50.93696079800003
2023,9,17,6,3,1,5,0,1,1,0,0,6.93272436500007,50.936560892000045
2023,9,17,6,3,5,3,0,1,1,0,0,7.813282345000061,51.703044840000075
2023,9,22,6,3,0,1,2,1,0,0,0,7.81108258200004,51.67755999100007
2023,9,18,5,3,5,2,0,1,1,0,0,7.647761359000071,51.90455034200005
2023,9,14,5,3,0,1,0,1,0,0,0,7.601692342000035,51.96513670400003
2023,9,19,5,2,2,6,0,1,1,0,0,7.624313334000021,51.95561424400006
2023,9,5,5,3,3,6,2,1,1,0,0,7.048293557000022,50.86974145600004
2023,9,16,5,3,4,2,0,1,1,0,0,7.935117998000067,51.69073004000006
2023,9,21,4,3,5,3,1,1,1,0,0,7.643846894000035,51.96211565500005
2023,9,8,4,3,5,3,0,1,1,0,0,7.606502638000052,51.97358285200005
2023,9,12,4,3,5,3,0,1,1,0,0,7.103822084000058,50.86416609300005
2023,9,13,4,3,0,3,0,1,0,1,0,7.004127270000026,50.961985895000055
2023,9,15,4,3,0,1,0,1,0,0,0,6.991451445000052,50.94746469300003
2023,9,7,4,2,0,2,0,1,0,0,0,6.908851023000068,50.927828728000065
2023,9,15,5,3,5,3,0,1,0,0,1,6.964600139000027,50.90384508600005
2023,9,6,3,3,5,3,0,1,0,0,0,7.728349991000073,51.92130414500008
2023,9,7,3,3,3,3,1,1,1,0,0,7.577985523000052,51.89285585300007
2023,9,17,3,3,0,3,0,1,1,0,0,7.648356134000039,51.99295042300008
2023,9,13,3,2,5,2,0,1,1,0,0,7.589579454000045,51.92877709100003
2023,9,11,4,3,5,2,0,1,1,0,0,7.055639914000039,50.88286220300006
2023,9,12,3,3,5,2,0,1,1,0,0,6.926742779000051,50.94262972900003
2023,9,14,3,3,6,4,0,1,0,1,0,6.952723863000074,50.94928847500006
2023,9,16,6,3,5,2,0,1,1,0,0,7.617347758000051,51.99310314200005
2023,9,17,2,3,5,3,0,1,1,0,0,7.63483208100007,51.900596746000076
2023,9,17,2,3,5,3,0,1,0,0,0,7.013785718000065,50.95322581200003
2023,9,14,2,3,5,2,0,1,1,0,0,6.978969229000029,50.93949392500008
2023,9,1,2,2,7,1,2,1,0,0,0,6.910381679000068,50.93685319000008
2023,9,14,2,3,5,5,0,1,1,0,0,6.908243776000063,50.930305513000064
2023,9,13,2,3,5,3,0,1,0,0,0,6.995774845000028,50.87615988500005
2023,9,1,1,2,3,6,2,1,0,0,0,7.631843373000038,51.950442605000035
2023,9,17,1,3,0,7,0,1,0,0,0,7.083133849000035,50.94327692200005
2023,9,18,1,3,6,4,0,1,0,1,0,6.939351018000025,50.93827608400005
2023,9,10,4,3,2,6,0,1,0,0,0,6.962678913000047,50.92851131800006
2023,9,14,7,3,5,3,0,1,1,0,0,6.971690246000037,50.93850355100005
2023,9,14,6,3,0,7,0,1,0,0,0,7.643693050000024,51.956179063000036
2023,9,7,3,3,0,7,0,1,0,0,0,7.019649904000062,50.97811270600005
2023,9,6,6,3,4,2,1,1,0,0,1,7.014322087000039,50.96327706100004
2023,9,12,6,3,5,3,0,1,1,0,0,6.883607113000039,50.93775505200006
2023,9,15,6,3,0,1,0,1,0,0,0,6.928601241000024,50.94512461100004
2023,9,17,6,3,0,7,0,1,0,0,0,6.940614531000051,50.93112344300005
2023,9,8,2,1,6,4,0,1,0,1,0,6.944981737000035,50.92693544300005
2023,9,4,1,3,3,6,2,1,0,0,0,6.940612503000068,50.93112811300006
2023,8,16,5,2,0,2,0,1,1,0,0,7.045321857000033,50.929811467000036
2023,8,15,5,3,5,3,0,1,1,0,0,7.018798944000025,50.94931004500006
2023,9,19,6,3,0,1,1,1,0,0,0,7.027262293000035,50.92926058900008
2023,9,13,6,3,5,3,0,1,1,0,0,7.809343053000021,51.69090786800007
2023,9,16,2,2,4,2,0,1,1,0,0,7.888864731000069,51.69048077100007
2023,8,13,4,3,1,5,0,1,1,0,0,7.807217093000077,51.663496079000026
2023,8,15,4,3,0,3,0,1,1,0,0,7.834655114000043,51.66201262900006
2023,8,7,3,3,5,3,0,1,0,0,0,7.637069380000071,51.99488168000005
2023,8,19,3,3,5,2,0,1,1,0,0,7.624959277000073,51.95087558000006
2023,8,5,3,3,5,2,1,1,1,0,0,6.918219940000029,50.915911650000055
2023,8,17,3,3,0,7,0,1,0,0,0,6.929123863000029,50.92655207100006
2023,9,17,2,3,5,2,0,1,1,0,0,7.646775073000072,51.95702858700008
2023,9,9,2,3,2,7,0,1,1,0,0,7.633351441000059,51.959143374000064
2023,8,14,2,3,6,7,0,1,0,1,0,7.637646047000032,51.96182595200003
2023,8,18,2,3,2,6,0,1,1,0,0,7.626091158000065,51.95442676500005
2023,8,11,2,3,3,6,0,1,0,0,0,6.909350995000068,50.92716228100005
2023,9,15,2,3,5,3,0,1,1,0,0,7.613524956000049,51.97430630800005
2023,9,9,6,3,3,6,0,1,0,0,0,7.626052951000077,51.93332567200008
2023,9,14,6,3,5,3,0,1,1,0,0,7.601324426000076,51.97655440300008
2023,9,13,6,3,3,6,0,1,0,0,0,7.605961341000068,51.949829616000045
2023,9,8,6,3,5,3,0,1,1,0,0,7.083686349000061,50.863122643000054
2023,9,17,6,2,5,3,0,1,1,0,0,6.86737325100006,50.97121097200005
2023,9,9,5,3,5,2,0,1,1,0,0,7.687540695000052,51.993010120000065
2023,9,11,5,3,0,1,0,1,0,0,0,7.014181146000055,50.939857731000075
2023,9,16,4,3,0,7,0,1,0,0,0,7.60583415900004,51.92872978500003
2023,9,8,4,3,3,2,0,1,1,0,0,7.645568246000039,51.96762983500008
2023,9,16,4,3,3,6,0,1,0,0,0,7.626303588000042,51.93266121100004
2023,9,12,4,3,5,3,0,1,1,0,0,7.588319332000026,51.97049154000007
2023,9,16,4,3,1,5,0,1,1,0,0,7.036223667000058,50.93107911900006
2023,9,16,4,3,0,5,0,1,1,1,0,6.93663999000006,50.93650176700004
2023,9,19,4,3,5,3,1,1,1,0,0,6.966654437000045,50.92183612700006
2023,9,9,4,3,6,6,0,1,0,1,0,6.921963327000071,50.93676732400007
2023,9,9,3,3,3,7,0,1,1,0,0,7.628794645000028,51.94399820900003
2023,9,13,3,1,5,3,0,1,1,0,0,7.608999124000036,51.974140437000074
2023,9,14,3,3,5,2,0,1,0,0,0,7.028139096000075,50.984707169000046
2023,9,12,3,3,0,1,0,1,0,0,0,6.915655311000023,50.930495929000074
2023,9,8,2,3,5,3,0,1,1,0,0,7.083496843000034,50.86952645900004
2023,9,7,2,3,5,2,0,1,1,0,0,7.731733364000036,51.66906084500005
2023,9,2,1,3,2,7,2,1,0,0,0,7.630647529000044,51.94568649400003
2023,9,10,1,2,0,3,0,1,0,0,0,7.614645972000062,52.00269225000005
2023,9,11,1,3,2,6,0,1,0,0,0,6.91069290400003,50.93979667200006
2023,9,11,7,3,5,3,0,1,1,0,0,7.646194452000032,51.982960750000075
2023,9,17,7,3,0,6,0,1,0,0,0,7.614439716000049,51.96785506700007
2023,9,22,7,3,0,1,2,1,1,0,0,6.948044984000035,50.98077753700005
2023,9,17,7,3,0,1,0,1,0,0,0,6.936999577000051,50.99760431900006
2023,9,23,7,3,0,1,2,1,0,0,0,6.92367639500003,50.91225756100005
2023,9,18,7,2,3,6,0,1,0,0,0,6.935591281000029,50.93541089100006
2023,9,15,7,3,5,2,0,1,1,0,0,7.793883667000046,51.668167131000075
2023,9,19,6,3,6,6,0,1,0,1,0,7.635937065000064,51.90117216300007
2023,9,17,6,3,0,7,0,1,0,0,0,7.63271768900006,51.97310232400008
2023,9,15,6,3,0,3,0,1,1,0,0,6.971582322000074,50.93785667100008
2023,9,15,6,3,6,6,0,1,0,1,0,6.991232769000021,50.90011352100004
2023,9,19,6,3,0,6,0,1,0,0,0,6.92598668200003,50.93604486600003
2023,9,16,2,3,0,2,0,1,1,0,0,6.953343500000074,50.966579618000026
2023,9,13,6,3,1,5,0,1,1,0,0,7.838435738000044,51.69489966500004
2023,9,13,6,3,9,7,0,1,0,0,0,7.817193085000042,51.67218834600004
2023,9,7,6,3,0,1,0,1,0,0,0,7.81062864200004,51.672303714000066
2023,9,18,5,3,5,2,0,1,1,0,0,6.947980455000049,50.95482511500006
2023,9,15,5,3,0,7,0,1,1,0,0,6.956672996000066,50.90371245800003
2023,9,17,5,3,5,2,0,1,1,0,0,6.895332496000037,50.92529061400006
2023,9,11,5,3,5,2,0,1,0,0,0,6.908405636000055,50.897466834000056
2023,9,16,5,2,3,6,0,1,0,0,0,6.93977037600007,50.939768927000046
2023,9,18,2,3,5,3,0,1,1,0,0,7.600271859000031,51.934791853000036
2023,9,18,4,3,1,6,0,1,0,0,0,7.626799610000035,51.987196622000056
2023,9,13,4,3,0,1,0,1,0,0,0,6.920234303000029,50.95380501900007
2023,9,15,4,3,0,1,0,1,0,0,0,6.911619512000073,50.92462642300006
2023,9,10,4,2,3,2,0,1,1,0,0,6.936803171000065,50.92437025300006
2023,9,15,4,3,0,4,0,1,0,1,0,6.940609909000045,50.93113408500005
2023,9,18,4,3,2,3,0,1,1,0,0,7.789951170000052,51.66663528300006
2023,10,10,1,3,5,2,0,1,1,0,0,7.050376779000032,50.918592413000056
2023,10,13,1,3,0,1,0,1,0,0,0,6.849245299000074,51.08234738800007
2023,10,16,7,3,0,1,0,1,0,0,0,7.013993141000071,50.974922916000025
2023,10,14,7,2,5,2,0,1,1,0,0,7.041509960000042,51.00181838900005
2023,10,16,7,3,0,1,0,1,0,0,0,7.132941316000029,50.88437786900005
2023,10,14,6,3,0,6,0,1,1,0,0,7.623430846000076,51.942929993000064
2023,10,18,5,2,7,7,1,1,0,0,0,7.617873099000064,51.963446497000064
2023,10,14,5,2,9,1,0,1,0,0,0,7.640418176000026,51.96173295800003
2023,10,16,5,3,0,5,0,1,1,0,0,6.998211216000072,50.93746708900005
2023,10,20,5,3,5,3,2,1,1,0,0,6.97199573000006,50.93949097600006
2023,10,11,5,3,0,1,0,1,0,0,0,6.877739139000028,51.02265746200004
2023,10,6,4,3,5,3,2,1,0,0,0,7.858096283000066,51.690704305000054
2023,10,18,3,3,0,7,1,1,0,0,0,7.038327775000027,50.93268435600004
2023,10,15,2,3,5,3,0,1,1,0,0,7.039967766000075,50.93077694900006
2023,10,19,1,3,5,3,2,1,1,0,0,6.924450406000062,50.936551174000044
2023,10,15,1,3,3,5,0,1,1,0,0,6.912856427000065,50.94495939400008
2023,9,13,7,3,0,6,0,1,1,0,0,6.924359362000075,50.95762205500006
2023,9,15,7,3,5,3,0,1,1,0,0,6.926089049000041,50.93138828100007
2023,9,23,6,3,0,7,2,1,0,0,0,7.531241434000037,51.92447206400004
2023,9,13,6,3,5,2,0,1,1,0,0,7.636905299000034,51.950924902000054
2023,9,16,6,2,4,3,0,1,1,0,0,7.677311088000067,51.955235507000054
2023,9,7,6,3,2,1,1,1,1,0,0,7.062802604000069,50.90525229900004
2023,9,15,6,3,8,2,0,1,1,0,0,6.896627313000067,50.93717748000006
2023,10,13,7,2,8,1,0,1,0,0,0,7.01401386200007,50.97493353800007
2023,9,11,5,3,5,3,0,1,0,0,0,6.977406844000029,50.95805556200003
2023,9,16,5,3,5,3,0,1,1,0,0,6.902465831000029,50.977515811000046
2023,9,18,5,3,3,3,0,1,1,0,0,6.924214219000021,50.93675815000006
2023,9,8,5,3,0,1,0,1,0,0,0,6.87573535000007,50.94587411800006
2023,9,10,5,2,0,1,0,1,0,0,0,6.924180865000039,50.86508964300003
2023,9,15,5,3,1,5,0,1,1,0,0,6.976370509000049,50.90610611200003
2023,9,20,5,3,5,2,2,1,1,0,0,6.937482736000049,50.93648955800006
2023,9,22,5,3,0,1,2,1,0,0,0,7.743744198000059,51.69362060700007
2023,9,17,4,3,4,2,0,1,1,0,0,7.721094902000061,51.97898880300005
2023,9,18,4,3,5,2,0,1,1,0,0,7.070491598000046,50.97868111500003
2023,9,9,4,3,0,3,0,1,0,0,0,6.978350292000073,50.93870857400003
2023,9,8,4,3,3,6,0,1,0,0,0,6.933745339000041,50.93546399500008
2023,9,18,4,3,5,3,0,1,1,0,0,6.96668255000003,50.92346407200006
2023,9,14,3,3,5,2,0,1,1,0,0,7.654272119000041,51.93132072000003
2023,9,13,3,3,5,3,0,1,1,0,0,7.060813512000038,50.90642338300006
2023,9,15,3,3,6,4,0,1,0,1,0,6.947804507000058,50.98242963800004
2023,9,17,3,2,0,1,0,1,0,0,0,6.916531365000026,50.93084521600008
2023,9,8,3,3,3,2,0,1,1,0,0,6.951320155000076,50.935405056000036
2023,9,16,3,3,6,7,0,1,0,1,0,6.947533471000042,50.93640332600006
2023,9,16,3,3,5,3,0,1,1,0,0,7.802488952000033,51.689348417000076
2023,9,15,2,3,0,1,0,1,0,0,0,7.645754716000056,51.945184580000046
2023,9,7,2,3,5,2,0,1,1,0,0,6.942220180000049,50.90488443900006
2023,9,15,2,3,3,6,0,1,1,0,0,6.952679915000033,50.87385980600004
2023,9,12,2,3,6,4,0,1,0,1,0,6.942693023000061,50.928296999000054
2023,9,7,2,3,0,1,0,1,0,0,0,6.958765915000072,50.950133857000026
2023,9,16,2,3,6,4,0,1,0,1,0,6.952593364000052,50.924101757000074
2023,9,16,1,3,2,2,0,1,1,0,0,7.079804609000064,50.88885148300005
2023,9,14,1,3,5,3,0,1,1,0,0,6.953169220000063,50.935257929000045
2023,9,15,1,3,5,3,0,1,0,0,0,7.812517834000062,51.68594279700005
2023,9,15,7,3,5,3,0,1,1,0,0,6.957779408000022,50.957661614000074
2023,9,18,7,3,5,3,0,1,1,0,0,6.893032438000034,50.937438248000035
2023,9,3,7,3,0,1,2,1,0,0,0,7.930052419000049,51.69107216000003
2023,10,12,6,3,5,2,0,1,0,0,0,7.617447539000068,51.95042059800005
2023,10,14,6,3,0,7,0,1,0,0,0,7.059959104000029,50.92781082400006
2023,10,16,5,3,0,7,0,1,1,0,0,7.609684603000062,51.940288413000076
2023,10,16,5,3,2,6,0,1,0,0,0,7.619843095000022,51.95501409500008
2023,10,15,5,3,0,1,0,1,0,0,0,6.994335755000066,50.94963851800003
2023,10,13,5,3,1,5,0,1,1,0,0,6.946628778000047,50.93570593000004
2023,10,5,6,2,2,6,2,1,1,0,0,7.034508892000076,50.85485470300006
2023,10,7,4,3,5,3,1,1,1,0,0,7.647869370000024,51.98784511000008
2023,10,16,4,2,5,2,0,1,1,0,0,6.924953661000075,50.933585022000045
2023,10,10,3,3,3,2,0,1,1,0,0,7.636905299000034,51.950924902000054
2023,10,17,3,3,5,2,0,1,1,0,0,6.94794911200006,50.95481069900006
2023,10,21,3,3,0,3,2,1,1,0,0,6.922117574000026,50.93658002400008
2023,10,11,3,3,5,2,0,1,1,0,0,6.914862474000074,50.93019330300007
2023,10,14,3,3,0,7,0,1,0,0,0,6.969506196000054,50.90416453200004
2023,10,15,2,3,6,4,0,1,0,1,0,7.623925884000073,51.947692748000065
2023,10,15,2,3,3,5,0,1,1,0,0,7.005369475000066,50.93834074400007
2023,10,16,2,3,0,2,0,1,0,0,0,7.047609043000023,50.94244219700005
2023,10,7,2,3,3,6,1,1,0,0,0,6.927394953000032,50.91580981900006
2023,10,11,2,3,5,3,0,1,1,0,0,7.82958814400007,51.69749965600005
2023,10,19,1,3,5,3,2,1,1,0,0,7.604767272000061,51.88487276800004
2023,10,3,1,3,0,1,2,1,0,0,0,6.857769663000056,50.932323186000076
2023,10,20,1,2,0,7,2,1,0,0,0,6.945872025000028,50.93576332600003
2023,10,16,7,3,3,7,0,1,1,0,0,7.626002794000044,51.954126803000065
2023,10,11,6,3,5,3,0,1,1,0,0,7.589083351000056,51.96536350100007
2023,10,17,6,3,0,7,0,1,1,0,0,7.626528996000047,51.956170806000046
2023,10,8,6,3,5,3,0,1,1,0,0,7.80933998200004,51.69092574300004
2023,10,5,6,3,5,3,2,1,1,0,0,7.862434006000058,51.69106474300003
2023,10,16,5,3,3,1,0,1,0,0,0,7.618963749000045,51.97455266500003
2023,10,17,5,3,5,7,0,1,1,0,0,7.077925647000029,50.89369249900005
2023,10,8,5,3,5,2,0,1,1,0,0,6.950865606000036,50.97350445500007
2023,10,21,5,3,0,7,0,1,0,0,0,6.893242978000046,50.93743352100006
2023,10,7,5,3,0,1,2,1,0,0,0,6.931806063000067,50.86314744100008
2023,10,18,4,3,4,3,2,1,1,0,0,7.025777063000021,50.94023888800007
2023,10,0,4,3,0,1,2,1,0,0,0,6.944321483000067,50.98851273500003
2023,10,22,4,3,4,6,2,1,0,0,0,6.946451893000074,50.89180937800006
2023,10,16,3,3,0,6,0,1,0,0,0,7.00120623600003,50.95707717000005
2023,10,16,3,2,0,1,0,1,0,0,0,6.915008039000043,50.92032221000005
2023,10,8,3,3,5,3,0,1,1,0,0,7.799874895000073,51.688945010000054
2023,10,9,3,3,5,3,0,1,1,0,0,7.761666268000056,51.637599253000076
2023,10,6,2,3,5,3,2,1,1,0,0,7.61558285600006,52.01491166300008
2023,10,19,2,3,5,2,2,1,1,0,0,6.883659013000056,50.93777646800004
2023,10,17,1,3,6,7,0,1,0,1,0,7.630019481000033,51.96411822500005
2023,10,16,1,3,0,2,0,1,1,0,0,7.625639688000035,51.90249059100006
2023,10,17,7,3,5,3,0,1,1,0,0,7.022826632000033,50.94634967600007
2023,10,11,7,3,5,3,0,1,0,0,0,7.043521921000035,50.94158955000006
2023,10,19,7,3,0,7,1,1,1,0,0,7.00595585700006,50.938434689000076
2023,10,22,7,3,0,1,2,1,0,0,0,6.956648847000054,50.95527727400008
2023,10,12,7,3,3,5,0,1,1,0,0,6.94058308700005,50.93119585000005
2023,10,6,6,3,4,6,2,1,0,0,0,7.628966371000047,51.926781970000036
2023,10,23,6,3,8,1,2,1,0,0,0,6.949231239000028,50.97749956100006
2023,10,5,6,3,0,1,2,1,0,0,0,6.998230075000038,50.99393575600004
2023,10,13,6,3,5,2,0,1,1,0,0,7.842087160000062,51.688688769000066
2023,10,13,5,3,5,3,0,1,1,0,0,7.626647786000035,51.95548379500008
2023,10,1,5,2,0,1,2,1,0,0,0,7.61745514100005,51.96650387200003
2023,10,20,5,3,5,3,1,1,1,0,0,6.971155337000027,50.932425574000035
2023,10,15,5,3,3,6,0,1,1,0,0,6.952607065000052,50.924095769000076
2023,10,17,5,2,5,2,0,1,1,0,0,7.76830534100003,51.665498608000064
2023,10,14,4,3,3,6,0,1,0,0,0,7.598755416000074,51.94325622200006
2023,10,14,4,3,5,7,0,1,1,0,0,7.625456706000023,51.90367399400003
2023,10,8,4,3,0,2,0,1,0,0,0,7.625888386000042,51.95373842400005
2023,10,13,4,3,1,2,0,1,1,0,0,6.979082211000048,50.84921505400007
2023,10,17,3,3,3,6,0,1,0,0,0,7.632941021000022,51.91382213700007
2023,10,5,4,3,5,2,2,1,1,0,0,6.875923992000025,50.92417283600008
2023,10,14,3,3,5,2,0,1,1,0,0,6.974941250000029,50.92846175500006
2023,10,20,3,3,5,3,2,1,1,0,0,6.943490491000034,50.98967669900003
2023,10,14,3,3,7,1,0,1,0,0,0,6.924539096000046,50.93654976500005
2023,10,15,5,3,5,3,0,1,1,0,0,6.97884898500007,50.893391156000064
2023,10,15,4,3,5,2,0,1,1,0,0,6.934386580000023,50.92247271700006
2023,10,19,5,3,5,2,2,1,0,0,0,7.018720791000021,50.94020541400005
2023,10,8,2,3,0,1,0,1,0,0,0,6.847220474000039,50.91843167700006
2023,10,10,2,3,5,3,0,1,1,0,0,6.963361497000051,50.95083433700006
2023,11,14,5,3,0,3,0,1,1,0,0,6.92151500500006,51.01610123300003
2023,11,14,5,2,0,1,0,1,0,0,0,6.919228962000034,50.931738315000075