UJAHR,UMONAT,USTUNDE,UWOCHENTAG,UKATEGORIE,UART,UTYP1,ULICHTVERH,IstRad,IstPKW,IstFuss,IstKrad,XGCSWGS84,YGCSWGS84
2023,11,19,5,3,1,5,2,1,1,0,0,6.946977040000036,50.94709765700003
2023,11,14,4,3,0,1,0,1,1,0,0,7.59534876400005,51.97672387500006
2023,11,16,5,3,5,2,1,1,1,0,0,7.06668912300006,50.977314523000075
2023,11,13,4,3,0,2,0,1,0,0,0,6.955059065000057,50.94980588200008
2023,11,17,3,3,5,2,2,1,1,0,0,7.60890422600005,51.88001144800006
2023,11,20,3,3,0,2,2,1,1,0,0,7.615116269000055,51.96736057100003
2023,11,17,3,3,0,7,1,1,0,0,0,7.00624573500005,50.96457225200004
2023,11,14,3,2,6,4,0,1,0,1,0,6.94703465200007,50.93567514100005
2023,11,9,2,3,5,3,0,1,1,0,0,7.676951533000022,51.969637471000055
2023,11,13,2,3,5,2,0,1,1,0,0,7.090227413000036,50.858100354000044
2023,11,18,2,3,0,1,2,1,0,0,0,7.788148818000025,51.66267946000005
2023,11,10,7,3,3,2,0,1,0,0,0,7.633214869000028,51.95346967200004
2023,11,19,7,3,5,2,2,1,1,0,0,7.032996159000049,50.96708277300007
2023,11,19,7,3,7,7,2,1,0,0,0,6.939353909000033,50.93828541500005
2023,11,23,7,2,5,3,2,1,1,0,0,7.844017439000027,51.70176716800006
2023,11,11,6,2,0,1,0,1,0,0,0,7.655482844000062,51.93217761200003
2023,11,16,6,3,5,2,1,1,1,0,0,6.966536394000059,50.903972897000074
2023,11,20,6,3,3,7,2,1,1,0,0,6.940233922000061,50.94175439700007
2023,11,16,6,3,5,3,1,1,1,0,0,7.777912890000039,51.68935937400005
2023,11,20,6,2,5,3,2,1,1,0,0,7.852562212000066,51.67942166800003
2023,11,11,5,3,0,3,0,1,1,0,0,7.633806041000071,51.962086276000036
2023,11,16,5,3,0,7,0,1,1,0,0,7.626151474000039,51.95463152700006
2023,11,6,5,3,0,7,2,1,1,0,0,6.972715100000073,50.90483843800007
2023,11,8,5,3,5,2,0,1,1,0,0,6.883525150000025,50.93773787600003
2023,11,7,2,3,5,3,0,1,1,0,0,7.676020140000048,51.95016434200005
2023,11,17,4,3,5,3,2,1,0,0,0,7.008128881000061,50.93883942700006
2023,11,13,4,3,1,5,0,1,1,0,0,7.025771359000032,50.98273386100004
2023,10,14,3,3,5,3,0,1,1,0,0,7.608065875000023,51.974010057000044
2023,10,17,3,3,5,2,2,1,1,0,0,7.608120370000051,51.974020358000075
2023,10,19,3,3,4,3,2,1,1,0,0,7.611843043000022,51.98238139600005
2023,10,17,3,3,1,2,0,1,1,0,0,7.617611551000039,51.96187819600004
2023,10,19,3,3,0,1,2,1,0,0,0,7.022135005000052,50.94031262300007
2023,10,9,3,3,5,3,0,1,1,0,0,6.967087979000041,50.95911838900008
2023,10,16,3,3,0,1,0,1,0,0,0,6.955749913000034,50.95711393400006
2023,10,9,3,3,0,7,0,1,0,0,0,6.927001466000036,50.93026337100008
2023,10,8,3,3,5,2,0,1,0,0,0,6.964524832000052,50.94757244400006
2023,11,19,4,3,0,1,2,1,0,0,0,6.953337159000057,50.96661648700007
2023,10,9,2,3,5,3,0,1,1,0,0,7.601718746000074,51.99491902500006
2023,10,18,2,3,0,3,2,1,0,0,0,7.637596144000042,51.95876286100008
2023,10,20,2,3,0,2,2,1,1,0,0,7.631491250000067,51.95739877300008
2023,10,18,2,2,8,1,2,1,0,0,0,6.927227816000027,50.929607857000065
2023,10,2,1,3,5,3,2,1,1,0,0,7.634126905000073,51.95965410400004
2023,10,10,1,3,5,6,0,1,0,0,0,6.977719426000021,50.906717137000044
2023,10,15,7,3,0,3,0,1,1,0,0,7.624959277000073,51.95087558000006
2023,10,12,7,3,3,2,0,1,1,0,0,7.079910503000065,50.88120406200005
2023,11,16,6,3,0,1,0,1,0,0,0,7.603103057000055,51.95301447500003
2023,11,11,7,2,3,6,0,1,0,0,0,7.626233830000047,51.95490335300008
2023,11,9,6,3,5,2,0,1,1,0,0,7.645660966000037,51.90430103500006
2023,11,7,6,3,0,6,2,1,0,0,0,7.595612672000073,51.96999224500007
2023,11,17,6,3,5,2,2,1,1,0,0,6.915009459000032,50.92032057800003
2023,11,12,6,2,0,1,0,1,0,0,0,6.918476478000059,50.93149311600007
2023,11,18,5,3,5,2,2,1,1,0,0,7.626856082000074,51.95556494200008
2023,11,11,5,3,5,2,0,1,0,0,0,7.589966833000062,51.96533462200006
2023,11,19,6,3,6,7,2,1,0,1,0,7.625564074000067,51.93476836900004
2023,11,0,5,3,5,2,2,1,1,0,0,6.91272299600007,50.93695709600007
2023,11,19,4,3,0,6,2,1,0,0,0,7.650710710000055,51.964863886000046
2023,11,20,4,3,5,3,2,1,1,0,0,6.86495118800002,51.064721623000025
2023,11,15,4,3,5,2,0,1,1,0,0,6.94794911200006,50.95481069900006
2023,11,9,4,3,5,3,0,1,1,0,0,7.736940787000037,51.69348452000003
2023,11,14,3,3,5,2,0,1,1,0,0,7.631777530000022,51.95081303300003
2023,11,7,3,3,0,2,1,1,1,0,0,7.631820425000058,51.94999229300004
2023,11,18,3,3,3,6,2,1,1,0,0,7.788542379000035,51.666386755000076
2023,11,7,3,3,5,2,2,1,1,0,0,7.783734740000057,51.66571941700005
2023,11,17,2,3,2,6,2,1,1,0,0,7.62644027500005,51.95617178800006
2023,11,14,2,3,5,2,0,1,1,0,0,7.622467940000035,51.89458708800004
2023,11,0,6,3,0,3,2,1,1,0,0,6.971145478000039,50.935956400000066
2023,11,16,1,2,0,3,2,1,1,0,0,7.613418886000034,51.974302418000036
2023,11,11,1,2,0,1,0,1,0,0,0,7.029713585000025,50.931678513000065
2023,11,18,1,3,5,3,2,1,0,0,0,6.950171779000073,50.94810325200007
2023,11,16,7,3,1,5,2,1,1,0,0,7.008171631000039,50.95962788000003
2023,11,16,2,3,0,2,2,1,1,0,0,6.951737492000063,50.93541640400008
2023,11,17,6,3,5,3,2,1,1,0,0,7.634393702000068,51.95302579500003
2023,11,13,6,3,4,6,0,1,0,0,0,6.987104328000044,50.93637221500006
2023,11,16,6,3,6,4,1,1,0,1,0,6.861077388000069,51.06936836500006
2023,11,16,6,3,5,2,2,1,1,0,0,7.79092853700007,51.666825223000046
2023,11,8,4,3,0,1,0,1,0,0,0,6.939376717000073,50.93427528600006
2023,11,10,4,3,0,7,0,1,1,0,0,7.607794862000048,51.95021297100004
2023,11,13,4,3,5,3,0,1,1,0,0,7.10374422600006,50.86424229600004
2023,11,19,4,3,0,5,2,1,1,0,0,6.939110182000036,50.93721771400004
2023,11,15,3,3,4,6,0,1,0,0,0,7.619566693000024,51.958678450000036
2023,11,19,3,3,5,3,2,1,1,0,0,7.639098573000069,51.90128178000003
2023,11,18,3,2,5,2,2,1,1,0,0,7.618221454000036,51.959841865000044
2023,11,18,3,2,5,3,2,1,1,0,0,7.716578893000076,51.93300295200004
2023,11,16,2,3,5,3,0,1,0,0,1,7.608050712000022,51.97400961500006
2023,11,9,1,3,5,2,0,1,1,0,0,6.98985901900005,50.89685280200007
2023,11,13,1,3,0,1,0,1,0,0,0,6.939252300000021,50.93027278800008
2023,11,13,6,3,0,1,0,1,0,0,0,6.920069215000069,50.93201210600006
2023,11,20,6,3,5,3,2,1,1,0,0,7.103857039000047,50.86437092800003
2023,11,17,6,3,2,6,2,1,1,0,0,6.940892198000029,50.93106163200008
2023,11,14,6,3,5,2,0,1,0,0,0,6.942866521000042,50.928541265000035
2023,11,13,6,3,0,5,0,1,1,0,0,7.80241821900006,51.67303704300008
2023,11,21,5,3,1,5,2,1,1,0,0,7.624204877000068,51.94068106900005
2023,11,11,5,3,4,2,0,1,1,0,0,7.617689256000062,51.96524692700007
2023,11,6,5,2,5,3,2,1,1,0,0,7.648356134000039,51.99295042300008
2023,12,16,3,3,6,4,2,1,0,1,0,7.652771443000063,51.96570211900007
2023,12,20,3,3,5,3,2,1,1,0,0,6.865909827000053,50.972812701000066
2023,12,14,3,3,5,3,0,1,1,0,0,6.975275992000036,50.85258832900007
2023,12,8,3,3,1,5,1,1,1,0,0,6.939013590000059,50.935945262000075
2023,12,9,2,3,5,7,0,1,0,0,0,7.630535431000055,51.96394702100008
2023,12,16,2,2,5,2,0,1,1,0,0,7.768470141000023,51.69008734200003
2023,12,15,1,3,5,3,0,1,1,0,0,7.094943795000063,50.846082110000054
2023,12,22,1,3,5,2,2,1,1,0,0,6.926358298000025,50.93097487800003
2023,12,20,6,3,4,6,2,1,0,0,0,7.563109017000045,51.94611188300007
2023,12,7,5,3,8,1,2,1,0,0,0,7.549738434000062,51.95319895000006
2023,12,13,5,3,5,3,0,1,1,0,0,7.060438409000028,50.92769160600005
2023,12,18,2,3,0,5,2,1,0,0,0,6.933768659000066,50.92193368100004
2023,12,17,4,3,5,2,1,1,1,0,0,7.631777530000022,51.95081303300003
2023,12,7,4,3,5,3,2,1,1,0,0,6.852514620000022,51.01450975600005
2023,12,13,4,3,0,6,0,1,0,0,0,6.923338332000071,50.93310042100006
2023,12,13,4,3,5,3,0,1,1,0,0,7.857995680000045,51.69065857900006
2023,12,9,3,3,5,3,0,1,0,0,0,7.640775564000023,51.97127143600005
2023,12,21,2,3,5,6,2,1,0,0,0,7.599115932000075,51.990751457000044
2023,12,15,2,3,5,3,0,1,1,0,0,7.627333016000023,51.943287016000056
2023,12,14,7,2,2,2,1,1,1,0,0,6.998510925000062,50.93756605100003
2023,12,14,6,3,5,3,1,1,0,0,0,7.516353636000076,51.96413951300008
2023,12,19,5,3,5,3,2,1,1,0,0,7.617004916000042,51.94985581200007
2023,12,14,5,2,5,2,0,1,1,0,0,7.622321183000054,51.89394369200005
2023,12,9,5,2,1,5,0,1,1,0,0,7.621360968000033,51.94041902600003
2023,12,10,5,3,0,1,0,1,0,0,0,6.924957494000068,50.93654843000007
2023,12,7,5,3,3,1,0,1,1,0,0,6.977855254000076,50.93626656500004
2023,12,9,5,3,0,1,0,1,0,0,0,6.881788689000075,50.93760204500006
2023,12,17,5,3,3,6,1,1,1,0,0,6.960964687000057,50.93602097000007
2023,12,15,2,3,5,2,0,1,1,0,0,7.806191383000055,51.675347343000055
2023,12,17,4,3,6,4,1,1,0,1,0,6.916743158000031,50.93092014200005
2023,12,13,3,3,0,7,0,1,0,1,0,7.686318926000069,51.92838719000008
2023,12,12,2,3,4,2,0,1,1,0,0,7.851291132000028,51.65993105500007
2023,12,13,1,2,0,1,0,1,0,0,0,7.65914917300006,51.967442290000065
2023,12,18,1,2,5,3,2,1,1,0,0,7.027718163000031,50.965991547000044
2023,12,15,7,2,0,3,0,1,1,0,0,7.56380837200004,51.99724463000007
2023,12,19,7,2,6,1,2,1,0,1,0,7.549028055000065,51.95336825700008
2023,12,12,7,3,5,3,0,1,1,0,0,7.619698923000044,51.95544563100003
2023,12,22,6,3,3,2,2,1,1,0,0,7.646962732000077,51.94354142800006
2023,12,13,6,3,0,3,0,1,1,0,0,7.032376378000038,50.96695563900005
2023,12,17,6,3,5,3,2,1,1,0,0,7.08763669800004,50.982164209000075
2023,12,7,6,3,0,1,0,1,0,0,0,6.930734793000056,50.936585638000054
2023,12,14,6,3,1,1,1,1,1,0,0,6.914466309000034,50.921430093000026
2023,11,13,5,3,3,6,0,1,1,0,0,7.62355481000003,51.97471980900008
2023,11,16,5,3,0,4,0,1,0,1,0,7.670075621000024,51.92906416100004
2023,11,10,5,3,6,1,0,1,0,1,0,7.619673788000057,51.957377533000056
2023,11,15,5,3,0,1,0,1,0,0,0,6.930152752000026,50.92528942100006
2023,11,16,4,2,8,1,0,1,0,0,0,6.954777308000075,51.02904921900006
2023,11,14,4,3,0,4,0,1,0,1,0,6.937651355000071,50.93535279100007
2023,12,7,5,3,5,3,2,1,1,0,0,7.567745541000022,51.95575758700005
2023,12,15,1,3,0,1,0,1,0,0,0,6.939680731000067,50.93341622100007
2023,11,7,3,3,5,3,0,1,1,0,0,7.623668405000046,51.94680688500006
2023,12,14,3,3,5,7,0,1,1,0,0,6.945823211000061,50.935767027000054
2023,11,12,3,3,3,5,0,1,1,0,0,6.940097666000042,50.94114788700006
2023,11,10,3,2,5,1,0,1,1,0,0,7.783263221000027,51.66908815200003
2023,11,18,2,3,1,6,2,1,1,0,0,7.647332371000061,51.95522771800006
2023,11,11,2,3,0,1,0,1,0,0,0,7.591647560000069,52.04308639100003
2023,11,7,2,3,5,3,1,1,1,0,0,6.977916191000077,50.92578951000007
2023,11,20,2,3,5,3,2,1,1,0,0,6.959044439000024,50.921023536000064
2023,11,16,5,2,3,6,2,1,0,0,0,7.037715361000039,50.94064134100006
2023,12,16,7,3,6,7,0,1,0,1,0,6.91174959500006,50.92894736200003
2023,11,6,2,3,5,3,2,1,1,0,0,7.834080956000037,51.70570255300004
2023,11,23,1,3,0,3,2,1,1,0,0,7.625892104000059,51.95572370900004
2023,11,18,1,3,0,7,2,1,0,0,0,7.011565748000066,50.970977090000076
2023,12,11,7,3,5,2,0,1,1,0,0,7.629205906000038,51.94427949900006
2023,12,11,7,3,5,3,0,1,1,0,0,7.658827922000057,51.98573963200005
2023,12,10,6,3,0,7,0,1,1,0,0,7.617397246000053,51.95035772400007
2023,12,14,1,3,4,7,0,1,1,0,0,6.950707688000023,50.97387105800004
2023,12,20,4,3,1,5,2,1,1,0,0,6.999669916000073,50.937658499000065
2023,12,6,4,3,7,7,2,1,0,0,0,6.853488619000075,50.97710151500007
2023,12,13,4,2,0,1,0,1,0,0,0,7.868029388000025,51.691239204000055
2023,12,19,2,3,7,7,2,1,0,0,0,6.954740450000031,50.959239893000074
2023,12,20,1,2,3,6,2,1,1,0,0,7.563161108000031,51.94602920700004
2023,12,15,1,3,6,4,0,1,0,1,0,7.005581493000022,50.96166079200003
2023,12,15,7,3,3,2,0,1,1,0,0,7.601460064000037,51.994903417000046
2023,12,12,7,3,0,1,0,1,0,0,0,6.91500753300005,50.920322792000036
2023,12,22,6,3,0,7,2,1,0,0,0,7.642268522000052,51.96180981700007
2023,12,10,6,3,5,3,0,1,1,0,0,7.567714328000022,51.95574645700003
2023,12,12,6,3,5,2,0,1,1,0,0,7.046159098000032,50.96995176300004
2023,12,8,6,3,5,3,0,1,1,0,0,7.764281614000026,51.69059354500007
2023,12,10,6,3,5,2,0,1,1,0,0,7.802488952000033,51.689348417000076
2023,12,17,5,2,0,7,2,1,0,0,0,7.632946271000037,51.96234816700007
2023,12,6,5,3,0,3,2,1,1,0,0,7.677852115000064,51.91904488100005
2023,12,16,5,3,0,7,0,1,0,0,0,6.925191713000061,50.932691695000074
2023,12,11,4,3,5,2,0,1,0,0,0,7.647414494000031,51.95902791000003
2023,12,8,4,3,5,2,1,1,1,0,0,7.656607510000072,51.93644577100008
2023,12,16,4,3,6,6,1,1,0,1,0,7.565277897000044,51.97372462700008
2023,12,21,4,3,0,1,2,1,0,0,0,6.931147255000042,50.94741933100005
2023,12,10,4,3,0,1,0,1,0,0,0,6.972478564000028,50.91294200800007
2023,12,0,4,3,0,6,2,1,1,0,0,6.952581957000064,50.92410674100006
2023,1,14,3,3,0,7,0,1,1,0,0,7.068566947000022,50.89256667600006
2023,1,14,3,3,6,6,0,1,0,1,0,6.961135384000045,50.94125550700005
2023,1,8,3,3,2,2,1,1,1,0,0,6.902886878000061,50.956532209000045
2023,1,8,3,3,7,1,1,1,0,0,0,6.930688524000061,50.949350706000075
2023,1,8,3,3,5,3,0,1,1,0,0,7.004463439000062,50.87105561000004
2023,1,17,2,3,5,3,2,1,1,0,0,6.914455395000061,50.92766172200004
2023,1,12,2,3,3,6,0,1,1,0,0,6.936159904000021,50.928671534000046
2023,1,13,2,3,5,3,0,1,1,0,0,7.869076445000076,51.689138935000074
2023,1,1,1,3,0,1,2,1,0,0,0,6.94910546400007,50.917947964000064
2023,1,11,1,2,5,3,0,1,1,0,0,7.846562779000067,51.70318103200003
2023,1,11,7,3,0,7,1,1,1,0,0,7.686854944000061,51.913510564000035
2023,1,19,7,3,3,6,2,1,0,0,0,6.92654006600003,50.91373589800003
2023,1,10,6,3,5,3,0,1,1,0,0,6.916060492000042,50.96855104000008
2023,1,7,6,3,5,3,0,1,1,0,0,6.961685764000038,50.941911032000064
2023,1,19,5,3,5,3,2,1,1,0,0,7.005840955000053,50.959848055000066
2023,1,21,5,2,5,3,2,1,0,0,0,6.916737982000029,50.94715346500004
2023,1,14,5,3,6,7,0,1,0,1,0,6.918410705000042,50.91146075700004
2023,1,19,5,3,5,3,2,1,0,0,1,6.905462330000034,50.92027353800006
2023,1,16,5,3,5,3,1,1,1,0,0,6.96142177400003,50.92452003500006
2023,1,18,5,3,5,2,2,1,0,0,0,6.945781167000064,50.935194409000076
2023,1,6,5,2,2,1,2,1,1,0,0,7.819321372000047,51.708366590000026
2023,1,7,4,3,5,3,1,1,1,0,0,7.652994140000033,51.96369532300008
2023,1,19,4,3,0,6,2,1,0,0,0,7.62944542300005,51.93788371100004
2023,1,8,4,3,5,3,1,1,0,0,0,6.982787642000062,50.92018776300006
2023,1,14,4,3,5,3,0,1,1,0,0,6.968654932000049,50.90769386800008
2023,1,16,4,3,0,3,1,1,1,0,0,6.935474465000027,50.94139236500007
2023,1,10,4,3,3,3,0,1,1,0,0,6.944042244000059,50.92378297400006
2023,1,8,4,3,1,5,2,1,1,0,0,7.794860657000072,51.69192013300005
2023,1,16,6,3,0,3,1,1,1,0,0,6.913400519000049,50.99751814000007
2023,1,18,2,3,0,6,2,1,0,0,0,7.614454829000067,51.97144049100007
2023,1,8,3,3,8,6,0,1,0,0,0,6.887776724000048,50.95538729500004
2023,1,12,3,3,5,3,0,1,1,0,0,6.909708027000022,50.91506547100005
2023,1,18,3,3,1,6,2,1,0,0,0,6.930254973000046,50.914674364000064
2023,1,9,3,3,0,1,0,1,0,0,0,6.912420231000056,50.93090026900006
2023,1,12,3,3,5,2,0,1,1,0,0,6.960376348000068,50.91855203600005
2023,1,19,3,3,5,3,2,1,1,0,0,6.945412290000036,50.946835613000076
2023,1,8,3,3,0,4,0,1,0,1,0,6.928945672000054,50.92468278200005
2023,1,1,2,3,8,1,2,1,0,0,0,7.042178041000057,50.93946506200007
2023,1,16,2,3,5,3,0,1,1,0,0,6.950744878000023,51.02235134700004
2023,1,13,2,3,5,3,0,1,0,0,0,6.918293529000039,50.94277641600007
2023,1,13,2,3,3,6,0,1,1,0,0,6.93413785000007,50.920277783000074
2023,1,12,1,3,1,5,0,1,1,0,0,7.60445803600004,51.92379648500008
2023,1,13,1,3,5,3,0,1,1,0,0,6.913988031000031,50.99658770500008
2023,1,19,1,3,0,1,2,1,0,0,0,6.936962278000067,50.91830338200003
2023,1,4,1,3,7,7,2,1,0,0,0,6.960198502000026,50.94328034600005
2023,1,10,7,3,3,6,0,1,0,0,0,7.632566673000042,51.960367037000026
2023,1,20,7,3,6,4,2,1,0,1,0,6.922395564000055,50.91878352500004
2023,1,10,6,3,0,1,0,1,1,0,0,7.070534322000071,50.94505552500004
2023,1,6,5,3,1,3,2,1,1,0,0,7.63610596500007,51.98476068200006
2023,1,19,5,3,5,3,2,1,1,0,0,7.658493400000054,51.906240026000035
2023,1,8,5,3,1,5,0,1,1,0,0,6.922068964000061,50.95786532000005
2023,1,8,4,3,0,5,2,1,0,0,0,7.046042148000026,50.94681065600008
2023,1,16,3,2,5,2,0,1,1,0,0,7.658975068000075,51.95853464400005
2023,1,11,3,3,0,5,0,1,0,0,0,7.637458379000066,51.99160017600008
2023,1,13,3,3,5,3,0,1,0,0,1,6.952744242000051,50.96101741000007
2023,1,18,3,3,0,1,2,1,0,0,0,6.887548263000042,50.95539746600008
2023,1,13,2,3,5,3,0,1,1,0,0,6.966197998000041,50.98070795600006
2023,1,14,6,3,6,4,0,1,0,1,0,6.952364302000035,50.93918096300007
2023,1,16,7,3,1,5,0,1,1,0,0,7.619085090000056,51.94991784700005
2023,1,12,6,1,0,1,0,1,0,0,0,7.640253929000039,51.96686577200006
2023,2,8,6,3,0,1,0,1,0,0,0,6.907247047000055,50.96767697300004
2023,2,8,6,3,0,1,0,1,0,0,0,6.889555285000029,50.95541551000008
2023,2,7,6,3,0,1,0,1,0,0,0,6.845785437000075,50.93116070200006
2023,2,8,6,3,0,1,0,1,0,0,0,6.845749210000065,50.93114884900007
2023,2,8,6,3,0,1,0,1,0,0,0,6.956329426000025,50.932095092000054
2023,2,8,6,3,0,1,0,1,0,0,0,6.905374121000023,50.91931888800008
2023,2,7,5,3,2,6,1,1,1,0,0,7.564764530000048,51.97222578700007
2023,2,9,5,3,5,3,0,1,1,0,0,6.973458160000064,50.94024327100004
2023,2,11,5,3,1,5,0,1,1,0,0,6.928401740000027,50.92090799400006
2023,2,11,5,3,1,5,0,1,0,0,0,6.940329038000073,50.930897350000066
2023,2,16,4,3,3,6,0,1,1,0,0,7.642642211000066,51.96032504600004
2023,2,14,4,3,5,3,0,1,1,0,0,7.61180478600005,51.93094311700003
2023,2,8,4,2,0,1,0,1,0,0,0,6.905414939000025,50.96793487300005
2023,2,18,4,3,0,7,2,1,0,0,0,6.969621843000027,50.91855338800008
2023,2,12,3,3,5,2,0,1,0,0,0,7.621104438000032,51.98450800200004
2023,2,11,3,3,4,2,0,1,1,0,0,7.64386236100006,51.90518075800003
2023,2,10,3,3,5,3,0,1,1,0,0,7.087665437000055,50.87637899600003
2023,2,7,3,3,5,3,1,1,1,0,0,6.958769196000048,50.966317110000034
2023,2,6,3,3,5,3,2,1,1,0,0,6.92406812300004,50.935509721000074
2023,2,9,3,3,5,3,0,1,1,0,0,6.958394576000046,50.920227674000046
2023,2,9,3,3,4,2,0,1,1,0,0,6.953396228000031,50.93331619800006
2023,2,19,2,3,0,1,2,1,0,0,0,6.94061877300004,50.92291570800006
2023,2,13,7,3,1,5,0,1,1,0,0,7.005880878000028,50.94903352100005
2023,2,17,7,3,3,6,1,1,0,0,1,6.878476215000035,50.93185745400007
2023,2,13,7,3,6,4,0,1,0,1,0,6.947663414000033,50.93804364200008
2023,2,17,6,3,1,5,1,1,1,0,0,7.617835718000038,51.94704047100004
2023,2,14,6,3,0,5,0,1,1,0,0,6.975629438000055,50.932013375000054
2023,2,15,6,3,1,5,0,1,1,0,0,6.94798928900002,50.963295756000036
2023,2,8,6,3,0,5,0,1,1,0,0,6.885334099000033,50.955525038000076
2023,2,19,6,3,1,5,2,1,1,0,0,6.973539988000027,50.93867263700008
2023,2,15,5,3,1,5,0,1,1,0,0,7.610140702000024,51.960698742000034
2023,2,16,5,3,5,3,0,1,0,0,0,6.941001909000022,50.95844914400004
2023,2,9,5,3,5,2,0,1,1,0,0,6.898433818000058,50.94326337100006
2023,2,9,4,3,1,5,0,1,1,0,0,6.94891616700005,50.963977327000066
2023,2,18,4,3,5,3,2,1,1,0,0,6.901010901000063,50.93090427000004
2023,2,14,4,3,0,1,0,1,1,0,0,6.95908225900007,50.922824896000066
2023,2,15,4,3,5,3,0,1,0,0,0,6.950117512000077,50.93540087300005
2023,2,7,4,3,6,4,1,1,0,1,0,6.951616985000044,50.91969705000008
2023,1,12,3,3,4,7,0,1,0,0,0,7.65722235000004,51.93180289000003
2023,1,12,3,3,6,4,0,1,0,1,0,7.002065949000041,50.979723696000065
2023,1,16,3,3,5,2,0,1,1,0,0,6.925427331000037,50.95510481900004
2023,1,7,2,3,5,2,2,1,1,0,0,7.653018131000067,51.95868689000008
2023,1,7,2,3,5,3,2,1,1,0,0,7.630323273000045,51.96703157300004
2023,2,17,3,3,8,1,2,1,0,0,0,6.977783872000032,50.92937881800003
2023,1,16,1,3,3,6,0,1,0,0,1,6.94559133000007,50.927726405000044
2023,1,1,7,3,0,1,2,1,0,0,0,7.640997003000052,51.92666427800003
2023,1,18,7,3,2,6,2,1,1,0,0,7.630326937000063,51.97016173700007
2023,1,16,7,2,0,7,0,1,0,0,0,6.914453907000052,50.92766130100006
2023,1,22,7,3,4,2,2,1,1,0,0,6.957626464000043,50.92065921300008
2023,1,12,5,3,2,7,0,1,1,0,0,7.627949631000035,51.95700587600004
2023,1,18,5,2,0,2,2,1,0,0,0,7.571379185000069,51.92896384200003
2023,1,8,5,3,0,1,0,1,0,0,0,7.622332134000033,51.96392203700003
2023,1,13,5,3,5,2,0,1,1,0,0,7.630371333000028,51.968646275000026
2023,1,10,5,3,3,2,0,1,1,0,0,6.939848921000021,50.945781013000044
2023,1,15,5,3,0,1,0,1,0,0,0,6.942607339000062,50.932211824000035
2023,1,20,5,2,1,5,2,1,1,0,0,6.94779694500005,50.94021783100004
2023,1,11,5,3,3,2,0,1,1,0,0,7.861165717000063,51.68196098300007
2023,1,11,4,2,0,7,0,1,0,0,0,7.00443530900003,50.94369304600008
2023,1,21,4,2,0,1,2,1,0,0,0,6.923101731000031,50.95776571600004
2023,1,15,4,3,0,2,0,1,0,0,0,6.956630343000029,50.94749700800003
2023,1,16,4,3,6,4,0,1,0,1,0,6.961431043000061,50.91651206600005
2023,1,13,3,3,2,6,0,1,1,0,0,7.617819316000066,51.975523603000056
2023,1,19,3,3,5,3,2,1,1,0,0,6.96523998400005,50.872606845000064
2023,1,14,2,3,5,7,0,1,1,0,0,7.709487832000036,51.91670566500005
2023,1,7,2,3,5,1,2,1,0,0,0,7.621306729000025,51.95828311900004
2023,1,9,2,3,0,3,0,1,1,0,0,7.08534776700003,50.86313324400004
2023,1,17,2,3,4,3,1,1,1,0,0,7.002137883000046,50.97927326300004
2023,1,4,2,3,5,3,2,1,0,0,0,6.924859398000024,51.034138995000035
2023,1,19,2,3,7,1,2,1,0,0,0,6.960262753000052,50.93769905900007
2023,1,21,7,3,5,3,2,1,1,0,0,6.999875048000035,50.94068762400008
2023,1,4,7,3,0,1,2,1,0,0,0,6.924078966000025,50.95237187400005
2023,1,7,6,3,5,2,2,1,1,0,0,7.633562146000031,51.956131388000074
2023,1,7,6,3,0,3,2,1,1,0,0,6.878672949000077,50.96419936900003
2023,1,11,6,3,5,1,0,1,1,0,0,6.905616547000022,50.96710978200008
2023,1,8,2,3,6,4,0,1,0,1,0,7.621625953000034,51.94975905800004
2023,1,8,5,3,3,2,0,1,1,0,0,7.001321460000042,50.950190357000054
2023,1,13,5,3,1,5,0,1,1,0,0,6.907314085000053,50.968714713000054
2023,1,7,5,3,0,1,2,1,0,0,0,6.939860586000066,50.91772787800005
2023,2,10,3,3,5,3,0,1,1,0,0,6.936367807000067,50.94709354300005
2023,1,17,4,2,0,7,2,1,0,0,0,7.621857617000046,51.91216124400006
2023,1,8,4,3,4,6,0,1,0,0,0,7.63919084500003,51.94050213600008
2023,1,15,4,3,5,3,0,1,1,0,0,7.662760027000047,51.936297995000075
2023,1,8,4,3,5,3,0,1,0,0,0,7.103480367000031,50.85648973800005
2023,2,7,5,3,0,3,0,1,1,0,0,6.927492683000025,50.92898069800003
2023,3,8,5,3,5,3,0,1,1,0,0,7.583272747000024,51.92745018900007
2023,3,19,5,3,0,1,2,1,0,0,0,6.957177019000028,50.95415893200004
2023,3,7,5,3,5,3,0,1,1,0,0,6.869698140000025,50.93226968400006
2023,3,11,5,3,0,2,0,1,0,0,0,6.932000637000044,50.926584339000044
2023,3,13,5,3,5,3,0,1,1,0,0,6.950515559000053,50.949280456000054