UJAHR,UMONAT,USTUNDE,UWOCHENTAG,UKATEGORIE,UART,UTYP1,ULICHTVERH,IstRad,IstPKW,IstFuss,IstKrad,XGCSWGS84,YGCSWGS84
2023,3,19,5,2,0,7,2,1,0,0,0,7.887558137000042,51.68739064600004
2023,2,16,3,2,5,3,0,1,0,0,0,7.648829776000071,51.936213629000065
2023,2,8,3,3,5,3,0,1,1,0,0,7.656129456000031,51.92896097700003
2023,2,15,3,3,0,3,0,1,1,0,0,7.061776563000024,50.88570429400005
2023,2,7,3,3,3,6,0,1,1,0,0,6.926509699000064,50.95691619200005
2023,2,13,3,3,0,3,0,1,1,0,0,7.009908464000034,50.86723153600008
2023,2,15,2,2,4,6,0,1,1,0,0,7.653208498000026,51.98743211900006
2023,2,8,2,3,4,7,0,1,0,0,0,7.637542103000044,51.991387951000036
2023,2,19,2,3,5,2,2,1,1,0,0,6.922530444000074,50.91587349300005
2023,2,14,2,3,3,2,0,1,1,0,0,6.944042244000059,50.92378297400006
2023,2,16,1,3,1,7,0,1,1,0,0,7.615442390000055,51.931332560000044
2023,2,10,1,3,5,2,0,1,1,0,0,6.957867135000072,50.87369647100007
2023,2,12,7,2,8,5,0,1,0,0,0,7.571860937000054,51.92884808000008
2023,2,11,6,3,5,2,0,1,1,0,0,7.070973839000033,50.886154257000044
2023,2,17,6,3,0,7,0,1,0,0,0,6.976803441000072,50.96618777400005
2023,2,21,6,2,0,1,2,1,0,0,0,6.932291318000068,50.931693550000034
2023,2,13,6,3,6,4,0,1,0,1,0,7.745904112000062,51.69671699400004
2023,2,19,5,3,3,1,2,1,1,0,0,7.615485553000042,51.96884189900004
2023,2,15,5,3,0,7,0,1,1,0,0,7.626380766000068,51.966072774000054
2023,2,14,5,3,2,6,0,1,1,0,0,7.001564079000048,50.94683479200006
2023,2,16,5,3,1,5,0,1,1,0,0,6.960788382000032,50.96275591500006
2023,2,8,5,3,5,3,0,1,1,0,0,6.897577859000023,50.965174442000034
2023,2,7,4,3,5,3,0,1,1,0,0,6.95754564300006,50.873507819000054
2023,2,10,4,3,0,7,0,1,0,0,0,6.95810282900004,50.93991691800005
2023,2,15,3,3,2,5,0,1,0,0,0,7.10385238300006,50.85172994900006
2023,2,10,3,3,1,5,0,1,1,0,0,6.910264786000027,50.950531313000056
2023,2,23,2,2,0,1,2,1,0,0,0,6.911201672000061,50.96448795600003
2023,2,20,2,3,6,4,2,1,0,1,0,6.955936563000023,50.94436173200006
2023,2,23,7,3,4,6,2,1,0,0,0,7.613599252000029,51.91723329400003
2023,2,16,7,2,0,1,1,1,0,0,0,6.927383949000046,50.97719476600008
2023,2,1,6,3,1,1,2,1,1,0,0,6.911475447000043,50.93865886300006
2023,2,12,6,3,2,2,0,1,1,0,0,6.907449819000021,50.91924434600003
2023,2,16,5,3,8,5,0,1,1,0,0,7.57720065500007,51.966253006000045
2023,2,21,5,3,0,1,2,1,0,0,0,6.918905410000036,50.94625550600006
2023,2,9,5,2,5,2,0,1,1,0,0,7.004379335000067,50.87140523800008
2023,2,9,4,3,5,2,0,1,1,0,0,7.609679011000026,51.96136783800006
2023,2,6,4,3,5,2,2,1,1,0,0,7.594514555000046,51.988542238000036
2023,2,7,4,3,0,4,0,1,0,1,0,7.647475375000056,51.952967579000074
2023,2,18,4,3,5,3,2,1,1,0,0,6.907531037000069,50.989650236000045
2023,2,21,4,3,5,3,2,1,1,0,0,6.934634849000076,50.92764574900008
2023,2,8,4,3,0,1,0,1,0,0,0,6.956200881000029,50.93765051300005
2023,2,13,5,3,1,5,0,1,1,0,0,6.995765620000043,50.95927646100006
2023,2,14,3,3,0,7,0,1,0,0,0,7.583304364000071,51.96537210500003
2023,2,9,3,3,0,3,0,1,0,0,0,7.614776020000022,51.970373202000076
2023,2,6,3,3,5,3,2,1,1,0,0,7.56736999900005,51.961468884000055
2023,2,8,3,3,5,3,0,1,1,0,0,7.088211401000024,50.86295194000007
2023,2,14,3,3,0,1,0,1,0,0,0,6.940760784000076,50.92089995900005
2023,2,14,2,3,6,4,0,1,0,1,0,7.039266207000026,50.966911810000056
2023,2,20,2,3,1,5,2,1,1,0,0,6.911905531000059,50.94995306000004
2023,2,15,1,3,3,6,0,1,0,0,0,7.656386873000031,51.94394089300005
2023,2,22,1,3,1,5,2,1,0,0,0,6.953292591000036,50.899760979000064
2023,2,17,7,3,3,5,2,1,1,0,0,7.050927954000031,50.97415084600004
2023,2,17,7,3,0,1,1,1,0,0,0,6.906425951000074,50.96779221500003
2023,2,15,7,3,1,5,0,1,1,0,0,7.018577501000038,50.877044831000035
2023,2,15,7,3,5,3,0,1,1,0,0,6.960975989000076,50.92756428200005
2023,2,9,6,3,0,1,1,1,0,0,0,7.027960470000039,50.93644364900007
2023,3,11,6,3,5,7,0,1,1,0,0,7.640292536000061,51.97421042500008
2023,3,17,6,2,0,1,0,1,0,0,0,6.982434266000041,50.950365333000036
2023,3,10,6,3,0,1,0,1,0,0,0,6.946184276000054,50.95775636900004
2023,3,23,6,2,0,3,2,1,1,0,0,6.934126990000038,50.94837364300008
2023,3,14,5,3,5,6,0,1,1,0,0,7.645743805000052,51.934387884000046
2023,3,15,5,3,5,3,0,1,1,0,0,6.910030386000074,50.96336404700003
2023,3,7,5,2,3,6,0,1,0,0,0,6.93009302400003,50.94958572500008
2023,3,8,5,3,5,5,0,1,1,0,0,6.941464170000074,50.91118228800008
2023,3,16,5,3,3,6,0,1,1,0,0,6.942126041000051,50.94009260900003
2023,3,13,4,3,4,2,0,1,0,0,0,7.633570847000044,51.96020201700003
2023,3,15,4,3,5,3,0,1,1,0,0,7.610839533000046,51.97199050300003
2023,3,13,4,3,5,2,0,1,1,0,0,7.567885042000057,51.97168323500006
2023,3,7,4,3,1,5,0,1,1,0,0,6.975154548000035,50.938407753000035
2023,3,18,4,3,0,5,0,1,1,0,0,6.927169756000069,50.91986926800007
2023,3,17,3,3,5,2,0,1,1,0,0,7.067896949000044,50.89130524300003
2023,3,10,3,3,4,2,0,1,1,0,0,6.959787829000049,50.974220969000044
2023,3,8,3,3,0,5,0,1,1,0,0,6.92589120100007,50.95717595100007
2023,3,15,3,2,5,3,0,1,1,0,0,6.948579957000049,50.91701699200007
2023,3,8,3,3,0,6,0,1,0,0,0,6.937677132000033,50.947053967000045
2023,3,15,2,3,5,2,0,1,1,0,0,7.030395419000058,50.99142954200005
2023,3,13,2,2,4,2,0,1,1,0,0,6.920886348000067,50.96479127400005
2023,3,13,2,3,5,3,0,1,1,0,0,6.924407373000065,50.917706888000055
2023,3,7,2,3,5,2,0,1,1,0,0,6.90934530800007,50.98830022800007
2023,3,18,1,3,5,2,1,1,1,0,0,7.627720261000036,51.95512807700004
2023,3,16,1,3,0,4,0,1,0,1,0,6.942342702000076,50.95786633000006
2023,3,19,1,3,0,1,2,1,0,0,0,6.940976515000045,50.95844577500003
2023,3,21,7,3,0,1,2,1,0,0,0,7.614728384000045,51.96195828700007
2023,3,19,7,3,0,1,2,1,0,0,0,6.930994724000072,50.91441161800003
2023,3,12,6,3,0,1,0,1,0,0,0,7.628897985000037,51.967366748000074
2023,3,19,6,3,0,1,1,1,0,0,0,6.918666685000062,50.921205824000026
2023,3,8,5,3,5,3,0,1,0,0,0,7.630020762000072,51.96790673400005
2023,3,17,5,3,9,1,0,1,0,0,0,6.989755294000076,50.90841272500006
2023,3,17,5,3,0,1,0,1,0,0,0,7.052315036000039,50.92818402200004
2023,3,10,4,2,5,3,0,1,1,0,0,7.616383258000042,51.93231121900004
2023,3,8,4,3,0,1,0,1,0,0,0,6.91153171600007,50.97274891600006
2023,3,18,4,3,5,3,1,1,1,0,0,6.839055016000032,50.962322716000074
2023,3,8,4,2,5,3,0,1,1,0,0,6.93949051900006,50.903131528000074
2023,3,7,4,3,4,2,0,1,1,0,0,7.856611261000069,51.68395956000006
2023,3,15,3,3,5,3,0,1,1,0,0,7.731122319000065,51.92631645800003
2023,3,11,3,3,6,6,0,1,0,1,0,7.609905000000026,51.94481945800004
2023,3,17,3,3,1,5,0,1,1,0,0,6.958997734000036,50.91063331000004
2023,3,8,2,3,5,3,0,1,1,0,0,7.600923536000039,51.88869251500006
2023,3,17,2,3,5,3,0,1,1,0,0,7.646243865000031,51.908286489000034
2023,3,16,2,3,0,2,0,1,1,0,0,7.010131738000041,50.95226672800004
2023,3,12,2,2,5,2,0,1,1,0,0,6.941156573000058,50.94032548200005
2023,3,13,2,3,4,2,0,1,1,0,0,6.943044629000042,50.93515905100003
2023,3,19,1,3,0,7,2,1,0,0,0,7.616032519000044,51.932605780000074
2023,3,9,7,3,4,6,0,1,1,0,0,7.624767918000032,51.950949009000055
2023,3,19,6,3,5,5,2,1,1,0,0,6.939190977000067,50.958165629000064
2023,3,10,5,3,8,5,0,1,1,0,0,7.641373335000026,51.90860985200004
2023,3,14,5,3,6,4,0,1,0,1,0,7.007744532000061,50.94051589700007
2023,3,20,5,3,0,6,2,1,0,1,0,6.927217445000053,50.98148390400007
2023,3,8,5,3,0,5,0,1,1,0,0,6.904882721000035,51.01884566500007
2023,3,13,5,3,0,1,0,1,0,0,0,6.917159965000053,50.96033317200005
2023,3,16,5,3,1,3,0,1,1,0,0,7.01103772700003,50.86755493800007
2023,3,19,4,3,7,1,2,1,0,0,0,7.628098097000077,51.95703265800006
2023,3,7,4,3,5,2,2,1,1,0,0,6.941282853000075,50.90955453300006
2023,3,13,6,3,0,6,0,1,1,0,0,7.621585223000068,52.03965817200003
2023,3,15,3,3,3,6,0,1,1,0,0,6.955735275000052,50.95689882200003
2023,3,13,3,3,4,2,0,1,1,0,0,6.913082264000025,50.96619695800007
2023,3,8,3,3,5,3,0,1,1,0,0,6.94149070900005,50.945110740000075
2023,3,7,3,3,0,3,0,1,1,0,0,7.820877248000045,51.68361489600005
2023,3,18,2,3,5,3,1,1,0,0,0,7.606383287000028,51.94179244600008
2023,3,7,2,3,5,3,0,1,1,0,0,7.662671027000044,51.936339642000064
2023,3,16,2,3,0,7,0,1,0,1,0,7.08769598400005,50.87578783400005
2023,3,16,2,3,5,3,1,1,1,0,0,7.044095645000027,50.96272687800007
2023,3,6,2,2,0,1,2,1,0,0,0,6.956275111000025,50.932789264000064
2023,3,15,5,3,5,3,0,1,1,0,0,6.928193997000051,50.941768714000034
2023,3,12,2,3,6,4,0,1,0,1,0,6.937239544000022,50.918762806000075
2023,3,14,1,3,5,3,0,1,1,0,0,6.925950063000073,50.91887427000006
2023,3,12,7,3,5,3,0,1,1,0,0,7.595579694000037,51.99993929400006
2023,3,12,7,3,4,2,0,1,0,0,0,7.645465255000033,51.967620511000064
2023,3,14,7,3,5,2,0,1,1,0,0,7.092343292000066,50.97118832100006
2023,3,23,6,3,4,3,2,1,0,0,0,7.643172512000035,51.96145013100005
2023,3,19,6,3,5,3,2,1,1,0,0,7.031811594000033,50.94028842100005
2023,3,15,7,3,5,2,0,1,1,0,0,7.015759373000037,50.95430642600007
2023,4,15,3,3,0,3,0,1,1,0,0,6.898774223000032,51.006081753000046
2023,4,14,3,3,5,2,0,1,0,0,1,6.912994690000062,50.956618813000034
2023,4,7,3,3,3,2,1,1,1,0,0,6.993766653000023,50.86658616200003
2023,4,10,3,3,0,1,0,1,0,0,0,6.935804609000058,50.93397442700007
2023,4,21,3,3,1,5,1,1,1,0,0,6.959986669000045,50.91976614300006
2023,4,18,2,3,9,7,0,1,0,0,0,7.060122038000031,50.90362672100008
2023,4,17,2,3,5,3,0,1,1,0,0,6.84801206700007,51.06435350700008
2023,4,13,2,3,0,7,0,1,1,0,0,6.914584154000067,50.94652098500006
2023,4,21,2,3,0,3,2,1,1,0,0,6.935465466000039,50.947754528000075
2023,4,7,2,3,5,3,0,1,0,0,0,6.948755189000053,50.93437940500007
2023,4,7,2,3,5,3,0,1,1,0,0,7.814911272000074,51.67356740500003
2023,4,15,1,3,0,3,0,1,0,0,0,7.659482322000031,51.98817973300004
2023,4,13,1,2,5,3,0,1,0,1,0,6.948551875000021,50.96806514000008
2023,4,21,7,2,0,1,2,1,0,0,0,7.616838245000054,51.98124490200007
2023,4,17,5,3,0,1,0,1,0,0,0,6.921948954000072,50.93606845000005
2023,4,15,5,3,5,3,0,1,1,0,0,6.909707934000039,50.931394829000055
2023,4,9,5,3,5,2,0,1,1,0,0,6.915421611000056,50.91738714100006
2023,4,9,4,3,5,3,0,1,1,0,0,7.598722057000032,51.997487754000076
2023,4,9,4,3,5,3,0,1,1,0,0,7.647431462000043,51.95406040300003
2023,4,11,4,3,5,7,0,1,1,0,0,7.599087184000041,51.970938723000074
2023,4,13,4,3,3,3,0,1,1,0,0,7.61295758600005,51.95906752700006
2023,4,17,3,3,4,3,0,1,1,0,0,7.645226905000072,51.957413736000035
2023,4,16,3,3,5,3,0,1,1,0,0,7.667465297000035,51.961606224000036
2023,4,13,5,3,5,3,0,1,1,0,0,7.077071886000056,50.89354407900004
2023,4,13,3,3,0,7,0,1,0,0,0,6.958970235000038,50.909342078000066
2023,4,17,4,3,6,7,0,1,0,1,0,6.93534756300005,50.91970205900003
2023,4,13,1,3,2,6,0,1,1,0,0,6.974706524000055,50.96276457600004
2023,4,12,1,3,6,7,0,1,0,1,0,6.968856603000063,50.92040229200006
2023,4,17,2,3,0,5,0,1,1,0,0,7.033613597000056,50.98253503700005
2023,4,13,7,3,0,2,0,1,1,0,0,7.650739176000059,51.95314780800004
2023,4,11,7,3,1,5,0,1,1,0,0,6.959733374000052,50.95163035500008
2023,4,17,6,3,0,1,0,1,0,0,0,7.639524612000059,51.98375908600008
2023,4,3,6,3,0,1,2,1,0,0,0,6.91684553500005,50.96066714800003
2023,4,15,5,3,0,7,0,1,1,0,0,7.629635894000046,51.94964271400005
2023,4,14,5,2,0,7,0,1,0,0,0,7.61696203200006,51.95753571600005
2023,4,8,6,3,0,1,0,1,0,0,0,6.997385330000043,50.94636080200007
2023,4,14,5,3,5,3,0,1,1,0,0,6.997247988000026,50.91855216100004
2023,4,20,5,3,0,2,1,1,1,0,0,6.969313922000026,50.971362129000056
2023,4,10,5,3,5,3,0,1,1,0,0,6.899111757000071,51.017118622000055
2023,4,9,4,3,0,7,0,1,0,0,0,7.665487239000072,51.921100455000044
2023,4,8,4,3,4,5,0,1,1,0,0,6.859688409000057,51.06802410200004
2023,4,7,4,3,4,2,0,1,1,0,0,6.910338440000032,50.919629773000054
2023,4,18,3,3,4,3,0,1,1,0,0,6.978161073000024,50.95934665100003
2023,4,13,3,3,5,3,0,1,1,0,0,6.853954916000021,50.93101154000004
2023,4,13,3,3,5,3,0,1,0,0,0,6.937260753000032,50.91875182700005
2023,4,18,3,3,0,7,0,1,0,0,0,6.927315273000033,50.917385049000075
2023,4,17,3,3,4,6,0,1,1,0,0,6.955470129000048,50.94004684300006
2023,4,16,2,2,6,4,0,1,0,1,0,7.055367581000041,50.97227129300006
2023,4,15,2,3,5,3,0,1,1,0,0,6.884132812000075,50.99867183100008
2023,4,12,2,3,5,3,0,1,1,0,0,6.968313765000062,50.91290154200004
2023,4,7,2,3,5,3,0,1,1,0,0,6.955836957000031,50.86782907700007
2023,3,14,6,3,5,2,0,1,1,0,0,6.959990049000055,50.934196230000055
2023,4,8,4,3,5,3,0,1,0,0,0,6.906666158000064,50.945406828000046
2023,3,9,5,3,5,2,0,1,0,0,1,7.678107732000058,51.94252816900007
2023,3,23,5,3,0,1,2,1,0,0,0,6.907794267000043,50.94529851200008
2023,3,18,5,2,3,2,0,1,0,0,0,6.913378158000057,50.921077163000064
2023,3,12,5,2,5,3,0,1,1,0,0,6.907265749000032,50.91655288100003
2023,3,19,4,3,0,5,1,1,1,0,0,7.644219103000069,51.96601133400003
2023,3,8,4,3,2,6,0,1,0,0,0,6.993498460000069,50.93919912800004
2023,3,21,4,3,0,1,1,1,0,0,0,6.934415386000069,50.990908372000035
2023,3,15,4,3,8,3,0,1,0,0,0,6.859007815000041,51.06487653900007
2023,3,8,4,3,0,5,0,1,1,0,0,6.90397514700004,50.91934084800005
2023,3,0,4,3,0,1,2,1,0,0,0,6.938444523000044,50.93321796200007
2023,3,7,3,3,6,4,0,1,0,1,0,7.643890104000036,51.96134487200004
2023,3,7,3,3,5,3,0,1,0,0,0,7.615555310000047,51.968250957000066
2023,3,17,3,2,4,6,0,1,0,0,0,6.915700712000046,50.92280875300003
2023,3,23,3,3,0,1,2,1,0,0,0,6.962205705000031,50.93564582300007
2023,3,16,2,3,1,7,0,1,0,0,0,7.039909994000027,50.96523239700008
2023,3,17,2,3,1,3,0,1,1,0,0,6.924892916000033,50.94380408500007
2023,3,10,2,3,0,4,0,1,0,1,0,6.932732133000059,50.94003292000008
2023,3,21,1,2,0,1,0,1,0,0,0,6.940715608000062,50.90470642100007
2023,3,17,1,2,3,6,0,1,1,0,0,6.953337820000058,50.93962203500007
2023,3,17,7,3,5,2,0,1,1,0,0,7.633976333000021,51.90626768100003
2023,3,19,7,3,6,6,2,1,0,1,0,6.998664349000023,50.93817698200007
2023,5,17,5,2,0,1,0,1,0,0,0,6.996771289000037,50.92888007500005
2023,5,18,5,3,5,3,0,1,0,0,0,6.924507754000047,50.90300910800005
2023,5,22,5,3,6,6,2,1,0,1,0,6.940678612000056,50.94660799300004
2023,5,11,5,3,0,1,0,1,1,0,0,6.955742694000037,50.94256615000006
2023,5,19,4,3,4,2,0,1,1,0,0,6.929849440000055,50.99366267000005
2023,5,22,4,3,0,1,2,1,0,0,0,6.91907909300005,50.91217705400004
2023,5,16,4,3,0,5,0,1,1,0,0,6.94770130400002,50.930810363000035
2023,5,15,4,3,5,2,0,1,0,0,0,6.938536351000039,50.92877131800003
2023,5,16,3,3,0,1,0,1,0,0,0,7.623311168000043,51.97357741400003
2023,5,15,3,3,3,6,0,1,1,0,0,7.601523845000031,52.00218683600008
2023,5,18,3,3,5,3,0,1,1,0,0,6.997278763000054,50.91857145200004
2023,5,16,3,3,1,5,0,1,1,0,0,6.911981135000076,50.93798133800004
2023,5,18,3,3,2,4,0,1,0,1,0,6.931051341000057,50.92614890600004
2023,5,12,3,3,1,5,0,1,1,0,0,6.947807972000021,50.94046263100006
2023,5,18,2,3,5,3,0,1,1,0,0,7.621272353000052,51.94067886800008
2023,5,15,2,3,0,1,0,1,0,0,0,6.902909610000052,50.95643577800007
2023,5,14,2,3,0,7,0,1,1,0,0,6.926506224000036,50.95430253600006
2023,4,15,1,3,0,6,0,1,1,0,0,7.647584754000036,52.02213533200006
2023,4,15,1,3,1,5,0,1,1,0,0,7.61355437900005,51.87735091700006
2023,4,15,1,3,0,1,0,1,0,0,0,7.034380045000034,50.99909662500005
2023,4,1,1,3,1,1,2,1,1,0,0,6.916773852000063,50.94751084400008
2023,4,15,7,3,1,1,0,1,1,0,0,7.078713530000073,50.898830135000026
2023,4,19,7,3,8,1,0,1,0,0,0,7.084848130000069,50.91715823000004
2023,4,22,6,3,4,6,2,1,0,0,0,7.629658898000059,51.93927368200008
2023,4,13,6,3,5,3,0,1,0,0,0,7.597932807000063,51.958808160000046
2023,4,15,6,3,3,2,0,1,1,0,0,6.867908344000057,50.93219836000003
2023,4,9,6,3,5,3,0,1,0,0,0,6.920890844000041,50.91774176000007
2023,4,15,6,3,1,5,0,1,1,0,0,7.000023982000073,50.88887081000007
2023,4,16,5,3,1,5,0,1,1,0,0,7.048168563000047,50.933549637000056
2023,4,9,5,3,0,1,0,1,0,0,0,6.985999607000053,50.952841645000035
2023,4,7,5,3,5,2,0,1,1,0,0,7.032573223000043,50.98116759700008
2023,4,22,5,3,5,3,2,1,1,0,0,6.948956930000065,51.02253712500004
2023,4,18,5,3,5,2,0,1,0,0,0,6.904412964000073,50.92424432100006
2023,4,10,4,3,5,3,0,1,1,0,0,6.833912247000058,50.940572289000045
2023,4,13,3,3,5,3,0,1,1,0,0,6.936216384000033,50.963003565000065
2023,4,15,3,3,4,6,0,1,1,0,0,6.946411782000041,50.97979447100005
2023,4,19,3,3,0,3,0,1,0,0,0,6.834910316000048,50.96282963900006
2023,4,16,3,3,0,7,0,1,0,1,0,7.004190538000046,50.87563916700003
2023,4,11,2,2,5,3,0,1,1,0,0,6.98034874700005,50.965976571000056
2023,4,14,2,3,1,5,0,1,1,0,0,6.998425988000065,50.89177406200008
2023,4,23,1,3,6,6,2,1,0,1,0,6.919917190000035,51.02944100800005
2023,4,14,5,3,5,3,0,1,1,0,0,7.081097792000037,50.97648167700004
2023,4,11,1,3,1,5,0,1,0,0,0,7.053256149000049,50.97410088100003
2023,4,19,7,3,0,7,0,1,0,0,0,7.645222087000036,51.954388909000045
2023,4,20,7,3,0,1,2,1,0,0,0,6.961269344000073,50.98716697100008
2023,4,18,7,3,1,5,1,1,1,0,0,6.936961637000024,50.92896142800004
2023,4,19,6,2,0,1,0,1,0,0,0,6.969184823000035,50.96891446300003
2023,5,16,4,3,5,2,0,1,1,0,0,6.890691748000052,50.97758145200004
2023,4,17,6,3,6,4,0,1,0,1,0,6.914603759000045,50.95110007100004
2023,4,18,6,3,4,6,0,1,0,0,0,6.952823511000076,50.93904979300004
2023,4,15,5,3,0,7,0,1,0,0,0,7.595960770000033,51.99987638500005
2023,4,8,5,3,3,6,0,1,0,0,0,7.622233261000076,51.947093048000056
2023,4,7,5,3,5,3,0,1,1,0,0,6.883943472000055,50.95558628300006
2023,4,17,5,3,3,5,0,1,1,0,0,6.941528049000055,50.91036523100007
2023,4,10,4,3,0,3,0,1,1,0,0,7.068768094000063,50.89220843000004
2023,4,17,4,3,0,5,0,1,1,0,0,7.009761560000072,50.96645174200006
2023,4,15,4,3,5,3,0,1,1,0,0,6.949783241000034,50.98470510200008
2023,4,17,4,3,1,1,0,1,1,0,0,6.918039090000036,50.94738986600004
2023,4,7,4,3,0,1,0,1,0,0,0,6.895637511000075,50.96410367000004
2023,4,10,4,3,1,5,0,1,1,0,0,6.916637008000066,50.92064499900005
2023,4,13,4,3,6,4,0,1,1,1,0,6.957002426000031,50.90725298800004
2023,4,10,4,3,5,3,0,1,1,0,0,6.909272040000076,50.93345964800005
2023,4,21,4,3,5,3,2,1,1,0,0,6.961305159000062,50.91638595900008
2023,4,21,4,3,0,5,2,1,1,0,0,6.957197970000038,50.94264999200004
2023,4,17,5,2,7,1,0,1,0,0,0,7.001289581000037,50.95281191600003
2023,5,13,7,3,4,2,0,1,1,0,0,7.009347964000028,50.96598793800007
2023,5,10,7,3,0,5,0,1,1,0,0,6.968455000000063,50.96409162900005
2023,5,16,7,3,5,3,0,1,1,0,0,6.904291766000028,50.93412490500003
2023,5,15,7,3,2,6,0,1,0,0,0,6.94055849700004,50.937728752000055
2023,5,19,6,2,0,1,0,1,0,0,0,7.61482353100007,51.96188917900008
2023,5,12,6,3,0,2,0,1,1,0,0,7.008575106000023,50.84945272600004
2023,5,8,6,3,6,5,0,1,0,0,0,6.900617520000026,50.95229179800003
2023,5,20,5,3,0,1,1,1,0,0,0,7.638383678000025,51.99345482800004
2023,5,11,5,3,0,1,0,1,0,0,0,7.070098547000043,50.88973327100007
2023,5,22,5,2,0,1,2,1,0,0,0,6.936679612000034,50.95719035600007
2023,5,21,5,3,5,3,1,1,1,0,0,6.949485113000037,50.91861892700007
2023,5,19,5,3,0,1,2,1,0,0,0,6.96223651400004,50.93496331500006
2023,5,16,5,3,6,1,0,1,0,1,0,7.845387870000025,51.67592456700004
2023,5,15,4,3,0,6,0,1,0,0,0,7.620294717000036,51.93818060000007
2023,5,17,4,3,5,3,0,1,0,0,0,7.718091976000039,51.916138974000035
2023,5,14,4,3,5,3,0,1,1,0,0,6.890781294000021,50.92032707700008
2023,5,17,4,3,4,2,0,1,1,0,0,6.955036092000057,50.94705739200003
2023,5,11,3,3,0,1,0,1,0,0,0,7.055295595000075,50.88956438500003
2023,5,17,3,3,4,6,0,1,1,0,0,7.038847451000038,50.99421413300007
2023,5,19,3,3,1,5,0,1,1,0,0,6.975081936000038,50.93920184800004
2023,5,16,3,3,5,3,0,1,1,0,0,6.908369874000073,50.99526205800004
2023,5,7,3,3,5,3,0,1,1,0,0,6.899591587000032,50.95312910900003
2023,5,14,3,3,0,5,0,1,1,0,0,6.911733351000066,50.93831332500008
2023,5,13,3,3,2,6,0,1,1,0,0,6.959015002000058,50.923069017000046
2023,5,3,3,3,3,1,2,1,0,0,0,6.958911054000055,50.929230749000055
2023,5,18,2,3,1,7,0,1,1,0,0,7.662845809000032,51.980212986000026
2023,5,12,2,3,5,2,0,1,0,0,0,7.628177262000065,51.968176956000036
2023,5,11,2,3,5,3,0,1,1,0,0,7.657037461000073,51.905968984000026
2023,5,12,2,3,5,2,0,1,1,0,0,6.907964134000053,50.98928080600007
2023,5,15,2,3,0,6,0,1,1,0,0,6.835561147000021,50.941423859000054
2023,5,12,2,3,3,2,0,1,1,0,0,6.918989630000056,50.91207299800004
2023,5,8,7,2,0,1,0,1,0,0,0,7.696609620000061,51.93137165300004
2023,5,14,7,3,3,2,0,1,1,0,0,7.650921135000033,51.90569171700008
2023,5,14,7,2,0,1,0,1,0,0,0,7.644426964000047,51.95893077300008
2023,5,9,7,2,0,4,0,1,0,1,0,7.626421683000046,51.94725627200006
2023,5,17,7,3,0,5,0,1,1,0,0,6.955120716000067,50.94708586100006
2023,5,18,6,3,5,7,0,1,1,0,0,7.628932312000074,51.90761944800005
2023,5,11,6,3,6,6,0,1,0,1,0,7.006200294000053,50.95926822600006
2023,5,13,6,3,5,3,0,1,1,0,0,6.924063879000073,50.952370648000056
2023,5,9,6,3,5,3,0,1,1,0,0,6.930731732000027,50.94933266600003
2023,5,18,6,3,2,2,0,1,1,0,0,6.941558763000046,50.91086689700006
2023,5,20,6,3,5,2,0,1,0,0,0,6.943039286000044,50.92287369300004
2023,5,21,5,3,5,3,2,1,0,0,0,7.659073272000057,51.95435525600004
2023,5,16,5,3,6,4,0,1,0,1,0,7.583209716000056,51.93155511300006
2023,5,19,5,3,5,3,0,1,0,0,0,7.65373100100004,51.90458083200008
2023,5,13,5,3,3,6,0,1,1,0,0,6.868851834000054,50.93222610000004
2023,5,8,5,3,0,1,0,1,0,0,0,6.935035104000065,50.92784560000007
2023,5,21,5,3,5,3,2,1,1,0,0,6.948787623000044,50.91721275500004
2023,5,13,5,3,5,3,0,1,1,0,0,6.968491708000045,50.90561074300007
2023,5,10,5,2,0,1,0,1,0,0,0,6.936715825000022,50.92881925900008
2023,5,15,5,3,1,1,0,1,1,0,0,7.819089416000054,51.68048294500005
2023,5,17,4,3,5,3,0,1,1,0,0,6.960376348000068,50.91855203600005
2023,5,16,4,3,0,1,0,1,0,0,0,6.964315722000038,50.93131304900004
2023,5,15,4,3,0,1,0,1,0,0,0,6.960628591000045,50.92941917500008
2023,5,12,4,3,1,5,0,1,1,0,0,7.816464482000072,51.677300898000055
2023,5,16,3,3,5,3,0,1,1,0,0,7.588678273000028,51.959967403000064
2023,5,8,3,3,2,7,0,1,0,0,0,6.991525384000056,50.93585481500003
2023,5,21,3,2,6,6,2,1,0,1,0,6.988041480000049,50.95443160000008
2023,5,19,3,3,7,5,1,1,1,0,0,7.037140491000059,50.969337075000055
2023,5,14,3,3,0,3,0,1,1,0,0,6.957549741000037,50.94004335300008
2023,5,17,3,3,5,3,0,1,1,0,0,7.869151192000061,51.68900012200004
2023,5,15,2,2,1,5,0,1,1,0,0,7.636179556000059,51.961644242000034
2023,5,13,2,3,0,1,0,1,0,0,0,7.577138731000048,51.94623768900004