UJAHR,UMONAT,USTUNDE,UWOCHENTAG,UKATEGORIE,UART,UTYP1,ULICHTVERH,IstRad,IstPKW,IstFuss,IstKrad,XGCSWGS84,YGCSWGS84
2023,5,7,2,3,5,3,0,1,1,0,0,7.614841716000058,51.960706274000074
2023,5,6,2,3,0,3,0,1,1,0,0,7.032165640000073,50.97094676100005
2023,5,10,2,3,1,5,0,1,1,0,0,6.945267565000051,50.95832537300004
2023,5,16,2,3,0,5,0,1,1,0,0,6.867702405000045,50.970823170000074
2023,5,7,2,2,5,3,0,1,1,0,0,6.94844071700004,50.916801742000075
2023,5,9,2,1,6,7,0,1,0,1,0,6.932911644000058,50.93207082200007
2023,5,10,2,3,7,1,0,1,0,0,0,6.966312659000039,50.92610137600008
2023,5,17,3,3,3,2,0,1,1,0,0,6.955329371000062,50.902160329000026
2023,5,14,1,3,6,4,0,1,0,1,0,7.57523774200007,51.97618657600003
2023,5,13,1,2,0,1,0,1,0,0,0,6.945619531000034,50.97357448500003
2023,5,1,1,2,0,1,2,1,0,0,0,6.945061745000032,50.94718242300007
2023,5,15,7,3,0,1,0,1,1,0,0,6.912490794000064,50.91992075300004
2023,5,12,7,3,0,1,0,1,0,0,0,6.943355148000023,50.90157210400008
2023,5,13,6,3,0,7,0,1,0,1,0,7.616563037000049,51.96185804000004
2023,5,15,6,3,0,3,0,1,0,0,1,6.963695126000061,50.96108617400006
2023,5,15,6,3,2,6,0,1,1,0,0,6.920477080000069,50.95368125500005
2023,5,23,6,3,0,1,2,1,0,0,0,6.923130424000021,50.92276403900007
2023,5,7,6,3,5,3,0,1,0,0,0,6.960964687000057,50.93602097000007
2023,5,16,7,3,0,7,0,1,1,0,0,7.835825531000069,51.659785928000076
2023,6,14,7,3,0,1,0,1,0,0,0,6.943373266000037,50.98706965200006
2023,6,21,6,3,1,1,1,1,1,0,0,7.648867071000041,51.95242024200007
2023,6,15,6,3,4,2,0,1,1,0,0,7.631156777000058,51.97009978700004
2023,6,7,6,3,0,6,0,1,0,0,0,6.973315083000045,50.93676010000007
2023,6,18,6,3,0,5,0,1,0,0,0,6.944114188000071,50.910539553000035
2023,6,16,6,3,1,5,0,1,1,0,0,6.940888178000023,50.91206065500006
2023,6,13,6,3,5,3,0,1,1,0,0,7.737749507000046,51.65720519700005
2023,6,12,5,3,5,3,0,1,1,0,0,7.640418776000047,51.99436215700007
2023,6,17,5,3,0,2,0,1,0,0,0,6.873772408000036,50.96903891200003
2023,6,18,5,3,0,1,0,1,0,0,0,6.92004791200003,50.94779777800005
2023,6,14,5,3,0,5,0,1,1,0,0,6.964375837000034,50.92001630400006
2023,6,14,6,3,1,5,0,1,1,0,0,7.821563283000046,51.65733695700004
2023,5,15,4,3,4,6,0,1,0,0,0,7.011951922000037,50.95270019700007
2023,5,15,4,3,0,2,0,1,0,0,0,6.968762163000065,50.96597783200008
2023,5,9,4,3,5,3,0,1,1,0,0,6.980001407000032,50.966173393000076
2023,5,18,4,3,0,2,0,1,0,0,1,6.850879124000073,50.94808462800006
2023,5,17,4,3,1,1,0,1,1,0,0,6.840930805000028,50.93561420900005
2023,5,14,4,2,6,4,0,1,0,1,0,6.942533898000022,50.93833323400003
2023,5,13,3,2,4,6,0,1,0,0,0,6.848165459000029,51.055192273000046
2023,5,15,3,3,5,3,0,1,1,0,0,7.011292226000023,50.86920274000005
2023,5,9,4,3,3,5,0,1,1,0,0,6.946342429000026,50.94766952100008
2023,5,18,2,3,5,3,0,1,0,0,0,6.920828277000055,50.90636640900004
2023,5,8,2,3,1,5,0,1,1,0,0,7.767191125000068,51.69626424100005
2023,5,17,1,2,0,4,0,1,0,1,0,6.889784016000021,50.920219701000065
2023,5,14,7,3,6,4,0,1,0,1,0,6.972815084000047,50.936797514000034
2023,5,14,7,3,1,5,0,1,1,0,0,6.884374593000075,50.93347449600003
2023,5,20,7,3,0,1,0,1,0,0,0,6.868074808000074,50.92968532200007
2023,5,13,7,2,3,6,0,1,0,0,0,6.930998057000068,50.910357884000064
2023,6,15,7,3,0,7,0,1,0,0,0,7.627832214000023,51.956992494000076
2023,6,16,7,3,0,7,0,1,0,0,0,6.938829529000031,50.93002842400006
2023,5,16,7,3,5,2,0,1,1,0,0,7.801278700000069,51.67366687300006
2023,5,20,6,3,5,3,0,1,0,0,0,7.622608400000047,51.94542462000004
2023,5,13,6,3,0,1,0,1,0,0,0,7.006828858000063,50.94667655500007
2023,5,20,6,3,5,3,1,1,1,0,0,6.907422968000049,50.99248985600008
2023,5,23,6,2,0,1,2,1,0,0,0,6.951043003000052,50.96651558800005
2023,5,9,6,3,5,3,0,1,1,0,0,7.018353716000036,50.87959107800003
2023,5,12,6,3,5,3,0,1,1,0,0,6.94700104900005,50.93980934800004
2023,6,9,7,3,0,1,0,1,0,0,0,6.932514661000027,50.92689170700004
2023,5,17,4,3,3,2,0,1,1,0,0,6.942175034000059,50.95905299700007
2023,5,17,5,3,1,7,0,1,1,0,0,7.640720850000037,51.95764689900005
2023,5,13,5,3,0,2,0,1,0,0,0,7.658021911000048,51.96345838000008
2023,5,17,5,3,4,6,0,1,0,0,0,6.978695085000027,50.97075978700008
2023,5,18,5,3,0,1,0,1,0,0,0,6.849935271000049,50.931031363000045
2023,5,12,5,3,0,5,0,1,1,0,0,6.867870309000068,50.93240083400008
2023,5,18,5,3,0,1,0,1,0,0,0,6.848220085000037,50.93107907700005
2023,5,16,5,3,5,2,0,1,0,0,1,6.934449932000064,50.91501147200006
2023,5,18,5,3,3,5,0,1,1,0,0,6.94126760100005,50.911558881000076
2023,5,8,5,3,0,5,0,1,1,0,0,6.92641763000006,50.916395642000055
2023,5,0,4,3,0,1,0,1,0,0,0,6.946634680000045,50.941067677000035
2023,5,15,4,3,3,7,0,1,1,0,0,6.95693045400003,50.94255658600008
2023,5,16,7,3,0,5,0,1,1,0,0,6.935967011000059,50.93093720200005
2023,5,18,4,3,2,6,0,1,1,0,0,7.852916114000038,51.655914206000034
2023,5,17,4,3,5,3,0,1,1,0,0,6.963474115000054,50.95650066700006
2023,5,14,3,3,0,7,0,1,0,0,0,7.02282021000002,50.97986680100007
2023,5,20,3,2,2,6,0,1,0,0,0,6.903786270000069,50.919247022000036
2023,5,7,3,3,3,1,0,1,1,0,0,7.004349700000034,50.87353720800007
2023,5,8,3,3,1,5,0,1,1,0,0,6.923458364000055,50.92419359200005
2023,5,7,3,3,0,1,0,1,1,0,0,7.777421771000036,51.63840643600008
2023,5,7,2,3,0,1,0,1,0,0,0,7.646883514000024,51.96019370700003
2023,5,16,2,3,0,6,0,1,0,0,0,7.581526388000043,51.93194497400003
2023,5,19,2,3,0,6,0,1,0,0,0,7.607314197000051,51.951012279000054
2023,5,20,2,3,0,1,0,1,0,0,0,6.973371836000069,50.93675585300008
2023,5,17,2,3,1,5,0,1,1,0,0,6.924397426000041,50.94403240500003
2023,5,15,2,3,5,3,0,1,1,0,0,7.017534240000032,50.87622407500004
2023,5,17,1,3,6,6,0,1,0,1,0,7.087804251000023,50.97702704000005
2023,5,13,7,3,5,2,0,1,0,0,0,7.64956532900004,51.926194096000074
2023,5,14,7,3,0,1,0,1,0,0,0,7.594727742000032,51.95208155800003
2023,6,20,5,3,0,1,0,1,0,0,0,7.642509715000074,51.96734589500005
2023,6,18,5,3,1,5,0,1,0,0,0,7.623906741000042,51.97265612700005
2023,6,15,5,2,0,7,0,1,1,0,0,7.000617249000072,50.96648552800008
2023,6,19,5,3,2,6,0,1,0,0,0,6.940710373000059,50.93830918300006
2023,6,15,4,3,3,6,0,1,0,0,0,7.66312930600003,51.95688564500006
2023,6,18,4,3,0,5,0,1,0,0,0,7.532677658000068,51.954283479000026
2023,6,17,4,3,0,5,0,1,1,0,0,6.993653748000042,50.93873172500008
2023,6,18,4,3,5,2,0,1,1,0,0,6.913105806000033,50.966195635000076
2023,6,7,4,3,5,2,0,1,1,0,0,6.884848736000038,50.97733162900005
2023,6,12,4,3,4,2,0,1,1,0,0,6.833195086000046,50.93649338100005
2023,6,15,4,3,6,7,0,1,0,1,0,6.926092365000045,50.95578981400007
2023,6,9,4,3,3,2,0,1,1,0,0,6.940947837000067,50.91424225700007
2023,6,15,4,3,1,5,0,1,1,0,0,6.932581040000059,50.91655881500003
2023,6,11,4,3,7,1,0,1,0,0,0,6.953308313000036,50.94311431500006
2023,6,17,4,3,5,2,0,1,1,0,0,6.94212884500007,50.94485453500005
2023,6,6,4,3,5,2,0,1,1,0,0,6.948570079000035,50.92428835100003
2023,6,12,4,3,1,5,0,1,1,0,0,7.842897889000028,51.673849121000046
2023,6,7,3,3,5,5,0,1,1,0,0,7.052425042000039,50.867941977000044
2023,6,14,3,3,2,6,0,1,1,0,0,7.000359671000069,50.96538691500007
2023,6,13,3,3,4,7,0,1,0,0,0,6.974294523000026,50.92408986300006
2023,6,15,3,2,4,4,0,1,0,1,0,6.927929211000048,50.92828360000004
2023,6,10,3,3,3,5,0,1,0,0,0,6.937000763000071,50.91835473200007
2023,6,23,3,3,0,7,2,1,0,0,0,7.010463912000034,50.863893706000056
2023,6,18,3,3,0,1,0,1,0,0,0,6.914773007000065,50.92026527400003
2023,6,7,2,3,1,2,0,1,1,0,0,7.617992078000043,51.94671168900004
2023,6,14,2,2,0,1,0,1,0,0,0,7.595749523000052,51.95027282700005
2023,6,20,2,3,1,7,0,1,1,0,0,6.841524986000024,50.94205113400005
2023,6,11,2,3,0,1,0,1,0,0,0,6.993441147000055,50.89196141800005
2023,6,13,2,3,0,1,0,1,0,0,0,6.935046344000057,50.92785205100006
2023,6,16,3,3,0,5,0,1,1,0,0,7.017810638000071,50.86787993100006
2023,6,19,1,3,0,5,0,1,1,0,0,7.085631425000031,50.87695739600008
2023,6,2,1,3,7,1,2,1,1,0,0,6.959900445000073,50.97538731900005
2023,6,5,1,3,3,2,0,1,0,0,0,6.931604537000055,50.93141730800005
2023,6,14,1,3,5,3,0,1,1,0,0,6.924012601000072,50.90399308700006
2023,6,14,7,3,0,1,0,1,0,0,0,7.032295357000066,50.96151653100003
2023,6,22,7,2,0,1,2,1,0,0,0,6.950494513000024,50.97518250500008
2023,6,0,7,3,1,5,2,1,1,0,0,6.918477985000038,50.94270185200003
2023,6,10,7,3,0,1,0,1,0,0,0,6.935021981000034,50.92783806600005
2023,6,10,7,3,6,7,0,1,0,1,0,6.925586709000072,50.91067474500005
2023,6,0,7,2,0,1,2,1,0,0,0,7.835417281000048,51.66093751600005
2023,6,19,6,3,0,7,0,1,0,0,0,7.627455906000023,51.90974596500007
2023,6,8,6,3,5,3,0,1,1,0,0,6.964219871000068,50.96689943300004
2023,6,23,6,3,0,7,2,1,0,0,0,6.988815750000072,50.97071504200005
2023,6,13,6,3,5,3,0,1,1,0,0,6.957264549000058,50.90438144800004
2023,6,20,6,3,1,5,0,1,1,0,0,6.956912880000061,50.93644398100008
2023,6,16,4,3,0,7,0,1,0,0,0,7.065055568000048,50.93996682100004
2023,6,20,5,3,5,2,0,1,1,0,0,7.614054296000063,51.93131069700007
2023,6,12,5,2,3,6,0,1,0,0,0,7.097558455000069,50.878720834000035
2023,6,17,5,3,4,6,0,1,0,0,0,6.878867723000042,50.976520994000055
2023,6,16,5,3,6,4,0,1,0,1,0,6.959770552000066,50.94033488300005
2023,6,6,4,3,5,3,0,1,1,0,0,7.571176274000038,51.958584296000026
2023,6,20,4,2,6,7,0,1,1,1,0,7.637349934000042,51.95824291500003
2023,6,6,4,3,0,5,0,1,1,0,0,7.002516369000034,50.93681210600005
2023,6,17,4,2,5,3,0,1,0,0,0,6.969389762000048,50.94215703000003
2023,6,14,4,3,5,3,0,1,1,0,0,6.907618247000073,50.95028286000007
2023,6,10,4,3,0,1,0,1,0,0,0,6.888331083000026,50.95536693100007
2023,6,14,4,3,0,5,0,1,0,0,0,6.924687039000048,50.952486700000065
2023,6,15,4,3,0,3,0,1,1,0,0,6.946103224000069,50.92841541300004
2023,6,19,4,3,3,2,0,1,1,0,0,6.932585632000041,50.93408899800005
2023,6,19,4,3,0,7,0,1,0,0,0,6.938315541000065,50.929739175000066
2023,6,8,3,3,0,1,0,1,0,0,0,7.629448792000062,51.96085620200006
2023,6,11,3,2,0,7,0,1,0,0,0,7.057306638000057,50.96802454400006
2023,6,9,3,3,0,1,0,1,0,0,0,6.913911937000023,50.98643531400006
2023,6,18,3,3,3,6,0,1,1,0,0,6.88137275400004,50.93351576500004
2023,6,15,3,3,4,2,0,1,1,0,0,6.957508360000077,50.875767429000064
2023,6,19,3,3,0,2,0,1,1,0,0,6.950523357000066,50.942700322000064
2023,6,16,3,3,0,5,0,1,1,0,0,6.932600749000073,50.95677248700008
2023,6,10,2,3,5,3,0,1,1,0,0,7.611841178000077,51.98016849100003
2023,6,17,2,3,0,5,0,1,1,0,0,7.570616197000049,51.97759270000006
2023,6,21,2,3,0,7,1,1,0,0,0,6.969249421000029,50.941359703000046
2023,6,18,2,3,5,3,0,1,1,0,0,6.847356672000046,50.91856554600008
2023,6,20,2,3,5,3,0,1,1,0,0,6.880675794000069,50.94732666400006
2023,6,16,2,3,5,3,0,1,1,0,0,6.973512944000049,50.86680101700006
2023,6,13,3,3,2,5,0,1,1,0,0,6.929687718000025,50.91488797900007
2023,6,12,2,3,5,5,0,1,0,0,0,6.960016676000066,50.94280302700008
2023,6,13,1,3,5,3,0,1,0,0,0,7.018683041000031,50.890865448000056
2023,6,14,1,3,5,3,0,1,1,0,0,6.962287365000066,50.89748222600008
2023,6,20,1,3,0,1,0,1,0,0,0,6.956280831000072,50.932790616000034
2023,6,17,5,3,5,2,0,1,1,0,0,7.631254219000027,51.956201186000044
2023,6,8,5,3,0,6,0,1,0,0,0,7.647684994000031,51.93574757500005
2023,6,11,5,3,5,2,0,1,1,0,0,7.011445683000034,50.968791974000055
2023,6,19,5,3,5,2,0,1,1,0,0,6.930880323000054,50.940702756000064
2023,6,15,5,3,0,7,0,1,0,0,0,7.000008623000042,50.88888418200003
2023,6,8,5,3,5,3,0,1,1,0,0,6.997864222000032,50.88782618100004
2023,6,7,5,3,1,3,0,1,1,0,0,6.96033052000007,50.93587057800005
2023,6,23,5,3,0,1,2,1,0,0,0,6.961648780000075,50.92222546100004
2023,6,20,4,3,0,1,0,1,0,0,0,6.988424122000026,51.00048256900004
2023,6,16,4,2,0,1,0,1,0,0,0,6.963664271000027,50.90683072500008
2023,6,14,3,3,5,3,0,1,0,0,0,7.619726422000042,51.95239788900005
2023,6,12,3,3,0,1,0,1,0,0,0,6.972972664000054,50.92773944600003
2023,6,16,3,3,0,3,0,1,1,0,0,6.973451804000035,50.96863334400007
2023,6,13,3,3,0,5,0,1,1,0,0,6.912923331000059,51.01423941300004
2023,6,7,3,3,4,6,0,1,1,0,0,6.965243543000042,50.97499661900008
2023,6,16,3,3,5,3,0,1,1,0,0,6.887085317000071,50.98273623400007
2023,6,16,3,3,5,3,0,1,0,0,0,6.918982028000073,50.91206415600004
2023,6,23,2,3,5,3,2,1,1,0,0,6.956009719000065,50.94252870300005
2023,6,11,1,3,5,3,0,1,1,0,0,7.008196312000052,50.943272421000074
2023,6,15,1,3,0,1,0,1,0,0,0,6.955079194000064,51.01971031900007
2023,6,15,7,3,1,5,0,1,1,0,0,7.593371483000055,51.95130188700006
2023,6,12,6,2,0,2,0,1,0,0,0,7.623796103000075,51.96632302100005
2023,6,13,6,3,0,7,0,1,0,0,0,7.616168114000061,51.93665356900004
2023,6,19,6,3,1,5,0,1,0,0,0,7.648684662000051,51.95218971000003
2023,6,11,6,3,0,1,0,1,0,0,0,7.064472439000042,50.93797376300006
2023,6,14,6,2,5,3,0,1,1,0,0,6.998029713000051,50.962800006000066
2023,6,13,6,3,5,3,0,1,1,0,0,6.93186761100003,50.965740047000054
2023,6,10,6,3,0,7,0,1,1,0,0,6.960647351000034,50.908332693000034
2023,6,14,6,3,0,1,0,1,0,0,0,6.940550768000037,50.92053225400008
2023,6,7,6,3,0,1,0,1,0,0,0,6.944424381000033,50.92416286500003
2023,6,10,6,1,2,2,0,1,0,0,0,6.966434424000056,50.95479204600008
2023,6,13,2,3,0,1,0,1,0,0,0,6.937200344000075,50.92909948500005
2023,6,18,5,3,5,3,0,1,1,0,0,6.905223367000076,50.95367052200004
2023,6,14,4,3,5,3,0,1,0,0,0,7.637501685000075,51.99143359300007
2023,6,14,4,2,0,1,0,1,0,0,0,7.073964342000068,50.96748358000008
2023,6,19,4,3,5,3,1,1,1,0,0,6.959777966000047,50.934211023000046
2023,6,21,4,3,4,6,1,1,0,0,0,6.967535487000021,50.95963201300003
2023,6,16,4,3,1,5,0,1,1,0,0,6.938835298000072,50.93003167000006
2023,6,14,4,3,1,1,0,1,1,0,0,7.820780536000029,51.674224054000035
2023,6,14,3,3,4,6,0,1,1,0,0,7.618784891000075,51.98083240600005
2023,6,14,3,2,4,3,0,1,0,0,0,7.641427467000028,51.96019489300005
2023,6,16,3,3,5,3,0,1,1,0,0,7.058673712000029,50.90375012100003
2023,6,18,3,3,7,1,0,1,0,0,0,6.97241140400007,50.941794282000046
2023,6,10,3,3,1,5,0,1,1,0,0,7.007281927000065,50.966576676000045
2023,6,16,3,3,0,5,0,1,1,0,0,6.883521838000036,51.03752775300006
2023,6,23,3,3,0,1,2,1,0,0,0,6.929471873000068,50.94114098700004
2023,6,13,3,3,5,3,0,1,1,0,0,6.996144542000025,50.89210720800003
2023,6,11,3,3,6,4,0,1,0,1,0,6.941667056000028,50.93165546400007
2023,6,16,3,3,5,2,0,1,1,0,0,6.951031663000037,50.92105582200003
2023,6,18,2,3,6,4,0,1,0,1,0,7.594767439000066,52.000755353000045
2023,6,18,2,3,5,3,0,1,0,0,0,7.044132561000026,50.870187808000026
2023,6,7,2,3,5,3,0,1,1,0,0,7.022422547000076,50.94121236900003
2023,6,22,2,3,0,5,2,1,1,0,0,7.003921949000073,50.95477435200007
2023,6,18,2,3,5,3,0,1,1,0,0,6.931450941000037,50.94917600600007
2023,6,11,2,3,1,1,0,1,1,0,0,6.940877390000026,50.912078973000064
2023,6,20,2,3,5,2,0,1,0,0,1,6.937247709000076,50.91875857900004
2023,6,8,2,3,5,3,0,1,1,0,0,6.941117367000061,50.93324221800003
2023,6,12,1,3,0,1,0,1,0,0,0,7.673631863000026,51.96130508600004
2023,6,15,1,3,0,7,0,1,0,0,0,6.914414041000043,50.97918956700005
2023,6,2,1,3,7,1,2,1,0,0,0,6.960273063000045,50.92572290100003
2023,6,0,1,3,1,1,2,1,1,0,0,6.951184190000049,50.92087674900006
2023,6,20,1,3,3,6,0,1,0,0,0,7.87798463200005,51.68686838900004
2023,6,21,7,3,0,1,0,1,0,0,0,6.990989971000033,50.95565961700004
2023,6,17,7,3,0,1,0,1,0,0,0,6.893584803000067,51.02736741600006
2023,6,15,7,3,5,2,0,1,1,0,0,6.896171186000061,51.02486601900006
2023,6,16,4,3,0,3,0,1,1,0,0,6.90385704800002,50.924199574000056
2023,6,16,7,3,7,1,0,1,0,0,0,6.965159537000034,50.98788628300008
2023,6,7,6,3,5,3,0,1,0,0,0,7.62381223400007,51.95234342400005
2023,6,13,6,3,5,3,0,1,1,0,0,7.613427701000035,51.98172591900004
2023,6,5,6,3,9,1,0,1,0,0,0,7.053338038000049,50.887389780000035
2023,6,15,6,3,5,1,0,1,1,0,0,7.001714021000055,50.95587094000007
2023,6,14,6,3,5,2,0,1,1,0,0,6.928886233000071,50.949991254000054
2023,6,7,6,3,5,3,0,1,1,0,0,6.912461510000071,50.94969500800005
2023,6,6,6,3,5,1,0,1,1,0,0,6.932298948000039,50.95179371100005
2023,7,10,2,3,0,7,0,1,1,0,0,7.633413268000027,51.96087274900003
2023,7,16,2,3,5,3,0,1,0,0,0,7.627854772000035,51.961729983000055
2023,7,15,2,3,1,5,0,1,1,0,0,6.878029810000044,50.939177018000066
2023,7,12,2,3,6,7,0,1,0,1,0,6.920258465000074,50.95214330700003
2023,7,21,2,3,5,7,0,1,1,0,0,6.958350144000065,50.94466728200007
2023,7,14,1,2,0,1,0,1,0,0,0,6.979440108000063,50.97301089800004
2023,7,20,1,3,0,1,0,1,0,0,0,6.909977013000059,50.94518674400007
2023,7,10,7,2,0,7,0,1,0,0,0,7.643122208000023,51.99181373700003
2023,7,11,7,3,0,1,0,1,0,0,0,6.920434514000021,50.913644900000065
2023,7,18,7,3,5,3,0,1,0,0,0,7.825717767000071,51.67507241900006
2023,7,17,6,3,5,3,0,1,1,0,0,7.538005386000066,51.95163534200003
2023,7,15,6,3,5,3,0,1,1,0,0,6.861282352000046,51.01148401000006
2023,7,15,6,3,5,3,0,1,1,0,0,6.947664454000062,50.93494485100007
2023,7,17,5,2,5,2,0,1,1,0,0,7.635686147000058,51.91440709700004
2023,7,13,5,3,6,4,0,1,0,1,0,6.901313857000048,50.929467213000066
2023,7,17,4,3,5,3,0,1,1,0,0,7.883392450000031,51.68713894000007
2023,7,15,3,3,5,3,0,1,0,0,0,7.636227670000039,51.97263370300004
2023,7,17,3,3,0,1,0,1,0,0,0,7.037014728000031,50.99630618700007
2023,7,16,3,3,9,3,0,1,0,0,0,7.081755353000062,50.88001361100004
2023,7,20,3,3,3,6,0,1,1,0,0,7.000718019000033,50.93858480000006
2023,7,12,3,3,0,6,0,1,0,0,0,6.956239105000066,50.94174726000006
2023,7,17,4,3,5,2,0,1,1,0,0,6.916603740000028,50.955168884000045
2023,7,12,4,3,4,6,0,1,1,0,0,7.008484703000022,50.985858876000066
2023,7,7,2,3,4,1,0,1,0,0,0,6.950488808000046,51.027800005000074
2023,7,14,2,3,0,5,0,1,1,0,0,6.942617218000066,50.94003025500007
2023,7,2,1,3,0,1,2,1,0,0,0,6.889474048000068,50.954383421000045
2023,7,12,1,2,6,4,0,1,0,1,0,7.049613871000076,50.94647593900004
2023,7,16,1,3,4,2,0,1,1,0,0,7.03048476500004,50.99241085700004
2023,7,18,1,3,6,6,0,1,0,1,0,6.973468747000027,50.94039545100003
2023,7,13,1,3,3,2,0,1,0,0,0,6.912336910000022,50.92382885400008
2023,7,13,1,3,0,1,0,1,0,0,0,6.919042319000027,50.91213428100008
2023,7,9,7,3,0,1,0,1,0,0,0,6.908216710000033,50.96754357100008
2023,7,9,7,3,3,2,0,1,1,0,0,6.94129491700005,50.909238627000036
2023,7,19,7,3,0,1,0,1,0,0,0,6.942690526000035,50.93231701000008
2023,7,12,7,3,0,6,0,1,0,0,0,6.956295071000056,50.93279398300007
2023,7,10,7,3,5,3,0,1,0,0,0,7.835864005000076,51.659710999000026
2023,7,14,6,3,0,7,0,1,1,0,0,7.648756278000064,51.95498717800007
2023,7,20,6,3,5,3,0,1,1,0,0,6.990067684000053,50.95157763000003
2023,7,8,6,3,3,2,0,1,1,0,0,6.918914233000066,50.91208518900004
2023,7,13,6,3,5,3,0,1,0,0,0,7.00645051500004,50.89201455600005
2023,7,11,6,3,2,6,0,1,1,0,0,6.91798721300006,50.928649551000035
2023,7,22,6,3,5,2,1,1,1,0,0,6.942105789000038,50.94009607800007
2023,7,21,6,3,5,3,0,1,1,0,0,6.94541700000002,50.93353056600006
2023,7,16,5,3,4,2,0,1,1,0,0,7.057081347000064,50.88881151500004
2023,7,21,6,2,0,1,1,1,0,0,0,7.787785421000024,51.67157828000006
2023,7,14,6,3,5,3,0,1,1,0,0,7.819165572000031,51.66848663400003
2023,7,9,5,3,0,7,0,1,0,0,0,7.633560226000043,51.96020855200004
2023,7,17,5,3,5,3,0,1,0,0,0,7.64950523300007,51.97074554800008
2023,7,15,5,3,1,1,0,1,1,0,0,7.089329746000033,50.92384985800004
2023,7,16,5,3,1,1,0,1,1,0,0,7.002587314000039,50.973180453000055
2023,7,22,5,3,0,1,2,1,0,0,0,6.959746750000022,50.974034635000066
2023,7,8,5,3,5,2,0,1,1,0,0,6.950004073000059,50.95563903000004
2023,7,13,5,3,6,4,0,1,0,1,0,6.941012955000076,50.91189572800005
2023,7,14,5,3,0,1,0,1,0,0,0,7.850065288000053,51.629059400000074
2023,7,8,4,3,5,2,0,1,1,0,0,7.658818339000049,51.92542244300006
2023,7,15,2,3,5,3,0,1,1,0,0,6.885383608000041,50.983741172000066
2023,7,19,4,3,0,1,0,1,0,0,0,6.916381231000059,50.976118635000034
2023,7,1,4,3,0,2,2,1,0,0,0,6.966314749000048,50.97424144800004
2023,7,16,4,3,0,1,0,1,0,0,0,6.931674732000033,50.953563237000026
2023,7,9,4,3,5,3,0,1,1,0,0,7.834433271000023,51.70613567000004
2023,7,19,3,3,5,3,0,1,1,0,0,6.964975990000028,50.91174776400004
2023,7,12,2,3,5,3,0,1,0,0,0,7.640440059000071,51.97338167100003
2023,7,16,2,3,8,1,0,1,0,0,0,7.01493546100005,50.95082197600004
2023,7,16,2,2,0,1,0,1,0,0,0,6.902740473000051,50.92518012700003
2023,7,20,1,3,0,7,0,1,0,0,0,7.695969637000076,51.911874899000054
2023,7,11,1,3,5,3,0,1,1,0,0,6.999683932000039,50.95483168900006
2023,7,17,5,3,3,2,0,1,1,0,0,6.962511612000071,50.91889917200007
2023,7,21,7,3,1,5,2,1,1,0,0,6.921852982000075,50.92230927000003
2023,6,9,6,3,6,7,0,1,0,1,0,7.629486316000055,51.97015239500007
2023,6,9,6,3,0,3,0,1,0,0,0,7.626261680000027,51.96676909700005
2023,6,14,6,3,5,3,0,1,1,0,0,7.083547800000076,50.864090978000036
2023,6,12,6,3,0,1,0,1,0,0,0,7.049105693000058,50.86769305400003
2023,6,16,6,3,1,6,0,1,1,0,0,7.00031681400003,50.96529992400008
2023,6,15,6,2,5,3,0,1,1,0,0,6.940956214000039,50.95823684100003
2023,6,18,6,3,1,6,0,1,1,0,0,6.923111711000047,50.95265759900008
2023,6,7,6,3,5,3,0,1,1,0,0,6.993446407000022,50.89187315000004
2023,8,14,1,3,5,3,0,1,1,0,0,6.909830336000027,50.94519507600006
2023,8,1,7,3,3,2,2,1,0,0,1,6.911506030000055,50.95013848200006
2023,8,17,7,2,0,1,0,1,0,0,0,6.941024544000072,50.91489180600007
2023,8,19,7,3,4,2,0,1,1,0,0,6.911454183000046,50.919776494000075
2023,8,12,6,2,6,4,0,1,0,1,0,7.623318836000067,51.95666452000006
2023,8,15,6,3,5,3,0,1,1,0,0,7.61961726800007,51.93494809400005
2023,8,16,6,3,5,2,0,1,1,0,0,7.687432473000058,51.99308864500006
2023,8,23,6,3,0,1,2,1,0,0,0,6.903282507000029,50.99810676300007
2023,8,13,6,3,0,3,0,1,0,0,1,6.884262535000062,50.98441628200004
2023,8,10,6,3,3,6,0,1,0,0,1,6.93322831100005,50.913595910000026
2023,8,17,6,3,3,6,0,1,1,0,0,6.92011425000004,50.92493981500007
2023,8,17,5,3,0,1,0,1,0,0,0,7.613749348000056,51.96192017100003
2023,8,18,5,2,0,1,0,1,0,0,0,7.623012981000045,51.94961499500005
2023,8,7,5,3,0,7,1,1,0,0,0,6.90784534900007,50.94616869200007
2023,8,18,5,3,1,5,0,1,1,0,0,6.961373261000062,50.92554249400007
2023,8,16,4,3,4,3,0,1,1,0,0,6.974240906000034,50.96875437300008
2023,8,10,4,3,0,1,0,1,0,0,0,6.921571270000072,50.95791630300005
2023,8,18,4,3,2,2,0,1,1,0,0,6.932133840000063,50.940337337000074
2023,8,15,4,3,0,4,0,1,0,1,0,6.957592592000026,50.94952200500006