UJAHR,UMONAT,USTUNDE,UWOCHENTAG,UKATEGORIE,UART,UTYP1,ULICHTVERH,IstRad,IstPKW,IstFuss,IstKrad,XGCSWGS84,YGCSWGS84
2023,8,18,3,3,5,3,0,1,1,0,0,6.926382674000024,50.95113826000005
2023,8,17,3,3,5,3,0,1,1,0,0,6.944638027000053,50.915569821000076
2023,8,8,3,3,5,3,0,1,1,0,0,7.018575187000067,50.87485484800004
2023,8,10,3,3,5,3,0,1,0,0,0,6.931626705000042,50.93142342600004
2023,7,7,2,3,2,5,0,1,1,0,0,7.603929172000051,51.99367235700004
2023,7,14,2,3,0,3,0,1,1,0,0,7.010327697000037,50.97160323600008
2023,7,8,2,3,2,6,0,1,1,0,0,7.006749953000053,50.96932323100003
2023,7,19,2,3,0,1,0,1,0,0,0,6.94529274000007,50.96872967200005
2023,7,7,2,3,5,3,0,1,0,0,0,6.898903803000053,50.97909222000004
2023,7,17,2,3,0,2,0,1,1,0,0,6.905083092000041,50.95869514900005
2023,7,10,2,3,5,3,0,1,0,0,0,6.936711994000063,50.91232208900004
2023,7,10,7,3,0,6,0,1,0,1,0,6.891190136000034,51.01717985500005
2023,7,12,7,3,0,1,0,1,0,0,0,6.888275917000044,50.95536911000005
2023,7,10,7,3,0,5,0,1,1,0,0,6.919079477000025,50.91217750000004
2023,7,0,7,3,0,7,2,1,0,0,0,6.955912345000058,50.91692358700004
2023,7,17,6,3,1,5,0,1,1,0,0,7.097601785000052,50.880675825000026
2023,7,17,6,2,0,1,0,1,0,0,0,7.094093631000021,50.92585968000003
2023,7,1,6,3,7,7,2,1,0,0,0,7.031891878000067,50.98855702600008
2023,7,12,6,3,4,2,0,1,1,0,0,6.941564064000033,50.91084797700006
2023,7,16,5,3,5,2,0,1,1,0,0,6.942847265000069,50.94648226600003
2023,7,15,4,3,5,3,0,1,1,0,0,6.90400739200004,50.92407213400003
2023,7,12,3,2,0,5,0,1,1,0,0,7.024870176000036,50.93856688800008
2023,7,13,2,3,0,1,0,1,0,0,0,6.942064339000069,50.93188707300004
2023,7,6,3,3,0,1,0,1,0,0,0,6.957584500000053,50.95594962400003
2023,7,10,3,3,3,2,0,1,1,0,0,7.812827233000064,51.677948893000064
2023,7,15,2,3,0,3,0,1,1,0,1,7.046318804000066,50.97221408000007
2023,7,16,2,3,3,6,0,1,1,0,0,6.928761898000062,50.91522291200005
2023,7,12,7,3,0,6,0,1,1,0,0,6.924150379000025,50.94470671100004
2023,7,17,6,3,5,2,0,1,1,0,0,7.633999243000062,51.950029174000065
2023,7,20,6,2,0,1,1,1,0,0,0,6.992337454000051,50.89012046300007
2023,7,16,6,3,2,6,0,1,1,0,0,6.993763022000053,50.892758135000065
2023,7,18,6,3,5,7,0,1,1,0,0,6.944583256000044,50.94707141500004
2023,7,8,5,2,5,3,0,1,1,0,0,7.643113867000068,51.95942807700004
2023,8,20,4,3,0,1,2,1,0,0,0,6.927555559000041,50.969020397000065
2023,7,14,5,3,0,1,0,1,0,0,0,7.629827652000074,51.958291589000055
2023,7,15,5,3,2,6,0,1,0,0,0,7.628164068000046,51.960979475000045
2023,7,11,4,3,5,3,0,1,0,0,0,7.624160982000035,51.96061499500007
2023,7,17,2,3,5,3,0,1,1,0,0,6.923039856000059,51.03478318700007
2023,7,11,4,3,5,2,0,1,1,0,0,6.907464341000036,51.01065893700007
2023,7,16,4,3,3,6,0,1,1,0,0,6.945795059000034,50.93538361800006
2023,7,17,4,3,5,3,0,1,1,0,0,7.854645490000053,51.628001004000055
2023,7,9,3,3,4,6,0,1,1,0,0,7.724204237000038,51.91830874300007
2023,7,5,7,3,0,1,2,1,0,0,0,6.941052807000062,50.915131141000074
2023,7,18,3,3,5,3,0,1,1,0,0,7.021318243000053,50.975539550000065
2023,7,8,3,2,0,1,0,1,0,0,0,6.864528742000061,50.97035085400006
2023,7,22,3,3,0,1,2,1,1,0,0,6.940997873000072,50.91466595700007
2023,7,17,3,3,1,5,0,1,1,0,0,6.947846488000039,50.90058963200005
2023,7,16,3,3,4,6,0,1,1,0,0,6.945664585000031,50.93810983600008
2023,8,19,1,3,0,3,0,1,1,0,0,6.999684211000044,50.92610299100005
2023,8,20,1,2,5,3,1,1,1,0,0,7.076364076000061,50.885060441000064
2023,8,10,1,3,5,3,0,1,0,0,0,6.957700111000065,50.92764103400003
2023,8,15,7,3,0,1,0,1,0,0,0,6.918697069000075,50.931158151000034
2023,8,11,7,3,8,5,0,1,1,0,0,6.935839157000032,50.94247707200003
2023,8,8,6,2,0,1,0,1,0,0,0,6.943219660000068,50.940021675000025
2023,8,8,6,2,5,7,0,1,1,0,0,6.952848232000065,50.94149348800005
2023,8,7,5,3,4,2,0,1,0,0,0,7.621309998000072,51.95627004500005
2023,8,14,6,2,6,4,0,1,0,1,0,6.923792171000059,50.94429816300004
2023,8,17,5,3,3,2,0,1,1,0,0,7.024208059000046,50.97996513800007
2023,8,17,5,3,6,4,0,1,0,1,0,6.995213464000074,50.95201467700008
2023,8,7,5,3,5,2,0,1,1,0,0,6.867928372000051,50.932199092000076
2023,8,8,5,3,1,7,0,1,1,0,0,6.932705616000021,50.94018328300007
2023,8,15,4,3,6,6,0,1,0,1,0,7.071030075000067,50.88516017200004
2023,8,15,4,3,0,5,0,1,1,0,0,6.911707687000046,50.95585177400005
2023,8,23,4,3,0,6,2,1,0,0,0,6.91529381600003,50.96228395800006
2023,8,8,4,3,3,2,0,1,1,0,0,6.953371305000076,50.93331354600008
2023,8,14,3,3,0,7,0,1,0,0,0,7.628892063000023,51.96722429500005
2023,8,19,3,3,5,3,0,1,1,0,0,6.99906439800003,50.92214389900005
2023,8,20,3,3,0,1,0,1,0,0,0,7.005240701000048,50.95622388600003
2023,8,11,3,2,0,1,0,1,0,0,0,7.036941092000063,50.97629658100004
2023,8,19,3,3,1,5,0,1,1,0,0,6.916323021000039,50.959217472000034
2023,8,20,3,3,0,1,1,1,0,0,0,6.95310472500006,50.89953984500005
2023,8,18,3,2,0,7,0,1,1,0,0,6.928758268000024,50.92461416700007
2023,8,17,2,3,0,2,0,1,1,0,0,7.622511362000068,51.94060685100004
2023,8,15,2,3,0,1,0,1,0,0,0,6.914495632000069,51.053017596000075
2023,8,23,2,3,0,7,2,1,0,0,0,6.936309918000063,50.92858449200003
2023,8,17,2,3,0,5,0,1,1,0,0,7.88857252300005,51.68817122400003
2023,8,13,1,3,1,7,0,1,1,0,0,7.596941682000022,51.958333915000026
2023,8,22,1,2,0,1,2,1,0,0,0,7.704408668000042,51.98414760600008
2023,8,12,1,3,3,6,0,1,0,0,0,7.608120206000024,51.95572701400005
2023,8,15,1,3,5,3,0,1,1,0,0,7.021230380000077,50.93000362500004
2023,8,21,1,3,3,1,2,1,1,0,0,6.905761940000048,50.95933292500007
2023,8,12,1,3,5,3,0,1,1,0,0,6.952082002000054,50.913100807000035
2023,8,16,1,3,1,5,0,1,1,0,0,6.942622356000072,50.92249627500007
2023,8,10,1,3,0,5,0,1,1,0,0,6.964055055000074,50.92492856600006
2023,8,0,1,3,0,1,2,1,0,0,0,7.842705827000032,51.71128716700008
2023,8,23,7,3,1,5,2,1,1,0,0,7.641027248000057,51.963055378000035
2023,8,3,7,3,0,3,2,1,0,0,0,7.626591907000034,51.95695618600007
2023,8,14,7,3,5,3,0,1,0,0,1,6.922150960000067,50.973086702000046
2023,8,12,7,3,0,7,0,1,1,0,0,6.912234914000067,50.95691383700006
2023,8,17,7,3,5,3,0,1,1,0,0,6.840544306000027,50.96705811800007
2023,8,16,7,3,6,4,0,1,0,1,0,6.942315129000065,50.93703090400004
2023,8,15,6,3,5,2,0,1,1,0,0,7.70963454200006,51.99910282600007
2023,8,9,6,3,5,3,0,1,1,0,0,7.564988448000065,51.967664555000056
2023,8,7,6,3,4,3,0,1,0,0,0,7.639511379000055,51.98383662100008
2023,8,17,6,2,5,7,0,1,0,0,0,7.627483392000045,51.95763587000005
2023,8,23,6,3,0,1,2,1,0,0,0,7.050384619000056,50.94693803100006
2023,8,17,6,3,0,7,0,1,0,0,0,6.986662958000068,50.97831617300005
2023,8,16,6,3,0,1,0,1,0,0,0,6.966923953000048,50.95595989000003
2023,8,21,6,3,0,1,2,1,0,0,0,6.948506724000026,50.90974825500007
2023,8,15,6,3,1,5,0,1,1,0,0,6.958916829000032,50.89804667300007
2023,8,17,5,3,5,5,0,1,1,0,0,7.612657971000033,51.98374694900008
2023,8,16,6,3,5,3,0,1,1,0,0,6.934268296000027,50.91479816700007
2023,8,18,5,3,0,7,0,1,0,1,0,7.049032942000053,50.87345869200004
2023,8,18,5,3,0,3,0,1,1,0,0,7.003499206000072,50.96604927000004
2023,8,8,5,2,5,3,0,1,0,0,1,6.98366753800002,50.924852842000064
2023,8,18,5,3,5,2,0,1,0,0,1,6.947337954000034,50.96698659600003
2023,8,15,5,3,5,3,0,1,1,0,0,6.898142875000076,51.019277583000076
2023,8,19,5,3,3,6,0,1,0,0,0,6.889829708000036,50.95053851600005
2023,8,12,5,3,1,1,0,1,1,0,0,7.647676105000073,51.96710823500007
2023,8,9,4,3,6,4,0,1,0,1,0,7.612053660000072,51.96185107500003
2023,8,9,4,2,4,6,0,1,1,0,0,7.625933945000043,51.96407000000005
2023,8,6,4,2,5,3,0,1,1,0,0,6.982811317000028,50.92020690900006
2023,8,19,4,3,5,2,0,1,1,0,0,7.03049044200003,50.99240657300004
2023,8,16,4,3,1,1,0,1,1,0,0,6.948672437000027,50.96120431200006
2023,8,12,4,3,0,5,0,1,1,0,0,6.977607754000076,50.96564604100007
2023,8,8,4,3,2,6,0,1,0,0,0,6.930880323000054,50.940702756000064
2023,8,7,4,3,5,3,0,1,0,0,0,6.905421263000051,50.95944524200007
2023,8,8,4,3,6,7,0,1,0,1,0,6.952690200000063,50.89905190400003
2023,8,19,4,2,0,2,0,1,1,0,0,6.959015650000026,50.910634120000054
2023,8,7,4,3,0,7,1,1,0,0,0,6.956365339000058,50.94564976700008
2023,8,11,4,3,5,3,0,1,0,0,0,6.974109198000065,50.937746385000025
2023,8,16,3,3,5,2,0,1,1,0,0,7.617490813000074,51.93248079300008
2023,8,6,3,3,5,3,0,1,1,0,0,7.598756306000041,51.93549087900004
2023,8,15,3,2,0,7,0,1,0,0,0,6.924766067000064,51.01697847500003
2023,8,21,3,3,3,6,2,1,1,0,0,6.918301998000061,50.94647858900004
2023,8,19,3,3,5,3,0,1,1,0,0,6.890781294000021,50.92032707700008
2023,8,18,3,3,1,5,0,1,1,0,0,7.814666103000036,51.68189861600007
2023,8,8,2,3,0,1,0,1,0,0,0,7.001338750000059,50.93309946200003
2023,9,10,7,3,6,4,0,1,0,1,0,7.632511183000076,51.92003674100005
2023,9,11,7,3,0,7,0,1,0,0,0,6.98363246100007,50.912765007000075
2023,9,13,7,2,5,3,0,1,1,0,0,7.018718321000051,50.94022305800007
2023,9,19,7,3,0,1,0,1,0,0,0,6.933509819000051,50.927277263000065
2023,9,15,7,3,4,1,0,1,1,0,0,6.966063975000054,50.95070664200006
2023,9,11,6,3,1,5,0,1,1,0,0,7.629200531000038,51.97025183800008
2023,9,13,6,3,0,3,0,1,1,0,0,6.929483968000056,50.94113631100004
2023,9,18,6,3,5,3,0,1,0,0,0,6.936302199000068,50.93459658100005
2023,9,18,6,3,0,1,0,1,0,0,0,6.960853225000051,50.94189582800004
2023,9,15,6,3,4,6,0,1,1,0,0,7.78819296000006,51.67146259000003
2023,8,7,5,3,3,6,0,1,1,0,0,7.059647774000041,50.89718708200007
2023,8,14,5,3,3,6,0,1,0,0,0,6.94978683000005,50.96313669300008
2023,8,18,5,3,1,5,0,1,1,0,0,6.994027044000063,50.89512889000008
2023,8,7,5,3,0,1,0,1,0,0,0,7.825332366000055,51.66220416400006
2023,8,17,4,3,2,5,0,1,0,0,0,7.626130700000033,51.95962226200004
2023,8,21,4,2,5,3,2,1,0,0,0,7.635752866000075,51.93786463200007
2023,8,8,4,3,4,2,0,1,1,0,0,6.907839142000057,50.94488945000006
2023,8,8,4,3,1,5,0,1,1,0,0,6.924017525000068,50.93507066900003
2023,8,13,4,3,0,3,0,1,0,0,0,6.940882535000071,50.94271105300004
2023,8,11,3,3,5,3,0,1,0,0,0,7.621377918000064,51.977576198000065
2023,8,17,3,3,1,1,0,1,1,0,0,7.609896832000061,51.975099079000074
2023,8,17,3,3,5,3,0,1,1,0,0,7.634218665000049,51.93542368300007
2023,8,7,3,3,0,7,0,1,0,0,1,6.921613513000068,50.91924592400005
2023,8,14,3,3,1,5,0,1,1,0,0,6.966565783000021,50.91837297100005
2023,8,14,3,3,5,2,0,1,0,0,1,7.887526190000074,51.67982598900005
2023,8,18,2,3,0,1,0,1,1,0,0,6.899760010000023,50.92377921100007
2023,8,20,2,3,3,7,1,1,1,0,0,7.745623149000039,51.66563344100007
2023,8,0,1,3,0,1,2,1,0,0,0,7.623401068000021,51.96452792500003
2023,8,11,1,2,1,1,0,1,1,0,0,6.883879035000064,50.96897641600003
2023,8,11,7,3,0,7,0,1,0,0,0,7.623822455000038,51.95232826800003
2023,8,14,7,3,0,1,0,1,0,0,0,7.032317134000039,50.97576673400005
2023,8,10,7,3,5,3,0,1,1,0,0,6.967969713000059,50.96614395900008
2023,8,9,6,2,5,2,0,1,0,0,0,7.620494175000033,51.95758723200004
2023,8,18,6,2,0,1,0,1,0,0,0,7.61739394500006,51.95593219600005
2023,8,10,6,3,5,3,0,1,1,0,0,7.610238589000062,51.98925551700006
2023,8,16,6,3,6,4,0,1,0,1,0,6.999776761000021,50.94276877200008
2023,8,13,6,3,0,1,0,1,0,0,0,7.036912633000043,50.986317358000065
2023,8,13,6,3,5,3,0,1,1,0,0,7.019766643000025,50.87758110000004
2023,9,20,7,3,0,3,0,1,1,0,0,7.538168487000064,51.949018152000065
2023,8,13,5,3,7,7,0,1,0,0,0,7.626859779000029,51.95266030600004
2023,8,7,5,3,0,1,0,1,0,0,0,6.994887750000032,50.949480236000056
2023,8,14,5,3,0,1,0,1,0,0,0,7.044330917000025,50.95958226600004
2023,8,19,5,3,4,7,0,1,1,0,0,6.919607916000075,50.95722364400007
2023,8,9,5,3,5,2,0,1,1,0,0,6.909552485000063,50.95795616800007
2023,8,13,5,3,0,7,0,1,0,0,0,6.929340281000066,50.92168741200004
2023,8,15,4,3,5,3,0,1,1,0,0,7.647961534000046,51.96675753800008
2023,8,12,4,3,5,3,0,1,1,0,0,7.620835063000072,51.951471507000065
2023,8,5,4,2,6,7,1,1,0,1,0,7.001507579000076,50.94219289600005
2023,8,10,4,3,1,5,0,1,1,0,0,6.917937946000052,50.94977397200006
2023,8,14,4,3,1,5,0,1,1,0,0,6.909296260000076,50.92252397100003
2023,8,14,4,3,0,6,0,1,1,0,0,7.828224872000021,51.700618287000054
2023,8,10,3,2,3,7,0,1,0,0,0,7.634553917000062,51.95780611100008
2023,8,12,3,3,5,7,0,1,1,0,0,7.645932690000052,51.95393380400003
2023,8,11,3,3,2,7,0,1,1,0,0,7.728535971000042,51.91858864800008
2023,8,7,3,3,1,3,0,1,1,0,0,7.019638323000038,50.93879695600003
2023,8,17,3,3,4,3,0,1,0,0,0,6.972870344000057,50.926613330000066
2023,8,13,3,3,5,3,0,1,1,0,0,6.917424181000058,50.913037280000026
2023,8,13,3,3,1,5,0,1,1,0,0,6.941177341000071,50.91168021400006
2023,8,20,3,2,5,3,0,1,1,0,0,6.947803692000036,50.94115298200006
2023,8,9,2,3,5,6,0,1,1,0,0,7.629282986000021,51.950268952000044
2023,8,12,2,3,0,1,0,1,0,0,0,7.040590063000025,50.977605623000045
2023,8,13,2,3,5,3,0,1,1,0,0,6.921574767000038,50.97896029200007
2023,8,14,2,3,0,3,0,1,1,0,0,6.912702952000075,50.98391998100004
2023,8,15,2,3,0,3,0,1,0,0,0,6.910671914000034,50.98360085100006
2023,8,18,2,3,5,3,0,1,0,0,0,6.960981573000026,50.97422682200005
2023,8,10,2,3,0,1,0,1,0,0,0,6.836401804000047,50.96123767600005
2023,8,15,2,3,1,5,0,1,0,0,0,6.918352463000076,50.92812877600005
2023,8,7,2,3,8,6,0,1,1,0,0,6.954343528000038,50.925594844000045
2023,9,0,5,3,5,3,2,1,1,0,0,7.003267122000068,50.94454889700006
2023,9,13,5,2,0,1,0,1,0,0,0,7.039448230000062,50.93012196300003
2023,9,15,5,3,0,7,0,1,0,1,0,6.979839882000022,50.93853615800003
2023,9,6,5,3,0,1,2,1,0,0,0,6.845172707000074,50.947457505000045
2023,9,8,5,3,5,3,0,1,1,0,0,6.904230569000049,50.91947822900005
2023,9,16,5,3,9,1,0,1,0,0,0,6.924526265000054,50.90559839900004
2023,9,16,5,3,1,5,0,1,1,0,0,6.993244423000021,50.93298698700005
2023,9,9,4,3,0,3,0,1,0,0,0,7.619168307000052,51.952590196000074
2023,9,10,4,3,5,3,0,1,1,0,0,6.98011361500005,51.00124343900006
2023,9,8,4,3,0,1,0,1,0,0,0,6.957776698000032,50.957854000000054
2023,9,14,4,3,0,3,0,1,1,0,0,6.980351315000064,50.96769129300003
2023,9,8,4,3,5,3,0,1,1,0,0,6.90067433300004,50.935312502000045
2023,9,10,4,3,2,6,0,1,1,0,0,6.92440517700004,50.91770522000007
2023,9,9,4,3,3,6,0,1,0,0,0,6.943719203000057,50.94419654300003
2023,9,15,4,3,0,3,0,1,1,0,0,6.956009719000065,50.94252870300005
2023,9,8,4,3,5,3,0,1,1,0,0,7.849658115000068,51.650301769000066
2023,9,20,3,3,3,7,1,1,0,0,0,6.915159757000026,50.95970552300008
2023,9,21,3,2,0,1,2,1,0,0,0,7.006109386000048,50.86138015500006
2023,9,18,4,3,0,7,1,1,0,1,0,6.927669378000076,50.95072592400004
2023,9,18,2,3,5,3,0,1,0,0,0,7.653015063000055,51.96419838500003
2023,9,7,2,3,1,5,0,1,1,0,0,7.647432457000036,51.95299201100005
2023,9,18,2,3,5,3,0,1,1,0,0,6.993474174000028,50.93919596300003
2023,9,21,2,3,0,1,2,1,1,0,0,7.035290436000025,50.96463523600005
2023,9,11,2,3,0,7,0,1,0,0,0,6.940154078000035,50.95508727200007
2023,9,15,2,3,5,3,0,1,1,0,0,7.810961001000067,51.67607327400003
2023,9,13,1,3,8,1,0,1,0,0,0,7.04030653600006,50.983370523000076
2023,9,11,1,3,5,3,0,1,1,0,0,6.955603330000031,50.863475451000056
2023,9,0,1,3,0,1,2,1,0,0,0,6.942678901000022,50.93234159600007
2023,9,12,7,3,1,5,0,1,1,0,0,7.626739964000024,51.95718324400008
2023,9,6,7,2,5,3,0,1,1,0,0,6.949832235000031,50.98474774400006
2023,9,10,7,3,0,2,0,1,0,0,0,6.890659302000074,51.02504311900003
2023,9,18,6,2,0,7,0,1,0,0,0,7.646875046000048,51.98159171200007
2023,9,7,6,3,5,3,0,1,1,0,0,7.042844004000074,50.94162537600005
2023,9,15,6,3,0,7,0,1,0,0,0,6.949757025000054,50.97519715400006
2023,9,17,6,3,5,3,0,1,1,0,0,6.898135199000023,51.01899333500006
2023,9,18,6,3,4,2,0,1,1,0,0,6.911260773000038,50.96631157600007
2023,9,23,6,2,0,1,2,1,0,0,0,6.903777559000048,50.95772220400005
2023,9,10,6,3,5,3,0,1,1,0,0,6.911272874000076,50.96631078300004
2023,9,14,6,2,2,6,0,1,0,0,0,6.924419307000051,50.91771594700003
2023,9,15,6,3,0,1,0,1,0,0,0,6.941582750000066,50.91053122100004
2023,9,13,6,3,0,3,0,1,0,0,0,6.957443061000049,50.941784048000045
2023,9,13,5,3,0,1,0,1,0,0,0,7.674923224000054,51.931631365000044
2023,9,9,5,3,1,5,0,1,1,0,0,7.017599872000062,50.929870169000026
2023,9,10,5,3,5,3,0,1,1,0,0,6.963688436000041,50.961090409000064
2023,9,11,5,3,5,3,0,1,1,0,0,6.900872487000072,50.93442141700007
2023,9,15,5,3,5,3,0,1,0,0,1,6.835865889000047,50.94221199100008
2023,9,7,5,3,6,4,0,1,0,1,0,6.920499000000063,50.94824702600005
2023,9,20,5,3,1,5,0,1,1,0,0,6.962072989000035,50.91564709900007
2023,9,12,2,3,5,5,0,1,1,0,0,7.054398997000021,50.88159248100004
2023,9,18,2,3,0,1,0,1,0,0,0,6.916934948000062,50.960570448000055
2023,9,7,6,3,7,1,0,1,1,0,0,6.898977161000062,50.94045724700004
2023,9,9,4,3,0,7,0,1,0,0,0,7.621887538000067,51.93541000400006
2023,9,16,4,2,0,7,0,1,0,0,0,7.080538103000038,50.885459377000075
2023,9,11,4,3,5,3,0,1,0,0,0,7.08781764500003,50.860592584000074
2023,9,11,4,3,0,5,0,1,1,0,0,7.075437899000065,50.973416145000044
2023,9,16,4,3,0,7,0,1,1,0,0,6.890971603000025,50.97863418400004
2023,9,12,4,3,5,3,0,1,0,0,0,6.879017221000026,50.93496786600008
2023,9,22,4,3,0,7,2,1,0,0,0,6.958885021000071,50.93623001800006
2023,9,12,4,3,0,1,0,1,0,0,0,7.870506030000058,51.67638335700008
2023,9,16,3,3,1,1,0,1,0,0,0,7.649212401000057,51.95892641100005
2023,9,13,3,3,0,6,0,1,0,0,0,7.650641354000072,51.95137017500008
2023,9,12,3,3,1,5,0,1,1,0,0,7.000855801000057,50.938921538000045
2023,9,7,3,3,5,3,0,1,0,0,0,7.073570939000035,50.89813743900004
2023,9,16,3,2,4,6,0,1,0,0,0,6.911002297000039,50.96429954300004
2023,9,14,2,2,4,6,0,1,0,0,0,7.612623187000054,51.94132665500007
2023,9,12,2,2,0,7,0,1,0,1,0,7.62221140500003,51.97653592200004
2023,9,16,2,3,0,7,0,1,0,0,0,6.929248750000056,50.944959124000036
2023,9,12,2,3,5,3,0,1,1,0,0,6.88573610900005,50.983703182000056
2023,9,20,2,3,0,7,2,1,0,0,0,6.922944865000034,50.95277964100006
2023,9,11,2,3,5,2,0,1,1,0,0,6.93977804900004,50.911265212000046
2023,9,18,3,3,0,1,0,1,0,0,0,6.983667604000061,50.921376304000034
2023,9,19,2,3,1,5,0,1,1,0,0,6.915128816000049,50.96245714300005
2023,9,14,1,3,0,4,0,1,0,1,0,6.936732279000069,50.96897460100007
2023,9,12,1,3,0,6,0,1,1,0,0,6.977243329000032,50.87012393700007
2023,9,15,1,2,0,1,0,1,0,0,0,6.920487214000048,50.91370142000005
2023,9,13,4,3,0,1,0,1,0,0,0,7.623535659000026,51.96093906700003
2023,9,11,4,3,0,5,0,1,1,0,0,6.942444009000042,50.958323620000044
2023,9,12,4,2,0,5,0,1,1,0,0,6.944231247000062,50.98265387400005
2023,9,18,4,3,5,2,0,1,1,0,0,6.932221841000057,50.95546919100008
2023,9,13,4,3,4,2,0,1,1,0,0,7.845914440000058,51.65391820500008
2023,9,15,3,3,5,3,0,1,1,0,0,7.62520286900002,51.910307481000075
2023,9,20,3,3,0,1,2,1,0,0,0,7.075970865000045,50.89329079500004
2023,9,9,3,3,0,1,0,1,0,0,0,7.013991726000029,50.97133301900004
2023,9,8,3,3,5,3,0,1,1,0,0,6.896249468000065,51.02586450500007
2023,9,15,3,3,4,2,0,1,1,0,0,6.906637475000025,50.95554075000007
2023,9,7,2,3,0,1,0,1,0,0,0,7.009913661000041,50.95221262500007
2023,9,15,2,2,5,2,0,1,1,0,0,6.892140079000058,50.94660905300003
2023,9,8,2,3,5,3,0,1,1,0,0,6.936367807000067,50.94709354300005
2023,9,12,7,2,0,7,0,1,0,0,0,7.622999953000033,51.96501584300006
2023,9,14,7,3,1,5,0,1,0,0,0,6.927942625000071,50.90958133700008
2023,9,18,6,3,5,3,0,1,1,0,0,7.597849201000031,51.93587128200005
2023,9,11,6,3,5,3,0,1,1,0,0,7.029766692000067,50.87582757500007
2023,9,19,6,3,0,1,1,1,0,0,0,6.903797650000058,50.92414426200003
2023,9,13,6,3,0,5,0,1,1,0,0,6.913783440000032,50.932394490000036
2023,9,12,6,3,1,5,0,1,0,0,0,6.929301410000051,50.92165573200003
2023,9,14,6,3,5,3,0,1,0,0,1,6.958009477000076,50.918653876000064
2023,9,18,6,3,0,1,0,1,0,0,0,6.941050389000054,50.93131087100005
2023,9,17,2,3,0,1,0,1,0,0,0,6.918915323000022,50.946251844000074
2023,9,8,5,2,0,6,0,1,0,0,0,7.624054475000037,51.96214955200003
2023,9,15,5,3,5,3,0,1,1,0,0,7.62786176000003,51.90749159000006
2023,9,16,5,3,2,6,0,1,0,0,0,7.65830962900003,51.96713183500003
2023,9,17,1,2,0,5,0,1,0,0,0,7.614770984000074,51.95783786700008
2023,9,19,5,3,4,6,2,1,0,0,0,7.112806809000062,50.87960309500005
2023,9,17,5,3,5,3,0,1,1,0,0,7.006550773000072,50.94786225800004
2023,9,19,5,3,0,1,2,1,0,0,0,7.017597222000063,50.96437713700004
2023,9,19,5,3,0,7,2,1,1,0,0,6.946539479000023,50.97090410100003
2023,9,9,5,3,1,5,0,1,1,0,0,6.945490361000054,50.978122889000076
2023,9,8,5,3,0,3,0,1,1,0,0,6.928641104000064,50.96803075300005
2023,9,11,5,2,5,3,0,1,0,0,0,6.924507754000047,50.90300910800005
2023,9,0,5,3,0,1,2,1,0,0,0,6.961203129000069,50.92700456100005
2023,9,11,3,3,5,3,0,1,1,0,0,6.890978953000058,50.96908029000008
2023,9,9,5,2,5,3,0,1,1,0,0,7.828371802000049,51.71156408300004
2023,9,13,4,2,5,3,0,1,1,0,0,6.978244715000073,50.91851536000007
2023,9,15,4,3,1,5,0,1,1,0,0,6.834580852000045,50.94810234400006
2023,9,21,4,3,5,3,2,1,1,0,0,6.947466425000073,50.933679504000054
2023,9,16,3,3,5,3,0,1,0,0,0,6.927476816000024,50.96902496000007
2023,9,13,2,2,0,1,0,1,0,0,0,7.092481618000022,50.86291184800007
2023,9,17,2,3,1,5,0,1,1,0,0,6.871143984000071,50.935597382000026
2023,9,18,2,3,0,1,0,1,0,0,0,6.993588621000072,50.88086119400003
2023,9,20,2,2,4,2,2,1,0,0,0,6.940443771000048,50.92315539600003
2023,9,20,2,3,0,1,2,1,0,0,0,6.980392852000023,50.90292487900007
2023,9,17,2,3,0,1,0,1,0,0,0,7.004516412000044,50.885185155000045
2023,9,17,2,3,0,1,0,1,0,0,0,6.934988103000023,50.92781861800006
2023,9,10,2,3,4,6,0,1,1,0,0,6.951436729000022,50.930240593000065
2023,9,9,2,3,0,1,0,1,0,0,0,6.932707300000061,50.94018294800003
2023,9,0,1,3,1,7,2,1,1,0,0,7.653594592000047,51.97018097900008
2023,9,19,1,3,0,3,0,1,0,0,0,7.008463765000045,50.93896257400007
2023,9,13,1,3,6,2,0,1,0,1,0,6.981410985000025,50.94992841700008
2023,9,13,1,3,5,2,0,1,1,0,0,6.968703441000059,50.96648175400003
2023,9,21,1,3,0,1,2,1,0,0,0,6.919553893000057,50.96215540500003
2023,9,14,1,3,4,2,0,1,1,0,0,6.947664454000062,50.93494485100007
2023,9,8,2,3,0,3,0,1,1,0,0,6.944042244000059,50.92378297400006
2023,9,14,7,3,5,7,0,1,0,0,0,7.626035579000074,51.90414792200005
2023,9,16,7,3,0,1,0,1,0,0,0,7.086145686000066,50.876379737000036
2023,9,23,7,3,0,1,2,1,0,0,0,6.849820377000071,50.93103421700005
2023,9,15,7,3,7,1,0,1,0,0,0,6.965685718000032,50.92523194100005
2023,9,23,7,3,3,5,2,1,1,1,0,6.956213552000065,50.94764825900006
2023,9,20,3,3,1,5,2,1,1,0,0,6.958307058000059,50.909623399000054