UJAHR,UMONAT,USTUNDE,UWOCHENTAG,UKATEGORIE,UART,UTYP1,ULICHTVERH,IstRad,IstPKW,IstFuss,IstKrad,XGCSWGS84,YGCSWGS84
2024,3,13,4,3,0,3,0,1,0,0,0,7.588148389000025,51.97068372200005
2024,3,12,4,3,1,1,0,1,1,0,0,6.935029854000049,50.936523848000036
2024,3,16,4,3,0,1,0,1,0,0,0,7.785883684000055,51.68824643700003
2024,3,15,4,3,6,7,0,1,0,1,0,7.861986561000037,51.69104266900007
2024,3,14,3,3,0,2,0,1,0,0,0,7.631747640000071,51.95076096500003
2024,3,9,3,3,0,1,0,1,0,0,0,7.629146793000075,51.956099864000066
2024,3,2,3,3,0,1,2,1,0,0,0,7.637218516000075,51.95891087800004
2024,3,17,3,3,1,7,1,1,1,0,0,7.000930317000041,50.93772105200003
2024,3,13,3,2,0,1,0,1,0,0,0,6.90798701600005,50.93313343800003
2024,3,16,1,3,5,2,0,1,1,0,0,6.975206771000046,50.93985175800003
2024,3,10,2,3,5,3,0,1,1,0,0,7.083498165000037,50.869512248000035
2024,3,13,2,3,3,2,0,1,1,0,0,6.918897535000042,50.95224848000004
2024,3,16,1,3,6,4,0,1,0,1,0,7.619492111000056,51.95592971600007
2024,3,12,7,3,0,7,0,1,0,0,0,7.617876186000046,51.96346500100003
2024,3,12,7,2,2,1,0,1,0,0,0,6.942352704000029,50.887060819000055
2024,4,19,3,3,0,5,0,1,1,0,0,6.919258466000031,50.952593559000036
2024,4,12,3,3,5,3,0,1,1,0,0,6.938758330000041,50.953215485000044
2024,4,15,3,1,5,2,0,1,0,0,0,6.92367639500003,50.91225756100005
2024,4,14,3,3,9,1,0,1,0,0,0,6.989448841000069,50.88386821900008
2024,4,18,3,3,3,6,0,1,1,0,0,6.938985157000047,50.936446715000045
2024,4,17,3,3,0,7,0,1,0,0,0,6.939252300000021,50.93027278800008
2024,4,8,2,3,5,3,0,1,1,0,0,7.643851494000046,51.969229159000065
2024,4,13,2,3,5,3,0,1,1,0,0,6.982022513000061,50.943168349000075
2024,4,7,2,3,5,2,0,1,1,0,0,6.986601028000052,50.93633726200005
2024,4,7,2,3,5,3,0,1,1,0,0,6.907905237000023,50.930187396000065
2024,4,17,1,3,5,3,0,1,1,0,0,7.694989449000047,51.911066755000036
2024,4,15,1,3,6,6,0,1,0,1,0,7.820041658000036,51.67914998100008
2024,4,20,7,3,4,1,1,1,1,0,0,7.617576605000068,51.962015508000036
2024,4,21,7,3,4,2,2,1,1,0,0,7.080875367000033,50.94605666400008
2024,4,10,7,3,5,3,0,1,1,0,0,7.099799708000035,50.90942129100006
2024,4,17,7,3,2,2,0,1,1,0,0,6.848189533000038,50.93815729100004
2024,4,19,7,2,2,6,1,1,0,0,0,6.848769111000024,50.91261015900005
2024,4,12,6,2,5,3,0,1,1,0,0,7.622253348000072,51.89372875000004
2024,4,7,6,3,5,2,1,1,1,0,0,7.63658982100003,51.95289373600008
2024,4,18,5,3,6,6,0,1,0,1,0,7.001524932000052,50.96239867500003
2024,4,14,5,3,0,1,0,1,0,0,0,7.824771228000031,51.67301256600007
2024,4,16,4,3,0,3,0,1,0,0,0,7.623283986000047,51.94538309300003
2024,4,12,4,3,5,2,0,1,1,0,0,7.640247566000028,51.96173568200004
2024,4,21,6,3,0,5,1,1,1,0,0,6.997515728000053,50.93739611700005
2024,4,18,4,3,1,5,0,1,1,0,0,7.035879347000048,50.935526837000054
2024,4,18,4,3,9,1,0,1,1,0,0,6.956788524000046,50.957380201000035
2024,4,5,4,3,0,7,2,1,1,0,0,7.788000511000064,51.67756448000006
2024,4,14,3,3,0,3,0,1,1,0,0,7.687872388000073,51.92822698500004
2024,4,8,2,3,9,1,0,1,0,0,0,7.627062048000028,51.91027284100005
2024,4,14,2,3,3,2,0,1,0,0,0,6.925007166000057,50.933481820000054
2024,3,9,1,3,0,1,0,1,0,0,0,6.97276744100003,50.93022414500007
2024,3,13,1,3,5,3,0,1,1,0,0,6.913301319000027,51.00407882500008
2024,3,20,1,2,0,1,1,1,0,0,0,6.955141278000042,50.93507507900006
2024,3,16,7,3,3,6,0,1,0,0,0,7.630347966000045,51.92352495600005
2024,3,11,7,3,8,1,0,1,0,0,0,7.631763163000073,51.95061288900007
2024,3,12,7,2,5,3,0,1,1,0,0,6.97779666100007,50.925913077000075
2024,3,10,7,3,5,2,0,1,1,0,0,6.952770790000045,50.968922364000036
2024,3,9,7,3,0,1,0,1,0,0,0,6.955371101000026,50.87415210000006
2024,3,16,7,3,3,5,0,1,1,0,0,6.940909292000072,50.94360283100008
2024,3,12,5,3,5,3,0,1,1,0,0,7.050198193000028,50.874096879000035
2024,3,0,5,3,5,3,2,1,0,0,1,7.105505272000073,50.886217729000066
2024,3,10,5,3,5,3,0,1,1,0,0,6.909218883000051,50.938060121000035
2024,3,0,5,3,2,1,2,1,0,0,1,7.104445810000072,50.885105890000034
2024,3,21,4,3,5,3,2,1,1,0,0,7.623169203000032,51.89794105100003
2024,3,18,4,3,0,1,1,1,0,0,0,6.892436578000058,50.937281264000035
2024,3,18,4,3,2,6,0,1,1,0,0,6.95983572800003,50.92116942600006
2024,4,13,7,3,1,5,0,1,1,0,0,6.94110825100006,50.94381186700008
2024,3,12,4,2,7,1,0,1,0,0,0,7.872581385000046,51.64028771000005
2024,3,17,3,3,2,2,0,1,0,0,1,7.64097971700005,51.96172399400007
2024,3,7,3,3,5,2,0,1,1,0,0,7.000427042000069,50.93767969800007
2024,3,18,3,2,0,1,0,1,0,0,0,6.91054484700004,50.93684871200003
2024,3,17,2,3,0,3,0,1,0,0,0,6.859329194000054,50.97552234600005
2024,3,14,7,3,0,1,0,1,0,0,0,7.613477608000039,51.974304172000075
2024,3,17,7,2,5,3,0,1,1,0,0,6.872706811000057,51.00188349100006
2024,3,15,7,3,5,3,0,1,1,0,0,6.945507131000056,50.90463985100007
2024,3,14,7,3,5,2,0,1,1,0,0,6.932599958000026,50.935488716000066
2024,3,18,6,3,5,3,1,1,0,0,0,7.605964612000037,51.93799170300008
2024,3,18,6,3,0,2,0,1,1,0,0,7.612690215000043,51.99529663700008
2024,4,15,1,3,3,6,0,1,1,0,0,6.909603354000069,51.01023238200003
2024,3,13,6,3,0,5,0,1,1,0,0,6.915638410000042,50.949040205000074
2024,5,18,4,3,0,1,0,1,0,0,0,6.993851823000057,50.94879434400008
2024,5,18,4,3,5,3,0,1,0,0,1,6.936958779000065,50.99729725600008
2024,5,16,4,3,4,6,0,1,0,0,0,6.969607230000065,50.883068079000054
2024,5,13,4,3,0,1,0,1,0,0,0,7.077806279000072,50.98130686700006
2024,4,18,3,3,0,5,0,1,1,0,0,6.837668979000057,50.93818767700003
2024,4,18,3,3,5,3,0,1,0,0,0,6.913502524000023,50.922489315000064
2024,4,19,3,3,0,7,0,1,0,0,0,7.823080864000076,51.668534237000074
2024,4,14,2,3,3,6,0,1,0,0,0,7.633031796000068,51.97304853900005
2024,4,18,2,2,5,3,0,1,1,0,0,6.913743265000051,50.94750357000004
2024,4,13,2,3,5,7,0,1,1,0,0,6.932599958000026,50.935488716000066
2024,4,13,1,2,0,7,0,1,0,0,0,6.942102512000076,50.88677276800007
2024,4,14,2,2,5,3,0,1,1,0,0,7.857973796000067,51.69064564400003
2024,4,13,7,3,1,5,0,1,1,0,0,7.088796635000051,50.85382151700003
2024,4,14,7,3,0,1,0,1,0,0,0,6.946789989000024,50.98500168800007
2024,4,6,6,3,8,1,0,1,0,0,0,7.601736774000074,51.99506298500006
2024,4,8,6,3,5,3,1,1,1,0,0,7.749524370000074,51.92783246500005
2024,4,6,2,3,3,1,0,1,0,0,0,7.642619148000051,51.95656603300006
2024,4,17,5,3,5,3,0,1,1,0,0,7.721071367000036,51.979173943000035
2024,4,14,5,3,3,6,0,1,0,0,0,7.637144826000053,51.95893976200006
2024,4,13,5,3,0,6,0,1,0,0,0,7.000086192000026,50.912105782000026
2024,4,15,5,3,4,6,0,1,0,0,0,7.014280292000024,50.95259818400007
2024,4,7,5,2,0,1,0,1,0,0,0,6.920211678000044,50.953781380000066
2024,4,13,5,3,5,2,0,1,1,0,0,7.841337027000066,51.69159425400005
2024,4,15,4,3,5,3,0,1,1,0,0,7.05564735300004,50.89147996200006
2024,4,7,4,3,2,6,0,1,1,1,0,7.082267588000036,50.878916289000074
2024,4,18,4,3,5,2,0,1,0,0,0,6.915234184000042,50.949058226000034
2024,4,15,4,3,5,3,0,1,0,0,1,6.957415637000054,50.93529882300004
2024,4,7,3,3,3,1,0,1,0,0,0,7.635962364000022,51.959385343000065
2024,4,6,3,3,5,3,0,1,1,0,0,7.608065875000023,51.974010057000044
2024,4,20,4,2,5,3,1,1,1,0,0,6.939051063000022,50.935392929000045
2024,4,7,3,2,5,2,0,1,1,0,0,7.071765747000029,50.97914498100005
2024,4,19,3,3,5,3,0,1,1,0,0,6.929883104000055,50.92573810700003
2024,4,8,3,3,5,3,0,1,0,0,0,6.941986199000041,50.95385352400007
2024,4,12,2,3,5,3,0,1,1,0,0,6.838074930000062,50.93830094400005
2024,4,12,7,3,5,3,0,1,1,0,0,6.886268289000043,50.934081597000045
2024,5,14,4,2,3,6,0,1,1,0,0,7.102138683000021,50.86399657900006
2024,4,15,4,3,2,6,0,1,0,0,0,7.629029623000065,51.95473298600007
2024,4,17,2,3,5,2,0,1,1,0,0,7.591124229000059,51.92959063100005
2024,4,15,6,3,0,1,0,1,0,0,0,6.920211678000044,50.953781380000066
2024,4,15,6,2,0,1,0,1,0,0,0,6.978530338000041,50.89640647500005
2024,4,13,5,3,5,3,0,1,1,0,0,7.664560636000033,51.905807235000054
2024,4,10,5,3,3,6,0,1,0,0,0,7.076800202000072,50.945154942000045
2024,4,15,5,3,5,3,0,1,1,0,0,6.855321683000057,50.93805843300004
2024,4,7,5,3,4,7,0,1,0,0,0,7.816543864000039,51.68229899000005
2024,4,17,4,3,0,3,0,1,1,0,0,7.67177388500005,51.92467450600003
2024,4,17,4,3,4,6,0,1,0,0,0,7.601089339000055,51.994656829000064
2024,4,7,4,2,5,3,0,1,1,0,0,7.631099531000075,51.95291726200003
2024,4,7,5,2,5,3,0,1,0,0,0,7.848503060000041,51.657386114000076
2024,4,19,4,3,5,2,0,1,1,0,0,6.946396311000058,50.93638790300008
2024,4,14,4,3,3,6,0,1,0,0,0,6.93515756000005,50.93542507800004
2024,4,20,3,3,0,1,0,1,0,0,0,7.637283074000038,51.95888557400008
2024,4,18,3,3,5,3,0,1,0,0,0,7.035419406000074,50.99931782300007
2024,4,2,1,3,0,1,2,1,0,0,0,7.614485304000027,51.96723921500006
2024,4,11,2,3,5,2,0,1,1,0,0,7.625496054000052,51.94235034600007
2024,4,13,2,3,6,6,0,1,0,1,0,7.606620060000068,51.99385130600007
2024,4,13,2,3,6,4,0,1,0,1,0,7.058440826000037,50.88294374600008
2024,4,8,2,3,5,3,0,1,1,0,0,6.936328353000022,50.906804385000044
2024,4,15,5,3,5,2,0,1,1,0,0,6.898366728000042,50.99616051500004
2024,4,11,1,3,5,2,0,1,1,0,0,7.576735080000049,51.92506928300003
2024,4,13,1,3,5,3,0,1,1,0,0,7.006213527000057,50.96102097800008
2024,4,15,7,2,0,6,0,1,0,0,0,7.625207071000034,51.90419037600003
2024,4,8,4,3,5,2,0,1,1,0,0,7.013153019000072,50.95614794200003
2024,4,13,1,3,0,1,0,1,0,0,0,6.956167297000036,51.02823508200004
2024,4,13,7,3,5,3,0,1,1,0,0,7.05841183800004,50.97434441300004
2024,4,12,7,3,5,5,0,1,1,0,0,6.972814500000027,50.93016705200006
2024,4,17,7,3,0,1,0,1,1,1,0,6.956107535000058,50.95638920000005
2024,4,22,7,3,0,1,2,1,0,0,0,6.890964307000047,50.91181812700006
2024,4,17,7,3,3,6,0,1,1,0,0,6.93750090900005,50.931284557000026
2024,4,19,6,3,0,1,0,1,0,0,0,7.628413420000072,51.92761733300006
2024,4,15,6,3,0,7,0,1,0,0,0,7.641289861000075,51.95707949400003
2024,4,12,6,3,5,3,0,1,1,0,0,7.625214415000073,51.936882267000044
2024,4,12,6,2,5,3,0,1,1,0,0,7.602465263000056,51.95958090500005
2024,4,5,6,3,5,3,2,1,1,0,0,7.556512405000035,52.000036185000056
2024,4,21,6,3,4,1,2,1,0,0,0,7.631272283000044,51.95139848600007
2024,4,16,6,3,6,6,0,1,0,1,0,6.933492588000036,50.92124899500004
2024,4,17,6,3,6,4,0,1,0,1,0,6.940169634000029,50.941488898000046
2024,4,12,3,3,0,3,0,1,0,0,0,6.96162434200005,50.921526792000066
2024,4,8,3,3,3,2,0,1,0,0,0,6.994514519000063,50.94953283400008
2024,5,11,4,3,5,3,0,1,0,0,0,6.939314005000028,50.92699894300006
2024,4,13,5,3,5,2,0,1,0,0,0,7.631950218000043,51.96287675700006
2024,4,13,5,3,6,6,0,1,0,1,0,6.986880722000024,50.91946219600004
2024,4,8,5,3,5,7,0,1,1,0,0,6.911197621000042,50.94038682000007
2024,4,8,5,3,5,3,0,1,0,0,0,6.864243273000056,50.92179871800005
2024,4,7,4,3,5,3,0,1,1,0,0,7.632946998000023,51.913598688000036
2024,4,17,4,3,0,7,0,1,0,0,0,6.995801389000064,50.93729190200003
2024,4,17,4,3,5,3,0,1,1,0,0,6.83006141900006,50.94608749300005
2024,4,18,4,3,2,2,0,1,1,0,0,6.965971826000043,50.95060198500005
2024,4,15,4,3,2,2,0,1,1,0,0,6.944272927000043,50.92754138400005
2024,4,10,5,3,3,2,0,1,1,0,0,6.948200830000076,50.94760193700006
2024,5,3,1,3,1,1,2,1,1,0,0,6.997761644000036,50.93748998500007
2024,5,14,1,3,5,3,0,1,1,0,0,6.913971180000033,50.92151404600003
2024,5,0,1,2,5,2,2,1,1,0,0,6.925663888000031,50.93674171600003
2024,5,13,7,3,5,3,0,1,1,0,0,7.005615882000029,50.96440690000003
2024,5,12,7,3,4,7,0,1,0,0,0,6.96111064400003,50.92989272900007
2024,5,18,7,3,5,3,0,1,0,0,1,6.886268289000043,50.934081597000045
2024,5,16,7,3,5,3,0,1,1,0,0,6.913376503000052,50.94661578400007
2024,5,11,7,3,0,1,0,1,0,0,0,6.920954449000021,50.87726265800006
2024,5,10,7,3,2,6,0,1,0,0,0,6.910612917000037,50.92571592100006
2024,5,17,6,2,5,3,0,1,0,0,0,7.610419130000025,51.97061000600007
2024,5,13,6,3,0,7,0,1,1,0,0,7.007735430000025,50.95994161500005
2024,5,15,6,3,5,2,0,1,1,0,0,6.912233394000054,50.90654317700006
2024,5,9,6,3,3,3,0,1,1,0,0,6.90442454500004,50.90169002500005
2024,5,8,6,2,0,1,0,1,0,0,0,6.947288651000065,50.930303896000055
2024,5,21,5,3,0,7,2,1,0,0,0,7.656548828000041,51.96698832900006
2024,5,15,5,3,6,4,0,1,0,1,0,7.639917905000061,51.95771985600004
2024,5,18,4,3,5,2,0,1,1,0,0,7.602419029000032,51.92039059400008
2024,5,17,4,2,5,3,0,1,0,0,0,7.618112742000051,51.99826320400007
2024,5,15,4,2,4,6,0,1,0,0,0,7.604480912000042,51.971737062000045
2024,5,12,4,3,5,3,0,1,0,0,0,7.618112742000051,51.99826320400007
2024,5,14,4,3,5,3,0,1,1,0,0,6.94898310800005,50.93544159600003
2024,5,7,4,3,0,7,0,1,0,0,0,7.623437523000064,51.94290151300004
2024,5,21,3,3,6,7,2,1,0,1,0,7.625212084000054,51.951620940000055
2024,5,22,3,3,7,7,2,1,0,0,0,7.616302467000025,51.94904368400006
2024,5,12,3,2,8,6,0,1,0,0,0,7.645842538000068,51.90432238100004
2024,5,7,3,2,5,3,0,1,0,0,0,7.614208389000055,51.94676700000008
2024,5,8,3,3,0,1,0,1,0,0,0,7.057870643000058,50.89511731400006
2024,5,22,3,3,6,4,2,1,0,1,0,7.063863160000039,50.97340710000003
2024,5,8,3,3,0,1,0,1,0,0,0,7.022183231000042,50.98002415800005
2024,5,9,3,3,0,3,0,1,1,0,0,7.055895870000029,50.89136332500004
2024,5,16,2,3,0,3,0,1,0,0,0,7.672126599000023,51.92958545400006
2024,5,15,2,3,0,7,0,1,0,0,0,7.637043217000041,51.97366321000004
2024,5,8,2,3,5,3,0,1,1,0,0,7.630857487000071,51.94604927000006
2024,5,8,2,3,5,3,0,1,1,0,0,7.631747705000066,51.919359462000045
2024,5,9,2,3,5,3,0,1,1,0,0,7.099783667000054,50.90940171800003
2024,5,13,2,3,0,3,0,1,1,0,0,6.947751405000076,50.982944674000066
2024,5,16,1,3,0,5,0,1,1,0,0,6.931612543000028,50.936562534000075
2024,5,18,4,3,0,1,0,1,0,0,0,7.601630497000031,51.96592876700004
2024,5,23,7,2,0,1,2,1,0,0,0,6.856129397000075,51.057044777000044
2024,5,22,7,3,6,6,2,1,0,1,0,6.867293951000022,50.92241747200006
2024,5,18,7,3,0,6,0,1,1,0,0,6.914962389000038,50.92037467600005
2024,5,21,7,3,5,2,2,1,1,0,0,6.953160249000064,50.93525957600008
2024,5,16,7,3,5,3,0,1,1,0,0,7.628790050000021,51.927192027000046
2024,5,17,6,3,3,2,0,1,1,0,0,7.645977370000026,51.98245669900007
2024,5,7,6,3,3,6,1,1,1,0,0,7.619804530000067,51.95819991500008
2024,5,7,6,3,0,2,0,1,1,0,0,7.642423612000073,51.89548233100004
2024,5,18,6,3,5,3,0,1,1,0,0,7.083499131000053,50.869494865000036
2024,5,15,3,3,5,2,0,1,1,0,0,6.919823502000042,50.953482747000066
2024,5,8,2,3,4,2,0,1,1,0,0,7.809966538000026,51.681746685000064
2024,5,20,5,3,3,2,2,1,1,0,0,7.024525960000062,50.96535343800008
2024,5,16,5,3,0,1,0,1,0,0,0,6.901464455000053,50.99372106900006
2024,5,11,1,3,0,1,0,1,0,0,0,7.633680667000021,51.97482737900003
2024,5,15,1,3,0,5,0,1,1,0,0,6.947780111000043,50.98266625400004
2024,5,16,1,3,0,1,0,1,0,0,0,6.95459536900006,50.90391638400007
2024,5,14,1,3,6,4,0,1,0,1,0,6.962809505000052,50.93249637900004
2024,5,10,1,3,2,2,0,1,0,0,0,6.952600367000059,50.924098697000034
2024,5,12,7,3,0,1,0,1,1,0,0,7.672480051000036,51.92967663500008
2024,5,18,7,3,4,6,0,1,0,0,0,6.979553929000076,50.940467805000026
2024,5,22,7,3,5,3,2,1,0,0,0,6.960394996000048,50.93541642400004
2024,5,22,7,3,1,6,1,1,1,0,0,6.938981978000072,50.93641287300005
2024,5,21,7,2,5,2,1,1,1,0,0,6.959140383000033,50.950975741000036
2024,5,8,6,3,5,3,0,1,0,0,0,7.605338413000027,51.972540468000034
2024,5,11,6,3,3,6,0,1,0,0,0,7.635582017000047,51.96198740400007
2024,5,15,6,3,5,1,0,1,1,0,0,7.614281148000032,51.94665767200007
2024,5,8,6,3,5,3,0,1,1,0,0,7.095922960000053,50.85874274300005
2024,5,16,5,3,5,2,0,1,1,0,0,7.609287942000037,51.940837085000055
2024,5,17,5,3,0,7,0,1,1,0,0,6.960765610000067,51.02250086600003
2024,5,8,5,3,1,5,0,1,1,0,0,6.954480536000062,50.96053479900007
2024,5,18,5,3,0,1,0,1,0,0,0,6.920404941000072,50.953732296000055
2024,5,0,7,2,0,1,2,1,0,0,0,7.634565183000063,51.962045458000034
2024,5,16,4,3,5,3,0,1,1,0,0,7.810756561000062,51.69106375300004
2024,5,18,3,3,5,3,0,1,0,0,0,7.647478532000036,51.96259207600008
2024,5,15,3,3,2,6,0,1,0,0,0,7.61704936600006,51.94991266100004
2024,5,17,3,3,0,1,0,1,0,0,0,6.96812077800007,50.88230723600003
2024,5,9,3,3,0,1,0,1,0,0,0,6.907621937000044,50.932649258000026
2024,5,15,4,3,4,2,0,1,0,0,0,6.971436587000028,50.93692450800006
2024,5,15,2,3,0,6,0,1,0,0,0,7.104349840000054,50.86153141500006
2024,5,16,2,3,3,6,0,1,0,0,0,6.973464296000031,50.91170028200003
2024,5,3,1,3,2,6,2,1,1,0,0,6.939952368000036,50.93317562900006
2024,5,13,7,3,0,1,0,1,0,0,0,6.909846909000066,50.90526099700003
2024,5,12,6,3,3,1,0,1,0,0,0,7.640408733000072,51.957479387000035
2024,5,14,5,3,3,6,0,1,0,0,0,7.632661589000065,51.95373893500005
2024,5,14,5,2,5,2,0,1,1,0,0,7.06949310400006,50.882053116000066
2024,5,11,5,3,0,1,0,1,0,1,0,6.998037098000054,50.93751799700004
2024,5,16,5,3,5,3,0,1,1,0,0,6.894198670000037,50.937230398000054
2024,5,5,5,3,0,1,1,1,0,0,0,6.938773179000066,50.88295393800007
2024,5,20,2,3,0,3,0,1,1,0,0,6.924488324000038,50.936550572000044
2024,5,7,4,3,1,1,0,1,1,0,0,7.045623025000054,50.866717909000045
2024,5,18,4,3,6,7,0,1,0,1,0,7.013121216000059,50.97409446000006
2024,5,15,6,3,6,4,0,1,0,1,0,7.76155366100005,51.64783857100008
2024,5,0,4,3,0,1,2,1,0,0,0,7.018605993000051,50.96416237900007
2024,5,15,3,3,6,4,0,1,0,1,0,7.63326832000007,51.95343786400008
2024,5,14,3,2,3,6,0,1,0,0,0,7.638314333000039,51.95847430900005
2024,5,14,3,3,3,1,0,1,0,0,0,7.62688352300006,51.95555129200005
2024,5,7,3,3,5,2,0,1,1,0,0,7.046543882000037,50.94217918700008
2024,5,15,3,3,0,7,0,1,0,0,0,7.070791559000043,50.88202044700006
2024,5,8,3,3,5,2,0,1,1,0,0,7.013134362000073,50.97404063500005
2024,5,18,3,3,0,1,0,1,0,0,0,7.052179936000073,50.97842784000005
2024,5,15,3,3,3,2,0,1,1,0,0,6.943843423000033,50.98918247700004
2024,5,8,3,3,0,3,0,1,1,0,0,6.938641365000024,50.95329063400004
2024,5,21,3,3,3,2,1,1,0,0,0,6.830196179000041,50.94726232600004
2024,5,13,3,3,0,1,0,1,0,0,0,6.939832143000046,50.940008731000034
2024,5,16,2,3,0,3,0,1,1,0,0,7.016527320000023,50.95095848600005
2024,5,17,2,3,0,1,0,1,0,0,0,6.944679909000058,50.98800935500003
2024,5,14,2,3,0,1,0,1,0,0,0,6.989327044000049,50.891336342000045
2024,5,17,2,3,5,3,0,1,0,0,0,6.939519929000028,50.93882127400008
2024,6,16,3,3,4,6,0,1,0,0,0,6.971061454000051,50.932642188000045
2024,6,7,3,3,5,3,0,1,0,0,0,6.933510970000043,50.921265910000045
2024,6,10,3,3,0,5,0,1,1,0,0,6.951504430000057,50.94859899200003
2024,6,7,2,3,4,6,0,1,0,0,0,7.593420449000064,51.92996163400005
2024,6,9,2,3,6,4,0,1,0,1,0,7.091441254000074,50.85048259600006
2024,6,18,2,3,0,5,0,1,1,0,0,6.962643019000041,50.93628391400006
2024,6,19,2,3,2,2,0,1,0,0,1,7.064798188000054,50.972128275000046
2024,6,7,2,3,5,3,0,1,1,0,0,6.925550767000061,50.94000606700007
2024,6,11,2,3,3,2,0,1,1,0,0,6.95989886600006,50.92104574900003
2024,6,10,2,3,1,5,0,1,1,0,0,6.940148622000038,50.94138933900007
2024,6,15,1,3,3,6,0,1,1,0,0,7.626856082000074,51.95556494200008
2024,6,10,1,3,0,1,0,1,0,0,0,7.092946032000043,50.929667023000036
2024,6,15,1,3,4,6,0,1,0,0,0,6.952782008000042,50.956420973000036
2024,6,14,1,3,1,6,0,1,1,0,0,6.918977423000058,50.95232311700005
2024,6,18,7,3,5,2,0,1,0,0,0,7.631123062000029,51.94714540600006
2024,6,17,7,3,0,1,0,1,0,0,0,7.620980556000063,51.97464449700004
2024,6,12,2,3,0,5,0,1,1,0,0,6.953985491000026,50.96326743900005
2024,6,15,6,3,5,3,0,1,1,0,0,6.923274266000021,50.93676475500007
2024,6,12,6,3,5,2,0,1,1,0,0,6.92304383100003,50.93656952400005
2024,6,23,6,3,0,1,2,1,0,0,0,6.939844239000024,50.940055689000076
2024,6,17,5,3,5,3,0,1,0,0,0,7.546952847000057,51.953873877000035
2024,6,15,5,3,5,2,0,1,1,0,0,7.58908890400005,51.96537429800003
2024,6,10,5,3,5,2,0,1,1,0,0,7.613518995000049,51.997780531000046
2024,6,18,5,3,5,3,0,1,1,0,0,6.924484474000053,50.93655063300008
2024,6,14,5,2,0,6,0,1,1,0,0,6.923594932000071,50.91230430100006
2024,6,15,5,3,4,6,0,1,0,0,0,6.928989490000049,50.86139022900005
2024,6,17,4,3,5,1,0,1,0,0,0,7.638008297000056,51.958595727000045
2024,6,6,4,3,4,2,0,1,1,0,0,6.901537821000034,50.92633810700005
2024,6,7,3,3,5,3,0,1,1,0,0,6.992488648000062,50.935707584000056
2024,6,20,3,3,5,3,0,1,1,0,0,7.065044955000076,50.837002158000075
2024,6,20,3,2,0,2,0,1,1,0,0,6.890257358000042,50.93751789800007
2024,6,18,2,3,5,2,0,1,1,0,0,7.625656649000064,51.934429143000045
2024,6,9,2,3,5,2,0,1,1,0,0,6.953337159000057,50.96661648700007
2024,6,13,2,3,0,1,0,1,0,0,0,6.881425759000024,50.937612416000036
2024,6,18,2,3,6,1,0,1,0,1,0,6.941889686000025,50.928823288000046
2024,6,10,1,3,0,1,0,1,0,0,0,6.991923690000021,50.91581840300006
2024,6,13,1,3,5,2,0,1,1,0,0,6.952444917000037,50.969833839000046
2024,6,17,7,3,0,3,0,1,0,0,0,7.699531006000029,51.923998736000044
2024,6,13,7,3,5,3,0,1,1,0,0,7.621196318000045,51.994311322000044
2024,6,13,7,2,5,3,0,1,1,0,0,7.52675212500003,51.93872990300008
2024,6,10,7,3,0,1,0,1,0,0,0,6.917669500000045,50.96967526600008
2024,6,23,7,3,0,1,2,1,0,0,0,6.99753000100003,50.88606267800003
2024,6,17,7,3,5,2,0,1,1,0,0,6.92109565800007,50.899730634000036
2024,6,8,6,3,5,7,0,1,0,0,0,7.624952050000047,51.95085182400004
2024,6,15,6,3,5,2,0,1,0,0,0,6.926358007000033,50.93673189100008
2024,6,23,6,3,5,2,2,1,1,0,0,6.932674735000035,50.94867691800005
2024,6,15,6,3,0,7,0,1,0,0,0,6.932418019000067,50.95296450700005
2024,6,17,5,3,5,2,0,1,1,0,0,7.695178392000059,51.90543069300003
2024,6,10,3,3,5,2,0,1,1,0,0,7.006584538000027,50.96688254000003
2024,6,11,5,3,5,3,0,1,1,0,0,7.053004356000031,50.87774370400007
2024,6,16,5,3,5,3,0,1,1,0,0,6.924201021000044,50.93655513600004
2024,6,15,5,3,4,6,0,1,0,1,0,7.81614881400003,51.68247433300007
2024,6,19,4,2,5,3,0,1,1,0,0,7.656067602000064,51.96882748000007
2024,6,12,4,3,6,4,0,1,0,1,0,7.61964454200006,51.95729676900004
2024,6,10,4,3,5,2,0,1,1,0,0,7.631159170000046,51.96368172800004
2024,6,6,4,3,5,2,0,1,1,0,0,7.602169322000066,51.93529650900007
2024,6,18,4,3,4,3,0,1,1,0,0,7.090053156000067,50.98231479000003
2024,6,16,4,2,5,2,0,1,0,0,0,6.974238162000063,50.95621411600007
2024,6,16,4,2,5,2,0,1,1,0,0,7.000619447000076,50.882439806000036
2024,6,17,3,3,5,5,0,1,1,0,0,7.028548219000072,50.985706013000026
2024,6,17,3,3,4,2,0,1,1,0,0,7.006931386000076,50.969350458000065
2024,6,8,3,3,5,3,0,1,1,0,0,6.982045957000025,50.94319582600008
2024,6,19,3,3,5,3,0,1,1,0,0,6.898220296000034,50.99589935100005
2024,6,7,3,3,3,6,0,1,1,0,0,6.961289734000047,50.93609805500006