UJAHR,UMONAT,USTUNDE,UWOCHENTAG,UKATEGORIE,UART,UTYP1,ULICHTVERH,IstRad,IstPKW,IstFuss,IstKrad,XGCSWGS84,YGCSWGS84
2024,6,15,2,3,5,3,0,1,1,0,0,7.072500600000069,50.97940366600005
2024,6,20,2,3,0,1,1,1,0,0,0,6.939438218000021,50.95354589800007
2024,6,19,2,3,0,7,0,1,0,0,0,6.91293612100003,50.945509032000075
2024,6,18,2,3,3,1,0,1,0,0,0,6.925686108000036,50.93239499500004
2024,6,16,1,2,3,6,0,1,0,0,0,7.569157521000022,51.94234200300008
2024,6,0,6,2,5,3,2,1,1,0,0,6.924485779000065,50.936550613000065
2024,6,10,7,3,0,1,0,1,0,0,0,7.632946998000023,51.913598688000036
2024,6,19,7,3,2,6,0,1,1,0,0,6.919959489000064,50.953289899000026
2024,5,12,6,3,0,1,0,1,0,0,0,6.991708879000043,50.91597713800007
2024,5,18,6,3,0,1,0,1,0,0,0,6.940627283000026,50.93109407500003
2024,5,11,6,3,0,1,0,1,0,0,0,7.739326113000061,51.664659147000066
2024,5,19,5,3,5,3,0,1,0,0,1,7.627308957000025,51.94327647400007
2024,6,7,6,3,5,2,0,1,0,0,0,6.955739101000063,50.95712920600005
2024,5,16,5,3,0,7,0,1,0,0,0,6.928725991000022,50.85578111400008
2024,5,7,4,3,4,6,0,1,0,0,0,7.686105037000061,51.972472406000065
2024,6,14,3,3,6,4,0,1,0,1,0,7.623517810000067,51.94636061800003
2024,5,11,4,3,5,3,0,1,1,0,0,6.98206123600005,50.94321373100007
2024,5,8,4,2,5,3,0,1,1,0,0,6.913377510000032,51.00067215100006
2024,5,16,4,3,0,1,0,1,0,0,0,6.940635489000044,50.93107518000005
2024,5,15,3,3,0,1,0,1,0,0,0,7.00699763800003,50.97096526900003
2024,5,10,3,3,5,2,0,1,1,0,0,6.896659213000021,50.925594681000064
2024,6,19,3,3,5,3,0,1,1,0,0,6.957166113000028,50.95297300500005
2024,6,9,6,2,5,3,0,1,1,0,0,7.678050161000044,51.918846478000034
2024,5,8,3,3,5,2,0,1,0,0,0,7.79761105700004,51.67036267700007
2024,6,14,1,2,4,6,0,1,0,0,0,6.876846299000022,50.937761772000044
2024,5,11,6,2,0,7,0,1,1,0,0,6.977786975000072,50.93565857100003
2024,5,16,2,3,5,3,0,1,1,0,0,7.588870131000022,51.96525581600008
2024,5,15,2,3,0,3,0,1,1,0,0,7.524682804000065,51.96350167800006
2024,5,16,2,3,0,7,0,1,0,1,0,6.924887541000032,50.936549280000065
2024,6,14,5,3,3,6,0,1,1,0,0,7.013153019000072,50.95614794200003
2024,6,17,5,3,3,2,0,1,1,0,0,7.822079382000027,51.68154373600004
2024,6,8,4,3,4,2,0,1,1,0,0,7.656607510000072,51.93644577100008
2024,6,20,4,3,0,5,0,1,1,0,0,6.999436931000048,50.93757571700007
2024,6,19,4,3,0,1,0,1,0,0,0,6.843375527000035,50.98076175400007
2024,6,11,4,3,0,7,0,1,0,0,0,6.928133627000022,50.94461888700005
2024,6,17,4,3,5,3,0,1,1,0,0,6.951552243000037,50.93071890500005
2024,6,8,4,3,0,7,0,1,0,0,0,6.949117728000033,50.936036717000036
2024,6,16,3,3,4,6,0,1,0,0,0,7.625883662000035,51.93376787500006
2024,6,14,3,2,0,3,0,1,1,0,0,7.612434701000041,51.97327337400003
2024,6,18,3,3,3,6,0,1,1,0,0,7.087647741000069,50.88151830000004
2024,6,14,3,3,0,3,0,1,1,0,0,7.029894336000041,50.941129422000074
2024,6,16,3,3,9,1,0,1,0,0,0,6.900294041000052,50.93709593800003
2024,6,16,3,3,5,3,0,1,1,0,0,6.895324515000027,50.91448009000004
2024,6,6,3,2,5,3,0,1,1,0,0,6.94559081500006,50.90446865400003
2024,6,17,3,3,3,2,0,1,1,0,0,6.942750118000049,50.94531966200003
2024,6,7,4,3,5,3,0,1,1,0,0,6.97642256000006,50.89489589400006
2024,6,13,4,3,5,3,0,1,1,0,0,6.973169551000069,50.868386927000074
2024,6,9,4,3,3,2,0,1,1,0,0,6.920749627000021,50.999389628000074
2024,6,7,3,3,4,2,0,1,1,0,0,7.836415137000074,51.68197991800008
2024,6,20,2,3,5,2,0,1,1,0,0,7.631126742000049,51.947175420000065
2024,6,6,3,3,0,1,0,1,0,0,0,7.015506293000044,50.975688234000074
2024,6,13,2,3,1,5,0,1,0,0,0,7.017319741000051,50.93357152900006
2024,6,1,2,3,0,1,2,1,0,0,0,7.045728077000035,50.89503454700008
2024,6,13,2,3,0,1,0,1,0,0,0,7.006146502000036,50.96566304000004
2024,6,16,2,3,6,4,0,1,0,1,0,6.901978677000045,50.993252219000055
2024,6,7,2,3,3,2,0,1,0,0,0,6.92468597800007,50.93675500000006
2024,6,16,2,3,3,2,0,1,0,0,0,7.848017390000052,51.62078770900007
2024,6,18,7,3,3,6,0,1,1,0,0,7.625396480000063,51.93543770800005
2024,6,21,7,3,9,1,0,1,0,0,0,7.64806694300006,51.98855589300007
2024,6,12,7,3,5,2,0,1,1,0,0,7.646712742000034,51.96356828100005
2024,6,16,7,3,3,6,0,1,1,0,0,6.955247430000043,50.958151273000055
2024,6,22,7,2,9,1,2,1,0,0,0,6.940995705000034,50.95377735100004
2024,6,12,7,3,0,1,0,1,0,0,0,6.931372619000058,50.92265800300004
2024,6,13,6,3,5,3,0,1,1,0,0,7.613477608000039,51.974304172000075
2024,6,12,6,3,6,4,0,1,0,1,0,7.621182298000065,51.97465106200008
2024,6,7,6,3,5,3,0,1,1,0,0,7.697606378000046,51.92461074100004
2024,6,20,6,3,2,6,1,1,0,0,0,6.953049837000037,50.94940399600006
2024,6,3,6,3,0,1,2,1,0,0,0,7.810743071000047,51.68200693800003
2024,6,13,5,3,5,2,0,1,1,0,0,7.613828290000072,51.93973878600008
2024,6,12,5,3,5,2,0,1,0,0,0,7.61948502100006,51.953029826000034
2024,6,15,5,3,0,5,0,1,1,1,0,7.011738146000027,50.939474536000034
2024,6,17,5,3,0,6,0,1,1,0,0,6.946214581000049,50.98583991800007
2024,6,8,5,3,5,3,0,1,0,0,0,6.929656317000024,50.92570154600003
2024,6,18,5,3,0,2,0,1,0,0,0,6.963007056000038,50.93498896800003
2024,6,16,5,3,5,3,0,1,1,0,0,7.842807601000061,51.70110630700003
2024,6,20,4,3,2,1,0,1,1,0,0,7.634371968000039,51.92527641200007
2024,6,7,4,3,5,3,0,1,1,0,0,7.728349991000073,51.92130414500008
2024,6,0,4,2,0,1,2,1,0,0,0,7.659143252000035,51.96744135300003
2024,6,7,4,3,0,3,0,1,1,0,0,6.967843712000047,50.90410871300003
2024,6,17,4,3,4,6,0,1,0,0,0,6.942789320000031,50.93578491400007
2024,6,17,3,3,0,1,0,1,0,0,0,7.605989768000029,51.94960590000005
2024,6,18,3,3,0,2,0,1,0,0,0,7.61752535100004,51.965254806000075
2024,6,10,3,3,0,2,0,1,0,0,1,7.614486724000074,51.953424935000044
2024,7,17,5,3,6,6,0,1,0,1,0,7.633747702000051,51.95316426200003
2024,7,12,5,3,0,1,0,1,0,0,0,7.110212865000051,50.84920343700003
2024,7,19,5,3,4,6,0,1,0,0,0,6.972814982000045,50.92994530000004
2024,7,10,5,2,5,2,0,1,0,0,0,6.953190494000069,50.93525402100005
2024,7,6,5,3,0,3,0,1,1,0,0,7.80032010900004,51.63785348500005
2024,7,21,4,3,6,4,0,1,0,1,0,7.64258602600006,51.95657796800003
2024,7,15,3,3,5,2,0,1,1,0,0,7.632805339000072,51.973084709000034
2024,7,16,3,3,5,3,0,1,1,0,0,7.59652957000003,51.96984409400005
2024,7,9,3,3,4,6,0,1,0,0,0,7.629773442000044,51.98360505000005
2024,7,14,3,3,1,5,0,1,1,0,0,6.927165788000025,50.915592496000045
2024,7,6,3,3,0,4,0,1,0,1,0,6.914158259000033,50.929910566000046
2024,7,21,3,3,7,7,2,1,0,0,0,6.955973577000066,50.93499276400007
2024,7,17,3,3,0,1,0,1,0,0,0,7.701763992000053,51.65928115600008
2024,7,17,2,3,0,3,0,1,1,0,0,7.623247155000058,51.897961233000046
2024,7,19,2,3,4,6,0,1,0,0,0,7.046362712000075,50.92983701700007
2024,7,12,2,3,5,3,0,1,1,0,0,6.93271113000003,50.948519360000034
2024,7,6,2,3,6,6,0,1,0,1,0,6.919861940000033,50.95352124500005
2024,7,7,2,3,5,2,0,1,1,0,0,6.939967205000073,50.93314645600003
2024,7,12,1,3,0,7,0,1,1,0,0,7.650053036000031,51.95497810400008
2024,7,20,1,3,5,3,0,1,1,0,0,6.923483942000075,50.956741726000075
2024,7,9,4,3,5,3,0,1,1,0,0,6.974039447000052,50.910908214000074
2024,7,17,7,3,0,1,0,1,0,0,0,6.915001071000063,50.92033021700007
2024,7,10,7,3,5,3,0,1,1,0,0,7.783829032000028,51.67277192600005
2024,7,11,6,3,0,3,0,1,1,0,0,7.104258088000051,50.86220803800006
2024,7,12,6,3,3,6,0,1,1,0,0,6.914634501000023,50.948517019000064
2024,7,10,6,3,3,2,0,1,1,0,0,6.892042141000047,50.937466122000046
2024,7,9,6,3,4,6,0,1,0,0,0,6.891221838000035,50.92471938700004
2024,7,8,6,3,3,6,0,1,1,0,0,6.957131893000053,50.950867206000055
2024,7,12,5,3,0,3,0,1,1,0,0,7.804838164000046,51.67190169300005
2024,7,17,5,3,0,3,0,1,1,0,0,7.629457104000039,51.94446825300008
2024,7,10,5,2,0,1,0,1,0,0,0,7.612536660000046,52.00537252700008
2024,7,18,5,3,5,2,0,1,1,0,0,6.996748966000041,50.99842716400008
2024,7,20,5,3,0,1,0,1,0,0,0,6.915014911000071,50.92031431200007
2024,7,17,5,3,1,7,0,1,0,0,0,6.96299063400005,50.92809590000007
2024,7,10,4,2,1,5,0,1,1,0,0,6.953689629000053,50.96466855700004
2024,7,12,4,3,3,6,0,1,0,0,0,6.90227152600005,50.93705056600004
2024,7,14,4,3,0,2,0,1,1,0,0,6.969595570000024,50.883061518000034
2024,7,12,3,3,0,1,0,1,0,0,0,6.97719489900004,50.933704754000075
2024,7,11,3,3,0,7,0,1,0,0,0,6.913488846000064,50.94674600400003
2024,7,11,3,2,0,1,0,1,0,0,0,7.802791122000031,51.67150056300005
2024,7,14,2,2,0,6,0,1,0,0,0,7.604558202000021,51.92559546900003
2024,7,16,2,3,5,3,0,1,1,0,0,7.662117916000057,51.994899743000076
2024,7,6,2,3,0,1,0,1,0,0,0,7.640778758000067,51.97111777900005
2024,7,23,7,3,0,1,2,1,0,0,0,7.057527938000021,50.97402688300008
2024,7,17,2,3,0,1,0,1,0,0,0,6.920224241000028,50.953794506000065
2024,7,17,2,3,6,7,0,1,0,1,0,6.916506961000039,50.930835486000035
2024,7,17,2,3,0,1,0,1,0,0,0,6.916582861000052,50.905398889000026
2024,7,15,2,2,5,3,0,1,1,0,0,6.923747427000023,50.91232637400003
2024,7,0,2,3,7,1,2,1,0,0,0,7.763038627000071,51.663700652000045
2024,6,17,1,3,5,2,0,1,0,0,0,7.625892104000059,51.95572370900004
2024,6,13,1,3,5,3,0,1,1,0,0,6.858494239000038,50.97575920500003
2024,6,2,1,3,0,4,2,1,0,1,0,6.858792942000036,50.93795528000004
2024,7,9,6,3,5,3,0,1,0,0,0,7.836295604000043,51.68196165900008
2024,6,15,7,3,5,2,0,1,1,0,0,6.995040977000031,50.91435895800004
2024,6,22,7,3,1,3,2,1,1,0,0,6.972978982000029,50.93966986200007
2024,6,20,7,3,0,1,1,1,0,0,0,6.940622692000034,50.93110464800003
2024,6,12,7,2,5,2,0,1,1,0,0,7.882555747000026,51.68998188000006
2024,6,9,6,3,1,1,0,1,1,0,0,7.644266568000035,51.962279968000075
2024,6,11,5,3,0,1,0,1,0,0,0,6.953750611000032,50.964362460000075
2024,6,19,5,3,5,2,0,1,1,0,0,6.958704993000026,50.87633651800007
2024,6,19,5,3,0,5,0,1,1,0,0,6.960316324000075,50.92129378300007
2024,8,17,6,3,5,2,0,1,1,0,0,6.950697865000052,50.97389386100008
2024,8,19,6,3,4,6,0,1,0,0,0,6.926191479000067,50.93653316100006
2024,8,19,6,3,5,2,0,1,1,0,0,6.940356684000051,50.93171718900004
2024,8,8,5,3,5,2,0,1,1,0,0,7.607255138000028,51.93218355100004
2024,8,15,5,3,5,3,0,1,1,0,0,7.604619070000069,51.925751931000036
2024,8,13,5,3,5,3,0,1,0,0,1,6.954052432000026,50.96296638700005
2024,7,17,4,3,5,2,0,1,1,0,0,6.97192420600004,50.93944673500005
2024,7,12,4,3,5,3,0,1,1,0,0,6.924086827000053,50.93655695000007
2024,7,16,4,3,0,1,0,1,0,0,0,6.920405684000059,50.95373303200006
2024,8,18,6,3,5,3,0,1,1,0,0,7.768084548000047,51.66548437300003
2024,7,11,3,3,5,2,0,1,1,0,0,7.018338177000032,50.933505394000065
2024,7,16,3,3,0,2,0,1,0,0,1,6.885455141000023,51.02985580200004
2024,7,19,3,3,0,1,0,1,0,0,0,6.859152741000059,50.91541401000006
2024,7,16,3,3,8,1,0,1,0,0,0,6.90094334500003,50.987206411000045
2024,7,17,3,3,5,3,0,1,0,0,0,6.90030544800004,50.93727847400004
2024,7,13,2,2,5,2,0,1,1,0,0,6.871844924000072,51.004619940000055
2024,7,14,2,3,5,2,0,1,1,0,0,6.951389266000035,50.93540693600005
2024,7,1,7,3,0,1,2,1,0,0,0,6.881378236000046,50.93761269400005
2024,7,19,7,3,6,7,0,1,0,1,0,6.956899028000066,50.950206156000036
2024,7,16,6,3,5,3,0,1,1,0,0,7.099764772000071,50.909359221000045
2024,7,19,5,3,5,2,0,1,1,0,0,7.640087698000059,51.948725135000075
2024,7,16,5,3,5,3,0,1,1,0,0,7.616462160000026,51.94922464200005
2024,7,13,5,3,5,2,0,1,1,0,0,7.594397534000052,51.96505409900004
2024,7,16,5,3,0,1,0,1,1,0,0,6.958201231000032,50.957943568000076
2024,7,16,5,3,3,6,0,1,1,0,0,6.955196999000066,50.92296983500006
2024,7,8,5,3,5,5,0,1,1,0,0,6.956189133000066,50.95017035400008
2024,7,10,4,3,1,2,0,1,1,0,0,7.804933989000062,51.91156000400008
2024,7,21,4,3,5,3,2,1,1,0,0,7.830870315000027,51.70475386600003
2024,7,17,3,3,3,2,0,1,0,0,0,7.628926119000027,51.926875583000026
2024,7,12,3,3,5,3,0,1,1,0,0,7.59051392300006,51.973716471000046
2024,7,20,3,3,0,7,0,1,0,0,0,7.083025211000063,50.87606290100007
2024,7,12,3,3,0,1,0,1,0,0,0,7.000345985000024,50.937635224000076
2024,7,19,3,3,4,6,0,1,1,0,0,7.920857692000027,51.63888589800007
2024,7,7,3,3,5,3,0,1,1,0,0,7.829797899000027,51.673680260000026
2024,7,19,2,3,5,3,0,1,1,0,0,6.852065713000059,50.91385483500005
2024,7,13,5,3,0,2,0,1,1,0,0,6.958704993000026,50.87633651800007
2024,7,15,1,3,0,7,0,1,0,0,0,7.637971863000075,51.952984815000036
2024,7,12,1,3,9,6,0,1,0,0,0,7.643569196000044,51.99253096000007
2024,7,13,7,3,5,3,0,1,1,0,0,7.634982973000035,51.959748045000026
2024,7,15,7,3,5,2,0,1,1,0,0,6.974829535000026,50.85695491600006
2024,7,1,6,3,0,4,2,1,0,1,0,7.638168556000039,51.96179334800007
2024,7,15,6,3,5,3,0,1,1,0,0,7.034449446000053,50.96737960400003
2024,7,15,6,3,0,5,0,1,1,0,0,6.982555322000053,50.92211314200006
2024,7,18,6,3,1,5,0,1,1,0,0,6.957283919000076,51.02710601200005
2024,7,9,6,3,5,2,0,1,1,0,0,6.958061954000073,50.95775817100008
2024,7,7,6,3,0,1,0,1,0,0,0,7.869882783000037,51.69597971700006
2024,7,17,5,3,5,2,0,1,1,0,0,7.640087698000059,51.948725135000075
2024,7,12,5,3,1,6,0,1,0,0,0,7.629867600000068,51.964169440000035
2024,7,11,5,3,5,2,0,1,0,0,0,7.634842306000053,51.970578543000045
2024,7,12,5,3,0,1,0,1,0,0,0,6.940622809000047,50.93110438000008
2024,7,14,6,2,0,5,0,1,1,0,0,7.623696488000064,51.946913117000065
2024,8,18,5,3,5,2,0,1,1,0,0,7.000345985000024,50.937635224000076
2024,7,5,4,2,5,3,0,1,0,0,0,7.880157732000043,51.69006008700006
2024,7,12,3,3,5,3,0,1,1,0,0,7.096426883000049,50.92344545800006
2024,7,12,3,3,5,3,0,1,1,0,0,6.999436636000041,50.98600276800005
2024,7,16,2,3,5,3,0,1,1,0,0,7.07801981800003,50.92337755600005
2024,7,19,2,3,5,3,0,1,1,0,0,6.971690246000037,50.93850355100005
2024,7,18,1,2,0,1,0,1,0,0,0,6.935701152000036,51.03824990600003
2024,7,20,7,3,0,2,0,1,1,0,0,7.096105347000048,50.94814943400007
2024,7,1,7,3,5,2,2,1,1,0,0,6.927873996000073,50.95970488100005
2024,7,2,7,2,0,1,2,1,0,0,0,6.929943175000062,50.925184785000056
2024,7,23,7,3,4,2,2,1,1,0,0,6.953088211000022,50.93510901800005
2024,7,10,6,3,3,6,0,1,1,0,0,7.055590928000072,50.89141186000006
2024,7,1,1,3,6,6,2,1,0,1,0,7.636267882000027,51.95217059200007
2024,7,15,6,3,5,3,0,1,1,0,0,7.623126886000023,51.94426206600008
2024,8,12,4,2,5,3,0,1,1,0,0,7.630010664000054,51.94494953200007
2024,8,11,4,3,0,6,0,1,0,0,0,6.996693267000069,50.93731218500005
2024,8,8,3,2,1,1,0,1,0,0,0,7.626622989000055,51.931848666000064
2024,8,12,3,3,6,4,0,1,0,1,0,6.937865976000069,50.96761738200007
2024,8,17,2,3,0,6,0,1,1,0,0,7.706721119000065,51.91152112000003
2024,8,17,2,3,5,3,0,1,1,0,0,7.615799693000042,51.939659894000044
2024,8,18,2,3,4,2,0,1,0,0,1,6.989858219000041,50.89685440800008
2024,8,7,2,3,5,2,0,1,1,0,0,6.856762591000063,50.92029699300008
2024,8,12,1,3,8,1,0,1,0,0,0,7.701906159000032,51.983943974000056
2024,8,16,1,3,0,1,0,1,0,0,0,6.943518923000056,50.989636888000064
2024,8,16,1,3,0,1,0,1,0,0,0,6.888449668000021,50.929397925000046
2024,8,12,7,3,4,6,0,1,0,0,0,7.63333411800005,51.92523365100004
2024,8,15,7,3,5,3,0,1,1,0,0,7.095516204000035,50.92493695400003
2024,8,12,7,3,5,3,0,1,1,0,0,6.870027048000054,50.92297171000007
2024,8,18,6,3,0,1,0,1,0,0,0,7.64147889700007,51.94802127200006
2024,8,9,6,2,5,3,0,1,1,0,0,7.635036132000039,51.960005799000044
2024,8,16,6,3,5,2,0,1,1,0,0,7.016693715000031,50.95083774400007
2024,8,9,5,3,2,1,0,1,0,0,0,6.973394036000059,50.93978017900008
2024,8,15,5,3,5,2,0,1,1,0,0,7.033083481000062,50.96710044300005
2024,8,18,5,3,5,3,0,1,1,0,0,6.873981117000028,50.983170424000036
2024,8,17,5,2,4,6,0,1,0,0,0,6.963090196000053,50.94465786600006
2024,8,8,3,3,5,6,0,1,1,0,0,6.932621428000061,50.93656096800004
2024,8,11,2,3,5,3,0,1,1,0,0,7.638150773000064,51.902467846000036
2024,8,21,4,3,0,1,2,1,0,0,0,7.03716363500007,50.930688374000056
2024,8,9,4,3,5,2,0,1,1,0,0,7.828317751000043,51.66999966600008
2024,8,22,1,3,0,7,2,1,0,0,0,7.643032037000069,51.977804786000036
2024,8,16,3,2,6,7,0,1,0,1,0,7.609109361000037,51.94043029000005
2024,8,19,3,3,0,4,0,1,0,1,0,7.633369386000027,51.95337771800007
2024,8,0,3,3,5,3,0,1,1,0,0,6.942558911000049,50.935920656000064
2024,8,12,3,3,5,2,0,1,1,0,0,6.921042988000067,50.91427221500004
2024,8,12,3,3,3,6,0,1,0,0,0,6.948516227000027,50.93633368800005
2024,8,18,2,3,5,6,0,1,0,0,0,7.631751888000053,51.91933107400007
2024,8,9,2,3,5,3,0,1,1,0,0,7.567714328000022,51.95574645700003
2024,8,19,2,3,0,5,0,1,0,0,0,7.043039428000043,51.00385817600005
2024,8,11,4,2,9,1,0,1,0,0,0,6.970650569000043,50.93641656800003
2024,8,11,1,2,0,1,0,1,0,0,0,7.600565523000057,52.023710761000075
2024,8,4,1,3,0,1,2,1,0,0,0,7.703410044000066,51.98032437300003
2024,8,21,1,3,5,2,1,1,1,0,0,6.926760321000074,50.942671749000056
2024,8,13,1,3,1,3,0,1,1,0,0,6.971583986000041,50.937868578000064
2024,8,13,7,3,0,1,0,1,0,0,0,7.643910786000049,51.95359858100005
2024,8,13,7,3,0,1,0,1,0,0,0,6.963183667000067,50.93634695000003
2024,8,11,3,3,3,6,0,1,0,0,0,6.917614938000042,50.95116180600007
2024,8,1,1,2,9,1,2,1,0,0,0,7.781323193000048,51.69863815700006
2024,8,16,6,3,5,3,0,1,1,0,0,7.617225283000039,51.89505108100008
2024,8,16,3,3,3,2,0,1,1,0,0,7.626586571000075,51.93193710000003
2024,8,12,3,3,1,7,0,1,1,0,0,7.606230315000062,51.949441583000066
2024,8,7,3,3,5,2,0,1,1,0,0,7.627254438000023,51.943252587000075
2024,8,8,3,3,0,3,0,1,1,0,0,7.076473838000027,50.94511920100007
2024,8,7,3,3,1,5,1,1,1,0,0,7.040238771000077,50.96856110200008
2024,8,16,3,3,5,2,0,1,1,0,0,6.955696110000076,50.95718991600006
2024,8,9,3,3,5,2,0,1,1,0,0,6.924331771000027,50.93655305900006
2024,8,17,3,3,3,6,0,1,0,0,0,6.985094561000039,50.900174185000026
2024,8,18,3,3,7,1,0,1,0,0,0,6.966846021000038,50.92320320200008
2024,8,11,3,3,0,7,0,1,0,0,0,7.829777838000041,51.699790101000076
2024,8,18,3,3,5,3,0,1,1,0,0,7.83950173900007,51.68765679400008
2024,8,11,2,3,0,7,0,1,0,0,0,7.728476561000036,51.92130115200007
2024,8,11,2,3,0,7,0,1,0,0,0,7.602633241000035,51.97580206300006
2024,8,17,2,3,5,3,0,1,1,0,0,7.013360183000032,50.97449713100008
2024,8,12,1,3,0,1,0,1,0,0,0,7.014720470000043,50.97530313300007
2024,8,21,1,2,0,1,2,1,0,0,0,6.939593141000046,50.927255968000054
2024,8,11,7,3,3,7,0,1,0,0,0,7.62530160600005,51.935819465000066
2024,8,13,3,3,3,6,0,1,1,0,0,6.932924664000041,50.92072295100007
2024,8,10,7,3,3,3,0,1,0,0,0,7.048946654000076,50.97096259400007
2024,8,14,7,3,0,5,0,1,1,0,0,6.938066997000021,50.92580458100008
2024,8,8,6,3,5,3,0,1,0,0,0,7.597371519000035,51.92912718900004
2024,8,19,6,3,5,2,0,1,0,0,0,7.015506293000044,50.975688234000074
2024,8,22,6,2,8,1,2,1,1,0,0,6.987624068000059,50.889565040000036
2024,8,15,5,3,0,3,0,1,0,0,0,7.634099871000046,51.96984964100005
2024,8,10,5,3,5,3,0,1,1,0,0,7.042200921000074,50.96896341200005
2024,8,16,5,3,0,1,0,1,1,0,0,6.982172950000063,50.94383825800003
2024,8,12,5,3,0,5,0,1,1,0,0,6.956904864000023,51.02752115200008
2024,8,13,5,3,5,3,0,1,1,0,0,6.932769828000062,50.92094532500005
2024,8,13,5,3,5,3,0,1,0,0,0,6.946960624000042,50.93568075700006
2024,8,11,5,3,4,2,0,1,1,0,0,7.823311775000036,51.674495370000045
2024,8,13,4,3,5,2,0,1,1,0,0,7.60195918200003,51.93535956900007
2024,8,12,4,3,3,2,0,1,1,0,0,7.64702386700003,51.96374395000004
2024,8,7,4,2,2,7,0,1,0,0,0,7.595339108000076,51.92956206300005
2024,8,9,4,2,5,3,0,1,1,0,0,6.940176075000068,50.96823163500005
2024,8,17,4,2,0,1,0,1,0,0,0,6.85508405500002,50.91995696100008
2024,8,14,4,3,5,2,0,1,1,0,0,6.901537821000034,50.92633810700005
2024,8,8,4,3,3,6,0,1,1,0,0,6.939220792000071,50.93467551100008
2024,8,7,4,3,0,1,0,1,0,0,0,6.93921847200005,50.93468440800007
2024,8,12,3,3,5,3,0,1,1,0,0,7.594514555000046,51.988542238000036
2024,8,10,3,2,3,3,0,1,1,0,0,7.694088504000035,51.989547747000074
2024,8,11,3,3,3,6,0,1,1,0,0,7.082908117000045,50.94654389100003
2024,8,17,3,3,6,7,0,1,0,1,0,6.953889811000067,50.96368989200005
2024,8,14,5,3,5,3,0,1,1,0,0,7.054099088000044,50.88903671300005
2024,8,18,6,2,0,1,0,1,0,0,0,7.700806782000029,51.92204832400006
2024,8,8,3,3,0,1,0,1,0,0,0,7.798543669000026,51.65534473500003
2024,8,16,2,3,5,7,0,1,1,0,0,7.629331321000052,51.92593067000007
2024,8,17,2,3,5,2,0,1,1,0,0,6.994221882000033,50.93716642000004
2024,8,7,2,3,0,7,0,1,0,0,0,6.990135008000038,50.93671405500004
2024,8,11,2,3,0,1,0,1,0,0,0,6.863016401000039,51.063413239000056
2024,8,10,2,3,0,1,0,1,0,0,0,6.920367141000042,50.95369481700004
2024,8,7,2,3,5,3,0,1,1,0,0,6.867575282000075,50.922474556000054
2024,8,20,1,3,5,3,1,1,1,0,0,7.636162325000043,51.952862527000036
2024,8,11,4,3,5,2,0,1,1,0,0,6.897644214000024,51.01879632400005
2024,8,13,7,3,0,7,0,1,0,1,0,7.636596351000037,51.95914888000004
2024,8,10,7,3,0,1,0,1,0,0,0,7.02219535200004,50.98003311200006
2024,8,10,7,3,0,1,0,1,0,0,0,7.054195718000074,50.979312581000045
2024,8,18,7,3,3,6,0,1,1,0,0,6.94113310900002,50.94383798500007
2024,8,17,2,3,2,6,0,1,1,0,0,6.98440817900007,50.895815679000066
2024,8,17,6,3,1,5,0,1,1,0,0,7.005109252000068,50.93829905300004
2024,8,15,6,3,0,2,0,1,1,0,0,6.91280026000004,50.93678718400008
2024,8,14,6,3,0,1,0,1,1,0,0,6.91324550500002,50.922784738000075
2024,8,19,5,3,6,4,0,1,0,1,0,7.638132196000072,51.95854660300006
2024,8,16,5,3,3,6,0,1,1,0,0,7.715161178000074,51.93864438600008
2024,8,17,5,2,0,1,0,1,0,0,0,7.639185935000057,51.96175097300005
2024,8,16,5,3,0,2,0,1,1,0,0,7.640776257000027,51.97120043700005
2024,8,13,5,3,5,3,0,1,1,0,0,7.601959184000066,51.93535957000006
2024,8,12,5,3,5,3,0,1,1,0,0,7.629139771000041,51.926378699000054
2024,8,16,5,2,4,6,0,1,0,0,0,7.039834154000062,50.92970999100004
2024,8,21,5,3,0,1,2,1,0,0,0,6.941060881000055,50.95378373600005
2024,8,15,5,3,0,3,0,1,1,0,0,6.960781331000021,50.93556744600005
2024,8,22,1,3,4,1,2,1,0,0,0,7.632586116000027,51.96253918000008
2024,8,23,2,3,4,6,2,1,0,0,0,6.960032696000042,50.92973729700003
2024,9,14,6,2,1,5,0,1,1,0,0,7.62505580100003,51.951151018000076
2024,9,10,6,1,0,1,0,1,0,0,0,7.07837481100006,50.88109781300005
2024,9,17,6,3,4,6,0,1,0,0,0,6.957883821000053,50.957696362000036
2024,9,12,6,3,0,7,0,1,0,0,0,7.809400208000056,51.69032318600006
2024,9,5,6,2,2,6,2,1,1,0,0,7.823957569000072,51.668331170000044
2024,9,16,5,3,5,7,0,1,0,0,0,7.647124772000041,51.95526188800005
2024,9,19,4,3,4,2,1,1,0,0,0,7.656607510000072,51.93644577100008
2024,9,16,4,2,0,7,0,1,0,1,0,7.669705513000054,51.92896857000005