UJAHR,UMONAT,USTUNDE,UWOCHENTAG,UKATEGORIE,UART,UTYP1,ULICHTVERH,IstRad,IstPKW,IstFuss,IstKrad,XGCSWGS84,YGCSWGS84
2024,9,18,4,3,3,6,0,1,1,0,0,7.636861315000033,51.95096459100006
2024,9,11,4,3,5,3,0,1,1,0,0,7.703410044000066,51.98032437300003
2024,9,5,4,3,6,6,2,1,0,1,0,6.942110180000043,50.99119796000008
2024,9,19,4,3,3,6,0,1,1,0,0,6.960024504000046,50.935323968000034
2024,9,11,3,3,5,2,0,1,0,0,0,7.059470238000074,50.97472482100005
2024,9,17,3,3,5,3,0,1,1,0,0,6.92004518300007,50.95367007200008
2024,9,16,3,3,0,1,0,1,0,0,0,6.926597382000068,50.94268752200003
2024,9,18,3,3,0,7,0,1,0,0,0,6.892531910000059,50.93727836700003
2024,9,16,3,3,5,3,0,1,1,0,0,6.921594863000053,50.85454951300005
2024,9,7,3,3,4,2,0,1,1,0,0,7.838635467000074,51.65438523000006
2024,9,22,2,3,0,1,2,1,0,0,0,7.639509147000069,51.900767717000065
2024,9,16,2,3,0,1,0,1,0,0,0,7.608994802000041,51.88002634500003
2024,9,16,2,3,3,2,0,1,1,0,0,7.623743413000057,51.96594725600005
2024,9,14,2,3,0,1,0,1,0,0,0,7.542151042000057,51.92477514600006
2024,9,10,2,2,5,3,0,1,0,0,0,6.912278699000069,50.99986310300005
2024,9,8,2,3,5,3,0,1,1,0,0,6.924268644000051,50.936757768000064
2024,9,18,2,3,7,7,0,1,0,0,0,7.615290056000049,51.967104472000074
2024,9,10,2,2,5,3,0,1,1,0,0,7.826379509000049,51.651346782000076
2024,9,1,1,2,0,7,2,1,0,0,0,7.63829393900005,51.95848247400005
2024,9,10,1,2,0,4,0,1,0,1,0,6.963261841000076,50.94552115300007
2024,9,16,7,3,3,6,0,1,0,0,0,7.605875294000043,51.96615746500004
2024,9,13,7,3,5,3,0,1,1,0,0,7.082648557000027,50.92177736100007
2024,9,21,6,3,3,2,2,1,1,0,0,7.645491714000059,51.945186041000056
2024,9,21,6,3,6,6,2,1,0,1,0,6.997806202000049,50.99474471700006
2024,9,7,6,3,5,2,0,1,1,0,0,6.910616834000052,50.93971905300003
2024,9,15,6,3,0,1,0,1,0,0,0,6.976539798000033,50.84258606900005
2024,9,14,6,3,4,6,0,1,0,0,0,6.966459600000064,50.95014484200004
2024,9,12,6,3,0,3,0,1,1,0,0,7.612350699000046,51.974272033000034
2024,9,8,4,3,0,2,0,1,1,0,0,7.676530055000057,51.957808432000036
2024,9,6,4,3,5,2,0,1,1,0,0,7.659532320000039,51.93440428300005
2024,9,15,4,3,0,1,0,1,0,0,0,7.003927726000029,50.961959352000065
2024,9,13,4,3,0,1,0,1,0,0,0,6.932393304000072,50.93656032300004
2024,9,11,4,3,5,3,0,1,1,0,0,7.813055985000062,51.67857291000007
2024,9,8,4,3,5,3,0,1,1,0,0,7.821885292000047,51.69496170300005
2024,9,15,3,3,3,5,0,1,1,0,0,7.606584941000051,51.97353469700005
2024,9,16,3,3,4,6,0,1,0,0,0,6.938831643000071,50.953412005000075
2024,9,17,2,3,5,2,0,1,1,0,0,7.607716366000034,51.97398334600007
2024,9,7,2,3,0,7,0,1,0,0,0,7.05212692300006,50.88963547700007
2024,9,16,1,3,0,7,0,1,1,0,0,7.626168162000056,51.95468817600005
2024,9,23,1,2,0,7,2,1,0,0,0,6.911491276000049,50.924723983000035
2024,8,12,7,3,5,2,0,1,0,0,0,6.846979092000026,50.97945187000005
2024,8,21,7,3,4,2,2,1,1,0,0,6.957620859000031,50.935319958000036
2024,8,12,7,3,3,2,0,1,0,0,1,7.836421978000033,51.67321588800007
2024,8,20,6,3,0,1,1,1,0,0,0,7.002513406000048,50.95982313800005
2024,8,19,5,3,3,6,0,1,0,0,0,7.647361345000036,51.96295571400003
2024,8,21,5,3,6,4,2,1,0,1,0,7.783108620000064,51.688659091000034
2024,8,15,4,3,5,7,0,1,1,0,0,7.671832793000021,51.92462167300005
2024,8,13,4,3,5,3,0,1,1,0,0,7.646803915000021,51.99285224400006
2024,8,7,4,3,6,5,0,1,0,1,0,7.624455877000059,51.93895718500005
2024,8,10,4,3,6,4,0,1,0,1,0,6.924014076000049,50.93655784100008
2024,8,19,4,3,5,3,0,1,0,0,1,6.928868936000072,50.91687268100003
2024,9,16,5,3,0,1,0,1,0,0,0,6.974710278000032,50.93159334500007
2024,9,6,4,3,4,6,2,1,0,0,0,7.596590681000066,51.890689991000045
2024,9,13,3,3,5,2,0,1,0,0,0,6.920324005000055,50.932095325000034
2024,9,10,3,3,0,1,0,1,0,0,0,6.94061038600006,50.93113298700007
2024,9,14,2,3,5,3,0,1,1,0,0,7.778024161000076,51.69158218300004
2024,9,11,1,3,3,2,0,1,0,0,0,7.098148070000036,50.91971543200003
2024,9,13,1,3,0,7,0,1,0,1,0,6.978106351000065,50.95293311300003
2024,9,20,1,3,0,5,2,1,1,0,0,6.956376612000042,50.95583830100003
2024,9,15,1,3,2,6,0,1,1,0,1,6.962506562000044,50.930071042000066
2024,9,20,6,3,3,2,2,1,1,0,0,7.578833857000063,51.93435002700005
2024,9,18,6,3,5,2,0,1,0,0,0,7.058568301000037,50.89734969600005
2024,9,6,6,3,5,3,1,1,1,0,0,6.982329457000048,50.96279081100005
2024,9,0,6,3,1,5,2,1,1,0,0,6.939423701000067,50.93851068600003
2024,9,10,6,3,5,3,0,1,1,0,0,7.80610781200005,51.67232661500003
2024,9,16,5,3,3,1,0,1,0,0,0,7.625805533000062,51.933971987000064
2024,9,16,5,3,5,3,0,1,1,0,0,6.969116313000029,50.95582432900005
2024,9,18,5,3,5,2,0,1,1,0,0,6.925659826000071,50.936741776000076
2024,9,16,5,3,2,6,0,1,0,0,0,6.988925018000032,50.897713870000075
2024,9,15,5,3,5,2,0,1,1,0,0,6.980742687000031,50.898001488000034
2024,9,13,5,3,5,2,0,1,1,0,0,6.910472389000063,50.92844725800006
2024,9,7,4,3,5,3,0,1,1,0,0,7.082562271000029,50.92175463900003
2024,9,10,4,3,0,1,0,1,0,0,0,7.012780302000067,50.95640585400008
2024,9,16,4,2,6,4,0,1,0,1,0,6.954052432000026,50.96296638700005
2024,9,17,4,3,0,6,0,1,0,0,0,6.927635987000031,50.93651518000007
2024,9,14,4,3,5,3,0,1,0,0,0,6.870783125000059,50.93778940400006
2024,9,16,4,3,1,7,0,1,1,0,0,6.981297953000023,50.903258924000056
2024,9,17,4,2,6,7,0,1,0,1,0,6.938391713000044,50.930777155000044
2024,9,10,4,3,5,3,0,1,1,0,0,6.963279054000054,50.93365594800008
2024,9,8,4,3,3,2,0,1,1,0,0,6.940325674000064,50.93569947600008
2024,9,8,4,3,7,1,0,1,0,0,0,6.965830082000025,50.92468364000007
2024,9,16,3,3,0,1,0,1,0,0,0,7.043026974000043,50.89627418500004
2024,9,13,3,3,0,1,0,1,0,0,0,7.000816930000042,50.93771173600004
2024,9,9,3,3,5,3,0,1,0,0,1,6.973149871000032,50.92977401700006
2024,9,9,3,3,5,2,0,1,0,0,0,6.910667059000048,50.93976645200007
2024,9,14,2,3,2,1,0,1,1,0,0,6.97872142600005,50.924957144000075
2024,9,14,2,3,0,1,0,1,0,0,0,6.940628858000025,50.99268917400008
2024,9,16,2,3,6,3,0,1,0,1,0,6.981172678000064,50.90336914800008
2024,9,14,2,3,0,1,0,1,0,0,0,6.915382043000022,50.92035489800003
2024,9,9,2,3,1,5,0,1,1,0,0,6.907885444000044,50.93541595100004
2024,9,15,3,3,0,1,0,1,0,0,0,6.930153279000024,50.91842324800007
2024,9,23,7,2,0,3,2,1,1,0,0,7.617012387000045,51.966364310000074
2024,9,7,7,3,0,2,0,1,1,0,0,7.606570688000033,51.88269578100005
2024,10,22,4,3,5,2,2,1,1,0,0,7.645744344000036,51.95549979200007
2024,10,17,4,3,0,2,0,1,1,0,0,7.638076735000027,51.95299092800008
2024,10,7,4,3,5,3,0,1,1,0,0,7.04696668400004,50.94227701600005
2024,10,18,4,3,5,2,2,1,1,0,0,6.954052432000026,50.96296638700005
2024,10,17,4,3,0,2,0,1,1,0,0,6.939513801000032,50.93880149700004
2024,10,19,3,3,1,6,2,1,0,0,0,7.618115530000068,51.97451308400008
2024,10,14,3,3,0,6,0,1,1,0,0,7.011452099000053,50.957321422000064
2024,10,17,3,3,1,5,0,1,1,0,0,6.944184463000056,50.93591591900008
2024,10,17,2,3,2,6,0,1,0,0,1,7.643113659000051,51.961934635000034
2024,10,19,2,3,6,7,2,1,0,1,0,7.637451501000044,51.95881955600004
2024,10,16,2,3,5,2,0,1,1,0,0,7.584208273000058,51.92689463200003
2024,10,16,2,3,6,4,0,1,0,1,0,7.013460355000063,50.963092621000044
2024,10,18,1,3,5,2,0,1,1,0,0,7.61524270600006,51.99321440300008
2024,10,14,1,3,0,5,0,1,1,0,0,7.012934182000038,50.93561218000008
2024,10,19,1,3,9,1,2,1,0,0,0,6.871882650000032,51.00461411800006
2024,10,6,1,3,0,1,2,1,0,0,0,6.952579910000054,50.92410763600003
2024,10,21,4,3,5,2,2,1,1,0,0,7.611257520000038,51.98812253600005
2024,10,16,7,3,5,2,0,1,1,0,0,6.891935735000061,50.992082966000055
2024,10,14,7,3,0,1,0,1,0,0,0,6.965672063000056,50.92484798100003
2024,10,14,2,3,0,2,0,1,1,0,0,7.632689824000067,51.95372728900003
2024,10,15,6,3,5,3,0,1,0,0,0,7.647468894000042,51.96263813100006
2024,10,23,6,2,0,1,2,1,0,0,0,7.084382524000034,50.94683963500006
2024,10,13,6,3,2,6,0,1,0,0,0,7.022179201000029,50.98002118100004
2024,10,16,5,3,5,3,0,1,0,0,0,7.641745588000049,51.89794741400004
2024,10,16,5,3,0,1,0,1,0,0,0,6.970927981000045,50.954248697000025
2024,10,15,4,3,0,1,0,1,0,0,0,7.718459451000058,51.916092813000034
2024,10,16,4,3,5,3,0,1,0,0,0,7.631275540000047,51.948138132000054
2024,10,17,4,3,0,7,0,1,1,0,0,7.041414477000046,50.96880220000003
2024,10,23,4,3,5,3,2,1,1,0,0,6.925445785000022,50.93973755300004
2024,10,17,4,2,5,3,0,1,1,0,0,7.800862045000031,51.65143599400005
2024,10,17,3,3,2,6,0,1,1,0,0,7.625881806000052,51.955794541000046
2024,10,7,3,3,0,3,0,1,1,0,0,7.822393377000026,51.61894887600005
2024,9,13,2,3,3,2,0,1,1,0,0,7.629239862000077,51.944304189000036
2024,9,8,2,3,5,2,0,1,1,0,0,7.645218509000074,51.904249022000045
2024,10,23,5,3,0,6,2,1,0,1,0,7.615407001000051,51.94823239500005
2024,9,13,1,3,5,2,0,1,1,0,0,7.669050708000043,51.90606475100003
2024,9,20,1,3,3,5,0,1,1,0,0,6.938999749000061,50.93615275700006
2024,9,10,7,3,3,6,0,1,1,0,0,7.625813117000064,51.95571603500008
2024,9,12,6,3,3,6,0,1,0,0,0,7.623387770000022,51.94591678900008
2024,9,18,6,3,3,2,0,1,1,0,0,7.106220017000055,50.859127271000034
2024,9,2,6,3,5,3,2,1,1,0,0,7.020514309000021,50.94823951400008
2024,9,15,6,3,6,2,0,1,0,1,0,7.011441237000042,50.95732917000004
2024,9,12,6,3,3,2,0,1,0,0,0,6.939219881000042,50.934679008000046
2024,9,16,6,3,0,5,0,1,1,0,0,7.828087018000076,51.67017707300005
2024,9,22,5,3,5,2,2,1,1,0,0,7.579264415000068,51.925290207000046
2024,9,11,5,3,5,2,0,1,1,0,0,7.64702386700003,51.96374395000004
2024,9,8,5,3,5,3,0,1,1,0,0,7.014452500000061,50.93375947100003
2024,9,7,5,3,5,3,0,1,1,0,0,7.049288751000063,50.87140644600004
2024,9,20,5,3,1,6,2,1,1,0,0,6.971445515000028,50.90474013200003
2024,10,7,3,3,5,2,1,1,1,0,0,6.975180563000038,50.93985146700004
2024,9,7,5,3,5,3,1,1,1,0,0,7.760078002000057,51.71021082000004
2024,9,16,4,3,5,3,0,1,1,0,0,7.570247594000023,51.92494277800006
2024,9,15,4,3,5,3,0,1,0,0,0,7.711081167000032,51.917304010000066
2024,9,16,4,3,0,1,0,1,0,0,0,6.991956717000051,50.915794076000054
2024,9,9,4,3,6,6,0,1,0,1,0,7.00700542800007,50.97038670500007
2024,9,13,6,3,2,6,0,1,0,0,0,7.634854485000062,51.95297715500004
2024,9,20,3,3,4,3,2,1,1,0,0,7.532376225000064,51.95410415200007
2024,10,15,3,3,7,7,0,1,0,0,0,6.962714821000077,50.93099486300008
2024,10,12,3,3,5,2,0,1,0,0,0,6.939221973000031,50.93467098200006
2024,10,8,2,2,3,6,0,1,1,0,0,7.714130632000035,51.98887704900005
2024,10,16,2,3,3,5,0,1,1,0,0,7.002862664000077,50.937941832000035
2024,10,16,2,3,0,5,0,1,1,0,0,6.953952223000044,50.96342476800004
2024,10,6,2,3,0,1,2,1,0,0,0,6.943872147000036,50.97034447900006
2024,10,16,2,3,1,5,0,1,1,0,0,6.950628892000054,50.94852642300003
2024,10,19,1,3,5,2,2,1,1,0,0,7.647508361000064,51.955197302000045
2024,10,15,1,3,5,3,0,1,1,0,0,7.614479157000062,52.00186878900007
2024,10,11,1,3,5,2,0,1,1,0,0,7.047490013000072,50.992838161000066
2024,10,19,7,3,5,3,2,1,1,0,0,7.611648740000021,51.842313886000056
2024,10,12,7,3,6,4,0,1,0,1,0,7.598049780000053,51.94294949200008
2024,10,18,7,3,0,1,2,1,0,0,0,7.010814420000031,50.957776410000065
2024,10,1,7,3,0,1,2,1,0,0,0,7.084147772000051,50.92210335100003
2024,10,14,7,3,0,1,0,1,0,0,0,6.938996404000022,50.93620463800005
2024,10,15,6,2,0,1,0,1,0,0,0,7.614380819000075,51.94979456400006
2024,10,9,6,3,0,2,0,1,1,0,0,7.641049864000024,51.90356642900008
2024,10,14,6,3,5,2,0,1,0,0,0,6.956656701000043,50.95526134900007
2024,10,14,6,3,4,6,0,1,0,0,0,6.991054869000038,50.96569793400005
2024,10,16,6,3,5,2,0,1,1,0,0,6.928614953000022,50.95993821500008
2024,10,15,6,3,4,2,0,1,1,0,0,7.842266351000035,51.68852343300006
2024,10,16,5,3,4,6,0,1,0,0,0,7.615243280000072,51.94803078000007
2024,10,9,5,3,5,3,0,1,1,0,0,7.083494416000065,50.86955253200006
2024,10,18,4,2,0,1,1,1,0,0,0,6.94062907700004,50.931089944000064
2024,10,16,4,3,1,5,0,1,1,0,0,7.017962745000034,50.93352977400008
2024,10,23,4,3,0,1,2,1,0,0,0,7.044193945000075,51.01676194600003
2024,10,7,3,3,5,3,1,1,1,0,0,7.635361672000045,51.99511580700005
2024,10,18,3,3,5,2,0,1,1,0,0,7.018720791000021,50.94020541400005
2024,10,20,3,3,4,6,2,1,0,0,0,6.965852600000062,50.93647096900003
2024,10,21,3,3,3,2,2,1,1,0,0,6.888935132000029,50.937556810000046
2024,10,12,3,3,5,2,0,1,1,0,0,6.900362545000064,50.937277220000055
2024,10,8,3,3,0,3,0,1,1,0,0,6.925706915000035,50.93674108600004
2024,10,7,3,3,4,1,2,1,0,0,0,6.84949141900006,50.97855355400003
2024,10,1,3,3,0,1,2,1,0,0,0,6.920211678000044,50.953781380000066
2024,10,15,3,3,0,1,0,1,0,0,0,7.053004356000031,50.87774370400007
2024,10,12,3,2,5,3,0,1,1,0,0,6.924695972000052,50.93351953800004
2024,10,16,3,3,2,6,0,1,1,0,0,7.75995993500004,51.647221923000075
2024,10,17,1,3,3,6,0,1,0,0,0,6.964005319000023,50.946678416000054
2024,10,22,7,3,1,5,2,1,1,0,0,7.641426717000058,51.94805110000004
2024,10,14,7,2,5,3,0,1,1,0,0,6.85176245100007,51.04885038300006
2024,10,2,7,3,0,1,2,1,0,0,0,6.980118840000046,50.89048302400005
2024,10,13,6,3,5,3,0,1,1,0,0,7.623988952000047,51.941501781000056
2024,10,6,6,3,5,3,2,1,1,0,0,7.662117916000057,51.994899743000076
2024,10,16,7,2,0,1,0,1,0,0,0,6.971941752000021,50.91384266600005
2024,10,18,6,3,2,2,0,1,0,0,0,6.954207475000032,50.93510547300008
2024,10,14,5,3,5,7,0,1,1,0,0,7.602513127000066,51.99459578500006
2024,10,20,5,3,1,6,2,1,1,0,0,6.992183007000051,50.91562905600006
2024,10,16,5,3,5,3,0,1,1,0,0,7.08763669800004,50.982164209000075
2024,10,7,5,3,0,1,1,1,0,0,0,7.022183662000032,50.98002447600004
2024,10,10,5,3,5,3,0,1,1,0,0,6.955738982000071,50.95712937300004
2024,10,8,5,3,0,1,0,1,0,0,0,6.965309872000034,50.90369546800008
2024,10,17,4,3,6,4,1,1,0,1,0,7.644986233000054,51.95454014100005
2024,10,16,4,3,0,6,0,1,0,0,0,7.000082339000073,50.870129648000045
2024,10,8,2,3,5,3,0,1,1,0,0,7.647414494000031,51.95902791000003
2024,10,20,2,3,5,2,2,1,1,0,0,7.017245936000052,50.95043702800007
2024,10,10,2,3,5,2,0,1,1,0,0,6.957843410000066,50.95768291400003
2024,10,18,2,3,0,1,0,1,0,0,0,6.898773834000053,50.92608520300007
2024,10,21,2,2,1,5,2,1,1,0,0,6.939137423000034,50.93499509800006
2024,10,19,1,3,2,6,2,1,1,0,0,6.954002105000029,50.92348927300003
2024,10,12,7,3,5,2,0,1,1,0,0,7.665819088000035,51.93017521500008
2024,10,17,6,3,0,3,0,1,1,0,0,6.944472036000036,50.88951645000003
2024,10,16,6,3,5,3,0,1,1,0,0,6.956724250000036,50.903831138000044
2024,10,16,6,3,5,2,0,1,1,0,0,6.913953916000025,50.92153401300004
2024,10,1,6,3,0,1,2,1,0,0,0,6.948884832000033,50.93563250600005
2024,10,18,3,2,6,4,2,1,0,1,0,7.640830318000042,51.95728545400004
2024,10,13,6,3,5,3,0,1,1,0,0,7.642450496000038,51.89544807200008
2024,10,15,5,3,6,6,0,1,0,1,0,7.629030036000074,51.99607697300007
2024,11,17,2,3,2,1,2,1,0,0,0,7.612550691000024,51.97166742100006
2024,11,16,2,2,0,4,0,1,0,1,0,7.699403205000067,51.989089652000075
2024,11,17,2,3,0,3,2,1,1,0,0,7.590202181000052,51.97351992100005
2024,11,12,2,3,0,1,0,1,0,0,0,6.979912990000059,50.94088905500007
2024,11,15,2,3,1,6,0,1,1,0,0,6.947213540000064,50.93011764700003
2024,11,8,2,3,5,3,0,1,1,0,0,6.962832859000059,50.92849847900004
2024,11,17,6,3,0,6,2,1,1,0,0,7.003837037000039,50.938089012000034
2024,11,17,6,3,4,6,2,1,0,0,0,6.963041060000023,50.936173378000035
2024,11,21,6,3,4,6,2,1,0,0,0,6.888217759000042,50.92455520300007
2024,11,12,6,3,0,7,0,1,0,0,0,6.936342090000039,50.90679933200005
2024,11,13,6,3,3,6,0,1,0,0,0,6.935033677000035,50.935429130000045
2024,11,9,5,3,5,3,0,1,1,0,0,7.043801793000057,50.86536700900007
2024,11,16,5,3,1,6,0,1,1,0,0,6.990049107000061,50.89148913100007
2024,11,9,4,3,0,1,0,1,0,0,0,7.627791372000047,51.955796907000035
2024,11,17,4,3,0,1,2,1,0,0,0,6.920415609000031,50.95374285400004
2024,11,18,4,3,5,2,2,1,1,0,0,6.957117828000037,50.92183092100004
2024,11,19,4,3,4,2,2,1,1,0,0,7.783229786000049,51.669236890000036
2024,11,14,3,3,0,4,0,1,0,1,0,7.649958008000056,51.90484604200003
2024,11,7,3,3,4,2,1,1,1,0,0,7.673754171000041,51.93001819300008
2024,11,18,3,3,0,3,2,1,1,0,0,7.012792342000068,50.973957847000065
2024,11,9,3,3,6,4,0,1,1,1,0,6.975673015000041,50.93223070000005
2024,11,8,3,2,5,2,0,1,0,0,0,6.927619194000044,50.91569324200003
2024,11,7,5,3,5,3,0,1,1,0,0,6.942871325000056,50.93578576300007
2024,11,8,2,3,5,3,0,1,0,0,0,7.610622054000032,51.97061712500005
2024,11,15,2,3,1,7,0,1,1,0,0,7.626472843000045,51.95617246100005
2024,11,6,2,3,5,6,2,1,1,0,0,7.588850118000039,51.96527482100004
2024,11,16,2,3,0,5,0,1,1,0,0,7.055583382000066,50.88137472900007
2024,11,17,2,3,5,3,2,1,0,0,0,7.05048769900003,50.971512043000075
2024,11,18,2,3,8,1,2,1,0,0,0,6.89350319600004,50.91611942800006
2024,11,7,6,3,0,3,0,1,1,0,0,7.039504184000066,50.89705908700006
2024,11,15,7,3,3,2,0,1,1,0,0,7.549441855000055,51.98382563000007
2024,11,8,7,3,5,3,0,1,1,0,0,7.00694724300007,50.97094330900006
2024,11,19,7,3,2,6,2,1,1,0,0,6.959022381000068,50.876570334000064
2024,11,12,7,2,6,7,0,1,0,1,0,6.933649656000057,50.92139353500005
2024,11,14,6,3,6,3,0,1,0,1,0,6.939362180000046,50.93831211200006
2024,11,16,6,3,5,2,0,1,0,0,1,6.958694927000067,50.95013569000008
2024,10,16,5,3,3,2,1,1,0,0,0,7.640775564000023,51.97127143600005
2024,10,11,5,3,5,3,0,1,1,0,0,7.06682924100005,50.96799249800006
2024,10,13,5,2,5,3,0,1,1,0,0,6.998371701000053,50.885111848000065
2024,11,15,5,3,5,2,0,1,1,0,0,7.827993805000062,51.67024874300006
2024,10,13,5,2,5,3,0,1,0,0,0,7.782822205000059,51.642351061000056
2024,10,14,4,3,5,2,0,1,0,0,0,6.932806905000064,50.948597953000046
2024,10,17,4,3,5,2,2,1,1,0,0,6.917714001000036,50.90647841400005
2024,11,13,3,3,2,6,0,1,1,0,0,7.002605237000068,50.937903188000064
2024,11,12,3,3,5,3,0,1,1,0,0,6.922029655000074,50.93677188700008
2024,11,13,2,3,0,3,0,1,1,0,0,7.611848869000028,51.98230592400006
2024,11,8,2,3,5,2,0,1,1,0,0,7.624786122000046,51.950306408000074
2024,11,18,2,3,4,1,2,1,1,0,0,7.058065648000024,50.88245243400007
2024,11,14,2,3,5,3,0,1,0,0,0,7.082752270000071,50.88147763500007
2024,11,10,2,3,5,3,0,1,0,0,0,6.945114405000027,50.92705912300005
2024,11,1,7,3,0,1,2,1,0,0,0,7.758344492000049,51.69219288200003
2024,11,8,6,3,0,5,0,1,1,0,0,6.907992398000033,50.93243944400007
2024,11,12,6,3,0,6,0,1,1,0,0,6.918219940000029,50.915911650000055
2024,11,17,7,3,0,1,2,1,0,0,0,6.927073448000044,50.92985779500003
2024,11,2,6,2,0,1,2,1,0,0,0,6.916597031000038,50.90541183300007
2024,11,11,5,1,0,1,0,1,0,0,0,7.604534274000059,51.97467230600006
2024,11,16,5,3,5,2,2,1,1,0,0,6.928016797000055,50.959656996000035
2024,11,7,5,3,4,2,2,1,1,0,0,7.783716300000037,51.66550707200008
2024,11,17,4,3,5,2,2,1,1,0,0,7.611360737000041,51.94935349900004
2024,11,7,4,3,5,3,2,1,1,0,0,7.612377626000068,51.99343666100003
2024,11,13,3,3,1,3,1,1,1,0,0,7.639706258000047,51.961744226000064
2024,11,11,3,3,3,2,0,1,1,0,0,6.971013820000053,50.93278287100003
2024,11,7,6,3,5,3,2,1,1,0,0,7.655804160000059,51.968107703000044
2024,11,11,2,3,6,4,0,1,0,1,0,7.63135803800003,51.96348685100003
2024,11,7,2,3,5,3,1,1,1,0,0,7.588145603000044,51.97042157200008
2024,11,7,2,3,8,1,2,1,0,0,0,6.945859662000032,50.89112158200004
2024,11,0,1,2,1,5,2,1,1,0,0,6.939236472000061,50.93779017900005
2024,11,14,2,3,3,6,0,1,0,0,0,7.640178531000061,51.96173678400004
2024,11,18,7,3,4,6,2,1,0,0,0,6.965852604000077,50.93647096900003
2024,11,11,7,3,3,7,0,1,0,0,0,7.624200099000063,51.94855436300003
2024,11,0,7,2,0,1,2,1,0,0,0,7.637455446000047,51.95624914200005
2024,11,8,3,3,2,6,0,1,0,0,1,6.926724121000063,50.94258188500004
2024,11,11,6,3,5,3,0,1,1,0,0,7.029924073000075,50.940259112000035
2024,11,16,6,3,0,1,0,1,0,0,0,6.925867184000026,50.940384935000054
2024,11,13,6,3,5,3,0,1,1,0,0,7.86024158400005,51.69279262100008
2024,11,17,5,3,3,6,2,1,1,0,0,7.626420230000065,51.95545693200006
2024,11,7,5,3,3,7,2,1,0,0,0,7.603274044000045,51.96548716700005
2024,11,8,5,3,4,2,0,1,1,0,0,6.95761993900004,50.95773230700007
2024,11,7,5,3,3,5,2,1,1,0,0,6.882644844000026,51.02338729500008
2024,11,11,5,3,0,5,0,1,1,0,0,6.914524017000076,50.93005741600007
2024,11,9,5,3,0,1,0,1,0,0,1,6.909725981000065,50.92672544100003
2024,11,19,5,3,3,2,2,1,1,0,0,6.942998761000069,50.94536888600004
2024,11,15,5,3,5,2,0,1,1,0,0,6.94353669700007,50.927763076000076
2024,11,8,5,3,1,5,0,1,1,0,0,6.940046340000038,50.94090468700006
2024,11,20,4,3,1,5,2,1,1,0,0,6.981838024000069,50.94295213500004
2024,11,8,4,3,7,1,0,1,0,0,0,6.992332701000066,50.94802164200007
2024,11,8,4,3,5,2,0,1,1,0,0,6.983354701000053,50.93732574400008
2024,11,22,4,2,0,1,2,1,0,0,0,6.916597687000035,50.90541243300004
2024,11,19,4,3,5,2,2,1,1,0,0,6.924812759000076,50.91334615900007
2024,11,8,3,3,5,2,0,1,1,0,0,7.607581845000027,51.97395300100004
2024,11,7,3,3,3,3,0,1,1,0,0,7.013118216000066,50.973998152000036
2024,12,19,5,3,5,3,2,1,1,0,0,7.623128425000061,51.94425245000008
2024,12,10,5,3,3,6,0,1,0,0,0,7.609042013000021,51.97165217200006
2024,12,2,5,3,0,1,2,1,0,0,0,7.636425232000022,51.95255390900007
2024,12,7,5,3,5,2,2,1,1,0,0,6.925195971000051,50.93910200600004
2024,12,23,4,3,4,3,2,1,0,0,0,7.619937553000057,51.95468534300005
2024,12,9,4,3,0,1,1,1,0,0,0,6.971053685000072,50.935740904000056
2024,12,8,4,3,0,1,0,1,0,0,0,7.022317529000077,50.980126331000065
2024,12,7,3,3,0,1,2,1,0,0,0,7.650099320000038,51.99301971700004
2024,12,8,3,3,5,3,0,1,1,0,0,6.93132840800007,50.922759203000055
2024,12,8,3,3,5,3,0,1,1,0,0,7.783029464000037,51.67235131800004
2024,12,7,3,3,1,5,2,1,1,0,0,7.742637780000052,51.63656705000005
2024,12,18,2,3,0,3,2,1,1,0,0,7.647083689000056,51.98558962100003
2024,12,9,2,3,0,2,0,1,1,0,0,7.617520263000074,51.965269410000076
2024,12,8,2,3,6,4,1,1,0,1,0,7.001757461000068,50.93778901400003
2024,12,15,1,3,0,1,1,1,0,0,0,6.91127950300006,50.94048256000008
2024,12,2,7,3,0,1,2,1,0,0,0,7.859231916000056,51.66233719500008
2024,12,16,6,3,0,5,2,1,1,0,0,7.625900277000028,51.95377879100005
2024,12,19,6,3,0,1,2,1,0,0,0,7.031454782000026,50.940127148000045
2024,12,20,6,3,5,3,2,1,1,0,0,6.912504648000038,50.94502662900004
2024,12,21,6,3,0,1,2,1,0,0,0,6.867609172000073,50.93779283200007
2024,12,19,6,3,6,4,1,1,0,1,0,7.747168187000057,51.694215204000045
2024,12,11,4,3,4,2,0,1,1,0,0,7.646781134000037,51.95703885200004
2024,12,22,4,3,0,1,2,1,0,0,0,6.994514519000063,50.94953283400008