UJAHR,UMONAT,USTUNDE,UWOCHENTAG,UKATEGORIE,UART,UTYP1,ULICHTVERH,IstRad,IstPKW,IstFuss,IstKrad,XGCSWGS84,YGCSWGS84
2024,4,14,6,3,5,3,0,1,1,0,0,7.008729114000062,50.95192352600003
2024,4,13,6,3,5,3,0,1,1,0,0,6.981029668000076,50.950546090000046
2024,4,18,1,2,0,1,0,1,0,0,0,6.914414041000043,50.97918956700005
2024,4,13,6,3,5,3,0,1,1,0,0,7.786056691000056,51.67115098700003
2024,4,6,5,3,6,4,0,1,0,1,0,6.913035821000051,50.95660284200005
2024,4,19,5,3,0,1,0,1,0,0,0,6.939720955000041,50.91777175800007
2024,4,9,5,2,0,7,0,1,0,0,0,7.021817178000049,50.872623815000054
2024,4,19,5,3,0,3,0,1,1,0,0,6.948520110000061,50.93377364400004
2024,4,15,5,3,5,3,0,1,0,0,0,7.818745013000068,51.68218384800008
2024,4,16,4,2,5,7,0,1,1,0,0,6.952746112000057,50.959439779000036
2024,4,18,4,3,6,6,0,1,0,1,0,6.953239687000064,50.92000514100005
2024,4,10,3,3,1,3,0,1,1,0,0,7.634359843000027,51.95652466100006
2024,4,9,3,3,0,2,0,1,1,0,0,7.00916081400004,50.96582796900003
2024,4,18,3,2,0,1,0,1,0,0,0,6.920813014000032,50.95355796600006
2024,4,10,3,3,0,1,0,1,0,0,0,6.89902806300006,50.95930917800007
2024,4,18,3,3,0,1,0,1,0,0,0,6.934985525000059,50.92781713800008
2024,4,16,3,3,0,1,0,1,0,0,0,6.923539345000052,50.93400567300006
2024,4,14,3,3,5,3,0,1,1,0,0,6.942072067000026,50.92200068000005
2024,4,7,2,2,0,1,0,1,0,0,0,7.004585275000068,50.877339808000045
2024,4,8,2,3,5,3,0,1,1,0,0,7.761874250000062,51.66603055600007
2024,4,17,7,3,0,6,0,1,1,0,0,7.626600326000073,51.957103105000044
2024,4,10,7,3,3,2,0,1,1,0,0,6.99424274200004,50.94129314500003
2024,4,16,7,3,5,3,0,1,1,0,0,6.959469453000054,50.97151650400008
2024,4,12,7,3,5,3,0,1,1,0,0,6.961428449000039,50.962534609000045
2024,4,16,7,3,1,7,0,1,1,0,0,6.905637985000055,51.03637242500008
2024,4,14,7,3,4,2,0,1,1,0,0,6.929217204000054,50.95426197100005
2024,4,15,7,3,4,2,0,1,1,0,0,6.840686960000028,50.947058678000076
2024,4,15,7,3,5,3,0,1,1,0,0,7.013573695000048,50.87282818400007
2024,4,21,7,2,0,1,2,1,0,0,0,6.93628234800002,50.928581457000064
2024,4,18,6,3,4,2,0,1,0,0,0,7.633639462000076,51.965486447000046
2024,4,6,6,2,0,3,1,1,1,0,0,7.025991201000068,50.92353475200008
2024,4,14,6,3,5,3,0,1,0,0,0,6.937009636000028,50.95962251000003
2024,4,14,6,3,0,2,0,1,1,0,0,6.927492683000025,50.92898069800003
2024,4,8,2,3,0,1,0,1,0,0,0,6.882078263000039,50.948153010000055
2024,4,10,5,3,0,4,0,1,0,1,0,7.627811070000064,51.96101407300006
2024,4,17,5,3,0,7,0,1,0,0,0,6.993640099000061,50.98358897600008
2024,4,20,5,3,1,5,1,1,1,1,0,6.958527464000042,50.96217964600004
2024,4,11,5,3,0,1,0,1,0,0,0,7.620118642000023,51.955932018000055
2024,4,16,4,3,0,1,0,1,0,0,0,6.917938640000045,51.01480789200008
2024,4,19,4,3,4,2,1,1,1,0,0,6.905714038000042,50.95934509800003
2024,4,17,3,3,6,7,0,1,0,1,0,7.632240771000056,51.95728403600003
2024,4,16,3,3,1,5,0,1,1,0,0,6.852626269000041,50.939615880000076
2024,4,15,1,3,1,5,0,1,1,0,0,6.919662932000051,50.907215146000055
2024,4,22,2,3,1,5,2,1,1,0,0,6.954122125000026,50.94870056900004
2024,3,21,1,3,0,4,2,1,0,1,0,7.577306579000037,51.92737645900007
2024,3,1,1,2,0,1,2,1,0,0,0,6.926664150000022,50.92394780300003
2024,4,21,7,2,5,3,2,1,1,0,0,7.816363980000062,51.70808126400004
2024,4,14,3,3,4,6,0,1,1,0,0,6.917172900000025,50.99017397600005
2024,3,13,6,3,0,1,0,1,0,0,0,6.95469038300007,50.972036400000036
2024,3,16,5,3,0,3,0,1,1,0,0,7.635590021000041,51.97994362600008
2024,3,10,5,3,5,2,0,1,1,0,0,7.015583227000036,50.958285818000036
2024,3,10,5,3,5,2,0,1,1,0,0,7.796347812000022,51.67426076300006
2024,3,6,4,3,5,2,0,1,1,0,0,7.001337615000068,50.933067323000046
2024,3,10,4,3,0,2,0,1,1,0,0,6.939017614000022,50.91151337800005
2024,3,12,3,3,5,2,0,1,0,0,0,7.607807282000067,51.987254902000075
2024,3,12,3,3,5,2,0,1,0,0,0,7.607807282000067,51.987254902000075
2024,3,12,3,3,5,3,0,1,1,0,0,7.578526878000048,51.96846080100005
2024,4,16,5,3,5,3,0,1,1,0,0,6.900256865000074,50.95398106000005
2024,3,5,2,3,5,3,1,1,1,0,0,7.702949166000053,51.981361820000075
2024,3,18,2,3,0,3,1,1,1,0,0,7.094675681000069,50.92808629800004
2024,3,12,2,3,5,3,0,1,1,0,0,6.88793049100002,51.02760804500008
2024,3,16,2,3,2,6,0,1,1,0,0,6.850848577000022,50.94802903600004
2024,3,15,2,3,5,3,0,1,1,0,0,6.955812936000029,50.92757675400003
2024,3,13,1,3,0,1,0,1,0,0,0,7.585223300000052,51.948952373000054
2024,3,6,1,3,4,2,1,1,1,0,0,7.620837178000045,51.951467895000064
2024,5,18,5,2,1,1,0,1,0,0,0,7.801473999000052,51.686849066000036
2024,5,15,4,3,0,1,0,1,0,0,0,7.670232901000077,51.95104836000007
2024,5,15,4,3,3,6,0,1,1,0,0,7.610550704000048,51.95675160700006
2024,5,11,4,3,0,1,0,1,0,0,0,7.045651541000041,50.86946504200006
2024,5,20,4,3,0,1,0,1,0,0,0,6.951938067000071,51.03071567000006
2024,5,8,4,3,5,3,0,1,0,0,0,6.926584958000035,50.97004489300008
2024,5,17,4,3,6,1,0,1,0,1,0,6.928440136000063,50.94501852900004
2024,5,16,4,3,0,3,0,1,1,0,0,6.960398486000031,50.91833616500003
2024,5,23,4,3,0,1,2,1,0,0,0,6.953640107000069,50.93159218300008
2024,4,21,3,3,4,2,2,1,0,0,0,7.638198899000031,51.95468187800003
2024,4,14,3,2,0,1,0,1,1,0,0,7.612523730000021,51.95758858700003
2024,4,16,3,3,4,6,0,1,0,0,0,7.622624740000049,51.95659821300006
2024,4,12,3,3,0,1,0,1,0,0,0,7.622615473000053,51.92135661000003
2024,4,18,3,3,3,6,0,1,1,0,0,6.907315131000075,51.011736565000035
2024,4,20,3,3,1,1,1,1,1,0,0,6.884914954000067,51.02578134600003
2024,4,15,3,3,0,1,0,1,0,0,0,6.885807441000054,50.93400114800005
2024,4,17,3,3,2,6,0,1,0,0,0,6.930046031000074,50.926705629000026
2024,4,12,3,3,1,5,0,1,1,0,0,6.961202367000055,50.945596486000056
2024,4,8,2,3,5,3,0,1,1,0,0,7.588738127000056,51.97623346100005
2024,4,7,2,3,0,1,0,1,0,0,0,6.990728063000063,50.95343653800006
2024,4,17,2,3,0,1,0,1,0,0,0,6.906233290000046,50.967819716000065
2024,4,15,2,3,0,6,0,1,0,1,0,6.900752615000044,50.93382411600004
2024,4,15,1,3,0,4,0,1,0,1,0,7.054532603000041,50.88312717700006
2024,4,1,1,3,0,1,2,1,0,0,0,6.942197880000037,50.959055799000055
2024,4,13,7,2,0,1,0,1,0,0,0,6.999682822000068,50.92606980800008
2024,4,22,7,2,0,1,2,1,0,0,0,6.957802977000028,50.927303504000065
2024,4,15,7,3,1,5,0,1,1,0,0,7.814426701000059,51.67643955400007
2024,4,2,6,2,0,1,2,1,0,0,0,6.915628929000036,50.944906925000055
2024,4,10,6,3,1,5,0,1,1,0,0,6.946784100000059,50.93501055300004
2024,4,20,2,3,0,1,1,1,0,0,0,7.109759669000027,50.86374476700007
2024,4,18,5,3,2,7,0,1,1,0,0,7.629674640000076,51.95845358200006
2024,4,8,5,2,6,6,0,1,0,1,0,7.632213743000023,51.95495532400008
2024,4,8,5,3,9,7,0,1,0,0,0,7.002675126000042,50.94484132300005
2024,4,5,5,2,5,3,2,1,1,0,0,7.000657467000053,50.93663743500008
2024,4,15,5,3,3,2,0,1,0,0,0,6.964892375000034,50.978032324000026
2024,4,12,5,3,0,3,0,1,1,0,0,6.99655899000004,50.89176734800003
2024,4,17,4,3,5,2,0,1,1,0,0,7.566810929000042,51.964784542000075
2024,4,7,4,3,2,2,0,1,0,0,0,7.818471931000033,51.67534469700007
2024,4,23,3,2,0,1,2,1,0,0,0,6.963868494000053,50.91735306000004
2024,4,5,3,3,5,3,1,1,1,0,0,7.758336944000064,51.69648436700004
2024,4,7,2,3,3,6,0,1,0,0,0,7.63480663200005,51.958696461000045
2024,4,15,2,3,5,3,0,1,1,0,0,6.852936816000067,50.94221358300007
2024,4,11,2,2,0,1,0,1,0,0,0,6.947382603000051,50.91480046500004
2024,4,15,2,3,8,1,0,1,0,0,1,6.962226860000044,50.92010375600006
2024,4,9,7,3,4,6,0,1,1,0,0,7.622483873000022,51.97186346900003
2024,4,18,7,3,5,3,0,1,1,0,0,7.819251550000047,51.68021870100006
2024,4,11,6,3,5,3,0,1,1,0,0,6.891815115000043,51.013738740000065
2024,4,14,6,3,0,1,0,1,0,0,0,6.920926603000055,50.95351627700006
2024,4,22,6,3,0,3,2,1,1,0,0,6.945061745000032,50.94718242300007
2024,4,17,5,3,7,1,0,1,0,0,0,6.983602201000053,50.924890428000026
2024,4,18,5,3,3,2,0,1,0,0,0,6.959525719000055,50.931122740000035
2024,4,16,5,3,0,4,0,1,0,1,0,6.956259656000043,50.932785609000064
2024,4,11,4,3,3,3,0,1,1,0,0,7.622716572000058,51.96831597200003
2024,4,11,3,3,5,2,0,1,1,0,0,7.090825335000034,50.91903709700006
2024,4,8,3,3,5,3,0,1,1,0,0,6.994314698000039,51.01131532100004
2024,4,19,3,3,5,3,0,1,1,0,0,6.935854148000033,50.94740593300003
2024,4,12,2,3,1,2,0,1,1,0,0,7.583493462000035,51.96283378900006
2024,5,14,4,2,1,5,0,1,1,0,0,6.939619445000062,50.97259802900004
2024,4,17,2,3,0,5,0,1,1,1,0,7.623183837000056,51.967580103000046
2024,4,8,4,3,5,3,0,1,1,0,0,6.943359832000056,50.96883267900006
2024,4,10,2,3,5,3,0,1,1,0,0,6.932739170000048,50.94862636100004
2024,4,17,2,3,5,3,0,1,1,0,0,6.952096162000032,50.91308410500005
2024,5,19,5,3,0,1,0,1,0,0,0,6.939598638000064,50.930473438000035
2024,5,14,4,3,0,5,0,1,1,0,0,7.000588658000026,50.93683007700008
2024,5,20,4,3,5,3,0,1,1,0,0,7.039646860000062,51.00002840500008
2024,5,7,4,3,5,2,0,1,1,0,0,6.96003537200005,50.976557125000056
2024,5,7,4,3,5,3,0,1,1,0,0,6.955236324000055,50.97264653900004
2024,5,18,4,3,0,1,0,1,0,0,0,6.934763772000053,50.92769618500006
2024,5,19,4,3,1,5,0,1,1,0,0,6.941335741000046,50.90868757700008
2024,5,7,4,2,5,3,0,1,1,0,0,6.931607433000067,50.93141810800006
2024,5,8,3,3,3,1,0,1,0,0,0,7.626553668000042,51.956540440000026
2024,5,17,3,3,0,7,0,1,0,0,0,7.626330276000033,51.94560104900006
2024,5,17,3,2,7,1,0,1,0,0,0,7.61200498900007,51.93094925400004
2024,5,15,3,3,5,2,0,1,1,0,0,7.030508738000037,50.992392763000055
2024,5,13,3,3,3,1,0,1,0,0,0,7.044639965000044,50.99700094000008
2024,5,11,3,3,1,5,0,1,1,0,0,6.853820770000027,51.061543673000074
2024,5,13,3,3,5,3,0,1,1,0,0,6.942831712000043,50.96841974600005
2024,5,10,3,3,5,2,0,1,1,0,0,6.914779133000025,50.95144912200004
2024,5,18,3,3,9,1,0,1,0,0,0,6.930424732000063,50.95598593500006
2024,5,15,3,3,5,3,0,1,1,0,0,6.929969067000059,50.94438923800004
2024,5,16,3,3,5,3,0,1,1,0,0,6.921515746000068,50.95330005200003
2024,5,9,3,3,1,5,0,1,0,0,0,6.925855471000034,50.95075895000008
2024,5,20,3,3,0,5,1,1,1,0,0,6.911084881000022,50.92325252000006
2024,5,8,3,3,5,2,0,1,1,0,0,6.949750597000047,50.918963664000046
2024,5,20,3,3,6,3,0,1,0,1,0,7.832528846000059,51.700982202000034
2024,5,16,3,3,4,5,0,1,1,0,0,7.836933682000051,51.70515401900008
2024,5,15,2,3,5,3,0,1,0,0,0,7.654177342000025,51.96131321400003
2024,5,18,2,3,1,1,0,1,1,0,0,7.067117711000037,50.891203105000045
2024,5,15,2,3,0,1,0,1,0,0,0,6.927765419000025,50.94202299600005
2024,5,12,1,3,0,1,0,1,0,0,0,7.068001339000034,50.887170353000045
2024,5,13,1,2,1,5,0,1,1,0,0,6.917548117000024,51.05055229900006
2024,5,12,1,3,0,1,0,1,0,0,0,6.917478879000043,50.94813770700006
2024,5,10,7,3,5,3,0,1,1,0,0,7.64087162900006,51.90518853400005
2024,5,15,7,3,0,1,0,1,0,0,0,6.986648190000039,50.96967379700004
2024,5,16,7,2,5,2,0,1,1,0,0,6.937677633000021,50.93937596200004
2024,5,15,6,3,6,4,0,1,0,1,0,6.935514527000066,50.92812083300004
2024,5,8,6,3,0,1,0,1,0,0,0,6.932661172000053,50.93751978800003
2024,5,11,5,3,0,7,0,1,0,0,0,7.626253663000057,51.95359788800005
2024,5,17,5,3,0,1,0,1,0,0,0,6.856465802000059,51.01662274700004
2024,5,12,5,3,0,7,0,1,0,0,0,6.944142867000039,50.936126053000066
2024,5,7,4,2,3,6,0,1,0,0,0,7.626440288000026,51.97448774800006
2024,5,18,4,3,0,3,0,1,1,0,0,7.623353792000046,51.96693110600006
2024,5,16,6,3,5,3,0,1,1,0,0,7.069544277000034,50.96117409800007
2024,5,17,3,3,5,2,0,1,0,0,0,7.622682390000023,51.976142535000065
2024,5,15,3,3,6,1,0,1,1,1,0,7.623571050000066,51.96082249700004
2024,5,20,4,3,0,5,0,1,1,0,0,6.92205129000007,50.94759968200003
2024,5,8,3,3,5,3,0,1,1,0,0,7.000880710000047,50.943329230000074
2024,5,9,3,2,3,6,0,1,0,0,1,6.946217355000044,50.97224378800007
2024,5,14,3,3,4,2,0,1,1,0,0,6.88218161900005,50.93263389400005
2024,5,7,3,3,0,6,0,1,1,0,0,7.801939399000048,51.68688483900007
2024,5,12,2,3,5,5,0,1,1,0,0,7.610960122000051,51.97188761700005
2024,5,19,2,3,0,5,0,1,1,0,0,7.013698987000055,50.96145246700007
2024,5,7,2,3,0,2,0,1,0,0,0,6.922268359000043,50.97635752100007
2024,5,8,2,3,5,2,0,1,1,0,0,6.931854720000047,50.96574775700003
2024,5,7,2,3,5,3,0,1,0,0,0,6.872050558000069,50.94655158300003
2024,5,15,2,3,6,4,0,1,0,1,0,6.924409313000069,50.91770836000006
2024,5,13,2,3,0,1,0,1,0,0,0,6.929083702000071,50.92473332000003
2024,5,12,2,3,0,1,0,1,0,0,0,6.95368682700007,50.909659102000035
2024,5,18,1,3,1,5,0,1,1,0,0,7.614665731000059,51.98071547600006
2024,5,13,1,3,5,3,0,1,1,0,0,7.658478460000026,51.90603483800004
2024,5,11,1,3,0,7,0,1,0,0,0,7.647180880000064,51.94959804400003
2024,5,10,1,3,4,3,0,1,0,0,0,6.972700917000054,50.926977599000054
2024,5,16,1,3,2,6,0,1,1,0,0,6.919370560000061,50.920698180000045
2024,5,17,7,2,5,3,0,1,1,0,0,7.043666927000061,50.99287097600006
2024,5,17,7,3,0,7,0,1,1,0,0,6.920241096000041,50.94835522000005
2024,5,17,6,2,3,1,0,1,1,0,0,7.636378429000047,51.93629918900007
2024,5,17,6,2,1,1,0,1,1,0,0,7.626574327000071,51.93985164800006
2024,5,12,6,3,1,7,0,1,1,0,0,7.597612814000058,51.95867809100008
2024,5,11,6,3,5,3,0,1,0,0,0,7.623217644000022,51.95344272600005
2024,5,12,5,3,5,3,0,1,1,0,0,6.904867606000039,50.95135930100008
2024,5,18,5,3,5,7,0,1,0,0,0,7.64314760600007,51.99735593400004
2024,5,14,5,3,5,3,0,1,1,0,0,7.552425935000031,51.99065911900004
2024,5,12,6,3,7,1,0,1,0,0,0,7.073758338000061,50.969986540000036
2024,5,18,5,2,0,1,0,1,0,0,0,6.923521459000028,50.92105350700007
2024,5,16,4,3,0,1,0,1,0,0,0,6.979143456000031,50.93860269000004
2024,5,16,6,3,0,7,0,1,0,0,0,7.559939287000077,51.92618219900004
2024,5,16,6,3,5,2,0,1,1,0,0,6.932739170000048,50.94862636100004
2024,5,23,6,3,0,1,2,1,0,0,0,7.011110919000032,50.882581722000054
2024,5,19,6,3,0,1,0,1,0,0,0,6.959463266000057,50.922110599000064
2024,5,12,5,3,5,3,0,1,0,0,0,7.570610932000022,51.931084628000065
2024,5,18,4,3,5,3,0,1,1,0,0,7.067482385000062,50.894555453000066
2024,5,15,4,3,5,2,0,1,1,0,0,6.832000031000064,50.94627864800003
2024,5,22,4,3,0,1,2,1,0,0,0,6.940726239000071,50.93113108600005
2024,5,17,4,3,0,1,0,1,0,0,0,6.940994849000049,50.91464035300004
2024,5,20,4,2,5,3,0,1,0,0,0,7.632806838000022,51.92851375300006
2024,5,13,3,2,0,5,0,1,1,0,0,7.655739745000062,51.96527445900006
2024,5,13,3,3,6,1,0,1,0,1,0,7.022022634000052,50.95671908600008
2024,5,9,3,3,0,1,0,1,0,0,0,6.918285304000051,50.919181354000045
2024,5,17,3,3,3,2,0,1,1,0,0,6.942810662000056,50.940014588000054
2024,5,15,3,3,1,5,0,1,1,0,0,7.824961345000077,51.70969794300004
2024,5,16,2,3,3,2,0,1,1,0,0,6.911866090000046,50.96511582800008
2024,5,7,2,3,1,5,0,1,1,0,0,6.921578573000033,50.922404748000076
2024,5,20,2,3,5,2,0,1,1,0,0,6.928425367000045,50.920927756000026
2024,5,14,2,3,5,3,0,1,1,0,0,6.978183449000028,50.89852394900004
2024,5,21,1,3,5,7,2,1,1,0,0,7.625823896000043,51.962072773000045
2024,5,12,1,3,0,1,0,1,0,0,0,7.071428791000073,50.879983121000066
2024,5,11,1,3,6,4,0,1,0,1,0,6.94870923700006,50.96109473700005
2024,5,15,1,3,0,7,0,1,0,0,0,6.963522728000044,50.899499149000064
2024,5,13,1,3,2,6,0,1,0,0,0,7.049032942000053,50.87345869200004
2024,5,9,7,3,7,7,0,1,0,0,0,7.61067311000005,51.938282134000076
2024,5,22,7,3,4,6,2,1,0,0,0,6.901231126000027,50.957333392000066
2024,5,18,7,3,0,1,0,1,0,0,0,6.915024085000027,50.92030376800005
2024,5,21,7,3,0,7,0,1,0,0,0,7.741254135000077,51.66583060500005
2024,5,7,7,3,4,7,0,1,0,1,0,7.856500341000071,51.63011312200007
2024,5,16,6,3,1,5,0,1,1,0,0,7.632993308000039,51.965274468000075
2024,5,14,6,3,4,7,0,1,1,0,0,7.601258998000048,51.97043113700005
2024,5,19,6,3,5,7,0,1,1,0,0,6.936218807000046,50.93841314600007
2024,5,14,5,3,0,7,0,1,0,0,0,7.621583546000068,51.91232211400006
2024,5,13,5,3,5,3,0,1,0,0,0,7.64492092200004,51.98305860600004
2024,5,12,5,3,0,1,0,1,0,0,0,7.063834069000052,50.89076825800004
2024,5,14,5,3,0,6,0,1,1,0,0,7.079835892000062,50.97545357300004
2024,5,8,5,3,5,3,0,1,0,0,0,6.892495805000067,51.01549541400004
2024,5,20,5,3,5,3,0,1,1,0,0,6.924078966000025,50.95237187400005
2024,5,9,5,3,6,7,0,1,0,1,0,6.920198662000075,50.94521297500006
2024,5,20,5,3,6,7,1,1,0,1,0,6.916972985000029,50.92116980700007
2024,5,8,5,3,6,4,0,1,0,1,0,7.008143844000074,50.89190204400006
2024,5,12,5,3,5,2,0,1,1,0,0,6.953813916000058,50.91987714000004
2024,5,16,4,3,5,3,0,1,0,0,0,7.62918785200003,51.970159316000036
2024,5,18,4,3,5,3,0,1,1,0,0,7.020357383000032,50.937755002000074
2024,5,23,4,3,5,3,2,1,0,0,0,6.952010157000075,50.952178900000035
2024,5,11,4,2,0,1,0,1,0,0,0,6.922379016000036,50.96352561300006
2024,5,8,4,3,5,3,0,1,1,0,0,7.004301190000035,50.87371800500006
2024,5,7,4,3,0,1,0,1,0,0,0,6.936588943000061,50.91780522000005
2024,5,19,4,3,3,7,0,1,0,0,1,6.948315052000055,50.927664080000056
2024,5,19,4,2,1,5,0,1,1,0,0,7.867466013000069,51.68130889500003
2024,5,14,3,3,3,6,0,1,1,0,0,6.986575868000045,50.938075809000054
2024,5,16,3,3,5,2,0,1,0,0,0,7.630558198000074,51.95788919800003
2024,5,9,3,3,1,6,0,1,1,0,0,7.616302864000033,51.98261118700003
2024,5,15,3,3,0,1,0,1,0,0,0,7.01871589600006,50.96418541300005
2024,5,8,3,3,1,5,0,1,1,0,0,6.955755828000065,51.02746725800006
2024,5,20,3,3,5,3,0,1,1,0,0,6.903063215000032,50.956711718000065
2024,5,0,2,3,0,6,2,1,0,1,0,7.664799889000051,51.96283683200005
2024,5,13,2,3,3,6,0,1,1,0,0,7.649763503000031,51.990791313000045
2024,5,14,2,2,1,1,0,1,1,0,0,6.987854796000022,50.95010622800004
2024,5,12,2,3,0,1,0,1,0,0,0,6.98127187800003,50.97194983600008
2024,5,16,2,3,4,6,0,1,1,0,0,6.909671252000066,50.96647130900004
2024,5,17,2,3,0,7,0,1,1,0,0,7.031843299000059,50.87426461100006
2024,5,13,2,3,0,7,0,1,1,0,0,7.828220974000033,51.67451887000004
2024,5,12,5,3,0,7,0,1,1,0,0,6.907910576000063,50.94455384300005
2024,5,21,1,3,0,3,2,1,0,0,0,6.913432251000074,50.95232383600006
2024,5,12,1,3,5,2,0,1,1,0,0,6.897974394000073,50.946026062000044
2024,5,11,1,3,0,1,0,1,0,0,0,6.940526481000063,50.937535258000025
2024,5,17,7,3,5,2,0,1,1,0,0,6.893413921000047,50.94217174100004
2024,5,18,5,3,0,3,0,1,1,0,0,7.029266093000047,50.89772719100006
2024,5,17,7,3,0,7,0,1,0,0,0,6.93154899600006,50.91111228500006
2024,5,15,6,3,5,3,0,1,0,0,0,7.623931017000075,51.95662404800004
2024,5,7,6,3,5,3,0,1,1,0,0,7.656556737000074,51.97200442400003
2024,5,7,6,3,5,3,0,1,1,0,0,6.969944901000076,50.93991267200005
2024,5,17,6,3,5,3,0,1,1,0,0,6.926382674000024,50.95113826000005
2024,5,14,6,3,6,4,0,1,0,1,0,6.897722023000028,50.968209082000044
2024,5,11,5,3,5,2,0,1,1,0,0,6.84836978800007,50.94039676400007
2024,5,2,5,3,0,7,2,1,0,0,0,7.68220068200003,51.91414118400007
2024,5,14,5,3,5,3,0,1,1,0,0,7.643850635000035,51.90519646600006
2024,5,6,5,3,4,1,0,1,0,0,0,7.638125120000041,51.95484531800008
2024,5,16,5,3,6,4,0,1,0,1,0,7.043030288000068,50.971247660000074
2024,6,16,6,3,0,1,0,1,0,0,0,7.063880511000036,50.88607174500004
2024,6,17,5,2,1,5,0,1,1,0,0,6.900804199000049,50.961583516000076
2024,6,15,5,2,5,3,0,1,1,0,0,6.903048020000028,50.95671680400005
2024,6,1,5,3,0,1,2,1,0,0,0,6.941457606000029,50.911205694000046
2024,6,16,5,3,1,5,0,1,1,0,0,6.932517394000058,50.93370938100003
2024,6,12,4,3,1,6,0,1,1,0,0,7.619842771000037,51.95733635400006
2024,6,7,4,3,5,2,0,1,1,0,0,7.634226081000065,51.93541367500006
2024,6,11,4,3,1,5,0,1,1,0,0,6.960148653000033,50.97752453000004
2024,6,10,4,3,0,1,0,1,0,0,0,6.961372580000045,50.96106981400004
2024,6,17,4,3,6,4,0,1,0,1,0,6.961267844000076,50.922424395000064
2024,6,16,3,3,5,7,0,1,1,0,0,7.630554521000022,51.93312772400003
2024,6,13,3,3,0,1,0,1,0,0,0,7.616434896000044,51.94408203300003
2024,6,9,3,2,3,1,0,1,1,0,0,7.629937503000065,51.96763255500008
2024,6,14,3,3,5,3,0,1,1,0,0,7.008729114000062,50.95192352600003
2024,6,5,3,3,0,1,1,1,0,0,0,7.621333292000031,51.956277294000074
2024,6,18,2,3,5,3,0,1,1,0,0,7.610862311000062,51.97196927700003
2024,6,16,2,3,5,3,0,1,1,0,0,7.614821388000053,51.96195867900008
2024,6,12,2,3,0,1,0,1,0,0,0,7.628329834000056,51.96821402100005
2024,6,15,2,3,0,1,0,1,0,0,0,6.888008125000056,51.002553317000036
2024,6,16,2,3,1,5,0,1,1,0,0,6.91532167500003,50.95412531000005
2024,6,17,2,3,0,1,0,1,0,0,0,6.93499018600005,50.92781981400003
2024,6,21,1,3,0,1,0,1,0,0,0,7.644432727000037,51.99264918800003
2024,6,16,1,3,6,7,0,1,0,1,0,7.048345495000035,50.87237722400005
2024,6,13,1,3,0,1,0,1,0,0,0,7.015457591000029,50.95434856300005
2024,6,17,1,3,0,1,0,1,0,0,0,6.920551055000033,50.953654106000045
2024,6,14,1,2,0,7,0,1,1,0,0,6.926312494000058,50.862826674000075
2024,6,22,7,3,0,5,2,1,1,0,0,7.615330936000021,51.95256160300005
2024,6,16,7,3,1,7,0,1,1,0,0,7.075275392000037,50.88454152700007
2024,6,18,7,3,0,2,0,1,1,0,0,6.950795603000074,50.96249049200003
2024,6,12,7,3,0,1,0,1,0,0,0,6.887565388000041,50.955396704000066
2024,6,15,7,2,0,3,0,1,1,0,0,6.941489284000056,50.94166843900007
2024,6,16,6,3,1,5,0,1,1,0,0,7.593440647000023,51.96370057900003
2024,6,14,6,3,3,6,0,1,0,0,0,7.62298779300005,51.93862611900005
2024,6,20,6,3,3,6,0,1,1,0,0,7.003661572000055,50.95068688300006
2024,6,19,6,3,5,5,0,1,1,0,0,6.957321148000062,50.97464771400007
2024,6,2,6,2,0,1,2,1,0,0,0,6.955097157000068,51.02517411200006
2024,6,12,6,2,6,4,0,1,0,1,0,6.920659082000043,50.94821539800006
2024,6,9,6,2,5,2,0,1,1,0,0,6.926328184000056,50.92492408500004
2024,6,23,6,3,0,7,2,1,0,0,0,7.86986171500007,51.67472381700003
2024,6,11,6,3,5,3,0,1,1,0,0,7.824622807000026,51.67934041900003
2024,6,18,5,3,3,6,0,1,0,0,0,7.664053330000058,51.97286272400004
2024,6,18,5,3,0,6,0,1,0,0,0,7.664455649000047,51.96964443500008
2024,6,20,5,3,1,5,0,1,1,0,0,7.001757849000057,50.96174743100005
2024,6,15,5,3,5,3,0,1,1,0,0,6.89299860400007,51.02244893800008
2024,6,18,5,3,4,6,0,1,1,0,0,6.929189648000033,50.94497792700008
2024,6,20,5,3,0,1,0,1,0,0,0,6.932582865000029,50.92692371600003
2024,6,15,5,3,0,1,0,1,0,0,0,6.934722811000029,50.92767911400006
2024,6,10,5,3,0,6,0,1,0,1,0,6.937273187000073,50.941310256000065
2024,6,17,4,3,0,7,0,1,0,0,0,7.633753607000074,51.96328336600004
2024,6,7,4,3,0,3,0,1,1,0,0,7.662726429000031,51.93630335300003
2024,6,17,3,3,6,4,0,1,0,1,0,7.591022463000058,51.99335768600008
2024,6,18,4,3,5,3,0,1,1,0,0,6.914814809000063,50.95145768100008
2024,6,7,4,3,0,7,0,1,1,0,0,6.914127131000043,50.92020170100005
2024,6,7,3,3,1,3,0,1,1,0,0,7.653528248000043,51.97104227900007