UJAHR,UMONAT,USTUNDE,UWOCHENTAG,UKATEGORIE,UART,UTYP1,ULICHTVERH,IstRad,IstPKW,IstFuss,IstKrad,XGCSWGS84,YGCSWGS84
2024,6,17,3,3,5,3,0,1,1,0,0,6.939204987000039,50.969552675000045
2024,6,16,3,3,4,6,0,1,0,0,0,6.936956911000038,50.96223861400006
2024,6,8,3,3,5,3,0,1,1,0,0,6.907984934000069,50.991791067000065
2024,6,20,3,3,2,5,0,1,1,0,0,6.92260245600005,50.94483151000003
2024,6,8,4,3,0,2,0,1,1,0,0,6.939721124000073,50.91777196600003
2024,6,15,3,3,0,7,0,1,0,0,0,7.804522903000077,51.68526172600008
2024,6,7,3,2,0,3,0,1,0,0,0,7.884946629000069,51.688981124000065
2024,6,16,2,3,3,6,0,1,1,0,0,7.670157135000068,51.926311086000055
2024,6,11,2,2,5,3,0,1,0,0,1,6.93457597500003,50.942773112000054
2024,6,11,2,3,0,2,0,1,1,0,0,6.94403012500004,50.92378893000006
2024,6,2,1,2,5,3,2,1,1,0,0,7.598057130000029,51.954173568000044
2024,6,9,1,3,5,2,0,1,1,0,0,6.946345822000069,50.973536729000045
2024,6,18,1,3,5,2,0,1,0,0,0,6.909535248000054,50.96289311900006
2024,6,15,1,3,1,5,0,1,1,0,0,6.959075440000049,50.918593541000064
2024,6,16,5,3,5,3,0,1,1,0,0,6.926175342000022,50.99530139800004
2024,6,16,7,3,5,3,0,1,1,0,0,6.927264683000033,50.97731424500006
2024,6,18,7,3,4,6,0,1,0,0,0,6.956703829000048,50.94813088600006
2024,6,19,7,3,5,3,0,1,1,0,0,6.956053609000037,50.941741560000025
2024,6,4,7,2,0,1,2,1,0,0,0,6.942810662000056,50.940014588000054
2024,6,15,6,3,4,6,0,1,0,0,0,7.630558198000074,51.95788919800003
2024,6,18,6,3,5,2,0,1,1,0,0,7.041444786000056,50.94124803500006
2024,6,17,6,3,0,1,0,1,0,0,0,7.04222399300005,50.867721251000034
2024,6,18,6,3,4,6,0,1,0,0,0,6.936932200000058,51.02580758400006
2024,6,8,6,3,3,2,0,1,1,0,0,6.960977240000034,50.98459798700003
2024,6,12,6,2,4,6,0,1,0,0,0,6.929051790000074,50.94468251100005
2024,6,14,6,3,4,4,0,1,0,1,0,6.913733204000039,50.95212829900004
2024,6,12,6,3,0,1,0,1,0,0,0,6.997809591000021,50.88145776700003
2024,6,18,6,3,0,1,0,1,0,0,0,6.955279502000053,50.927037615000074
2024,6,14,6,3,5,7,0,1,0,0,0,6.961080494000043,50.936590599000056
2024,6,10,6,3,0,3,0,1,0,0,0,6.945707403000029,50.94372979900004
2024,6,15,6,3,5,3,0,1,1,0,0,7.833837360000075,51.70792186600005
2024,6,10,5,3,5,2,0,1,0,0,0,7.611474085000054,51.933530774000076
2024,6,11,5,3,5,3,0,1,1,0,0,6.998871260000044,50.920063378000066
2024,6,15,5,3,5,3,0,1,1,0,0,7.037880872000073,50.96939615700006
2024,6,23,5,3,0,1,2,1,0,0,0,6.960968548000039,50.98452435300004
2024,6,9,5,3,0,1,0,1,0,0,0,6.907958016000066,50.95510393100005
2024,6,13,4,3,5,3,0,1,0,0,0,7.622768437000047,51.97226497400004
2024,6,9,4,3,0,1,0,1,0,0,0,7.069147218000069,50.88382704400004
2024,6,12,4,3,0,1,0,1,0,0,0,7.023737839000034,50.98210570100008
2024,6,17,4,3,5,3,0,1,1,0,0,6.956801920000032,50.97415440800006
2024,6,1,4,3,9,1,1,1,0,0,0,6.897076391000041,51.02028119400006
2024,6,19,3,2,5,2,0,1,1,0,0,7.044475256000055,50.919134446000044
2024,6,10,3,3,5,2,0,1,1,0,0,6.969041945000072,50.96750844200005
2024,6,8,3,3,9,1,0,1,1,0,0,6.936611449000054,50.91235935700007
2024,6,18,3,3,0,5,0,1,1,0,0,6.944490839000025,50.92608748400005
2024,6,13,2,3,5,2,0,1,1,0,0,7.616591301000028,51.96192973700005
2024,6,8,2,3,5,7,0,1,0,0,0,7.576053417000026,51.973160277000034
2024,6,20,2,2,5,3,0,1,0,0,0,6.969306861000064,50.97119106300005
2024,6,16,2,3,6,4,0,1,0,1,0,6.963454108000064,50.95531568600006
2024,6,16,2,3,5,3,0,1,1,0,0,6.939267528000073,50.96949968000007
2024,6,19,2,3,3,6,0,1,1,0,0,6.899921448000043,50.952410744000076
2024,6,15,2,2,2,6,0,1,0,0,0,6.910169171000064,50.96350314700004
2024,6,10,2,3,3,2,0,1,1,0,0,6.91271757100003,50.952783089000036
2024,6,13,2,3,0,1,0,1,0,0,0,6.918657953000036,50.92120347900004
2024,6,22,2,3,5,3,1,1,1,0,0,6.945026625000025,50.94716215400007
2024,6,17,2,3,0,1,0,1,0,0,0,6.942421076000073,50.93210042700008
2024,6,14,1,3,0,7,0,1,1,0,0,7.624030321000021,51.95660889000004
2024,6,22,7,3,0,1,2,1,0,0,0,7.63587211600003,51.95596869000008
2024,6,19,7,3,5,3,0,1,0,0,0,7.553662476000056,51.99775123400008
2024,6,14,7,3,0,6,0,1,0,1,0,6.948556322000059,50.95888185100006
2024,6,10,7,3,0,1,0,1,0,0,0,6.935806957000068,50.96901607700005
2024,6,2,7,3,8,1,2,1,0,0,0,6.904512791000059,50.96218234200006
2024,6,15,6,3,3,6,0,1,0,0,0,7.63490232700002,51.95898718300003
2024,6,10,6,2,0,1,0,1,0,0,0,7.629975909000052,51.96776027400006
2024,6,9,6,3,0,7,0,1,1,0,0,7.627676354000073,51.97016442600005
2024,6,7,6,3,4,6,0,1,0,0,0,7.628526353000041,51.95184151400008
2024,6,16,5,2,0,3,0,1,1,0,0,6.995276364000063,50.93927398000005
2024,6,16,6,3,0,5,0,1,1,0,0,7.021423631000062,50.963739829000076
2024,6,14,6,3,0,1,0,1,0,0,0,7.033698414000071,50.971174301000076
2024,6,23,6,3,5,3,2,1,1,0,0,6.914779133000025,50.95144912200004
2024,6,13,6,3,5,3,0,1,1,0,0,6.835603373000026,50.97088966300004
2024,6,16,6,3,9,1,0,1,0,0,0,7.033667325000067,50.89736445500006
2024,6,14,6,3,0,1,0,1,0,0,0,6.956125800000052,50.94507174700004
2024,6,9,6,3,5,3,0,1,0,0,0,6.998918389000039,50.920062794000046
2024,6,14,6,3,5,3,0,1,1,0,0,7.633421958000042,51.96424042600006
2024,6,15,5,3,0,1,0,1,0,0,0,7.618769738000026,51.94974932700006
2024,6,15,5,3,5,3,0,1,1,0,0,7.642488568000033,51.937113114000056
2024,6,14,5,3,0,1,0,1,0,0,0,6.974289269000053,51.00226068900008
2024,6,22,5,3,4,6,2,1,0,0,0,6.858471303000044,50.92568180500007
2024,6,16,5,3,0,5,0,1,1,0,0,6.915783224000052,50.950799681000035
2024,6,8,5,3,5,3,0,1,1,0,0,6.87550210400002,50.94948886600008
2024,6,19,5,2,5,3,0,1,0,0,0,6.927593552000076,50.90075580600006
2024,6,13,5,3,5,3,0,1,1,0,0,6.954165320000072,50.931714310000075
2024,6,9,5,3,0,1,0,1,0,0,0,6.947648087000061,50.94816647600004
2024,6,10,4,3,1,7,0,1,1,0,0,7.644456787000024,51.905257246000076
2024,6,23,4,3,4,6,2,1,1,0,0,6.922958157000039,50.952260283000044
2024,6,8,4,3,4,2,0,1,1,0,0,6.890848361000053,50.946756977000064
2024,6,7,4,3,5,3,0,1,1,0,0,6.880684826000049,50.94732804200004
2024,6,10,4,3,2,2,0,1,1,0,0,7.018597443000033,50.87483404000005
2024,6,22,4,3,0,1,2,1,0,0,0,6.958885916000042,50.93634126000006
2024,6,7,4,3,5,3,0,1,1,0,0,6.947081777000051,50.92698962600008
2024,6,20,3,3,0,1,0,1,0,0,0,6.925801566000075,50.923668486000054
2024,6,17,3,3,0,1,0,1,0,0,0,6.950101867000058,50.92568759100004
2024,6,8,3,3,0,1,0,1,0,0,0,6.958835308000062,50.92348586300005
2024,6,8,5,2,0,2,0,1,1,0,0,7.587730476000047,51.965471430000036
2024,6,19,6,2,0,1,0,1,0,0,0,7.077948052000067,50.89153878400003
2024,6,15,2,3,0,7,0,1,0,0,0,6.911749127000064,50.93829218700006
2024,6,15,2,3,0,1,0,1,0,0,0,6.901537821000034,50.92633810700005
2024,6,15,2,3,0,1,0,1,0,0,0,6.941561390000061,50.91085752400005
2024,6,15,2,3,0,1,0,1,0,0,0,6.923239031000037,50.92280229000005
2024,6,11,2,3,5,3,0,1,1,0,0,6.947413185000073,50.94588688500005
2024,6,14,2,2,5,3,0,1,1,0,0,7.95845422900004,51.68458895400005
2024,6,13,1,3,0,1,0,1,0,0,0,6.928229078000072,50.94174778300004
2024,6,12,1,3,2,6,0,1,1,0,0,6.899857446000055,50.96388736100005
2024,6,13,1,3,0,5,0,1,1,0,0,6.954180754000049,50.89701993300008
2024,6,20,7,3,5,3,0,1,1,0,0,7.018545765000056,50.94203547400008
2024,6,18,7,3,0,1,0,1,0,0,0,6.986295497000071,50.95307672200005
2024,6,10,7,2,0,1,0,1,0,0,0,6.901363478000064,51.005377356000054
2024,6,19,7,3,5,2,0,1,1,0,0,6.91271757100003,50.952783089000036
2024,6,20,7,3,1,6,0,1,1,0,0,6.959619401000054,50.91972832700003
2024,7,13,1,3,0,1,0,1,0,0,0,6.97635006400003,50.975280456000064
2024,7,13,1,3,0,1,0,1,0,0,0,6.885156540000025,50.933813920000034
2024,7,14,1,3,5,3,0,1,1,0,0,6.917812858000048,50.91864523900006
2024,7,17,1,3,0,2,0,1,1,0,0,6.93296708400004,50.93172644500004
2024,7,18,7,3,0,5,0,1,0,0,0,7.03437445000003,50.96657821000008
2024,7,16,7,3,5,3,0,1,1,0,0,6.931626705000042,50.93142342600004
2024,7,20,7,3,6,4,0,1,0,1,0,6.935562553000068,50.942267505000075
2024,7,17,6,3,4,6,0,1,0,0,0,7.65223394800006,51.99293872100003
2024,7,18,6,3,6,4,0,1,0,1,0,6.963416293000023,50.95424484900008
2024,7,21,6,3,0,7,1,1,0,0,0,6.919494385000064,50.92602359600005
2024,7,18,6,3,0,1,0,1,1,0,0,6.92065780300004,50.921883308000076
2024,7,13,6,3,5,2,0,1,1,0,0,6.934919892000039,50.94115977200005
2024,7,9,6,3,3,5,0,1,1,0,0,6.923787601000072,50.90898338100004
2024,7,18,5,3,5,2,0,1,0,0,0,7.652631641000028,51.95538565800007
2024,7,17,5,3,0,7,0,1,1,0,0,7.570784591000063,51.96034306700005
2024,7,8,5,2,0,3,0,1,1,0,0,7.613656240000068,51.917165745000034
2024,7,18,5,3,5,3,0,1,1,0,0,6.950338306000049,50.94921251200003
2024,7,9,5,3,5,3,0,1,0,0,0,6.936412072000053,50.92915282200005
2024,7,12,4,3,5,7,0,1,1,0,0,7.611532922000038,51.953045133000046
2024,7,18,4,3,4,6,0,1,0,0,1,6.919684157000063,50.95217743300003
2024,7,15,4,3,2,6,0,1,0,0,0,6.933356116000027,50.943338416000074
2024,7,22,3,3,3,6,1,1,0,0,0,7.59600574500007,51.97226944500005
2024,7,16,3,3,5,3,0,1,1,0,0,6.93636975000004,50.94710433900008
2024,7,14,3,3,4,3,0,1,0,0,0,6.939479298000037,50.93882604200007
2024,7,9,3,3,2,6,0,1,1,0,0,6.940832248000049,50.94163438700008
2024,7,21,2,3,5,3,1,1,0,0,0,7.606365173000029,51.94179857300003
2024,7,6,2,3,4,6,0,1,0,0,0,6.901593672000047,50.95720709200003
2024,7,9,2,2,5,2,0,1,1,0,0,6.910734787000024,50.919369549000066
2024,7,17,2,2,6,4,0,1,0,1,0,7.76587044300004,51.69539580500003
2024,7,18,1,3,0,1,0,1,0,0,0,6.999678480000057,50.964489265000054
2024,7,19,3,3,1,5,0,1,1,0,0,6.943023195000023,50.927691828000036
2024,7,23,7,2,0,1,2,1,0,0,0,7.637685194000028,51.92614911000004
2024,7,20,7,3,9,2,0,1,0,0,0,7.082495253000047,50.887320886000055
2024,7,22,7,3,0,1,2,1,0,0,0,6.933310666000068,50.94362465000006
2024,7,0,7,2,0,1,2,1,0,0,0,6.945560789000069,50.91079388700007
2024,7,14,7,3,5,3,0,1,1,0,0,7.808711405000054,51.71265416500006
2024,7,15,5,3,5,3,0,1,1,0,0,7.615850496000064,51.983818908000046
2024,7,7,6,2,5,3,0,1,1,0,0,7.585296640000024,51.92939561400004
2024,7,21,6,3,0,6,0,1,1,0,0,6.980056620000028,50.93640629500004
2024,7,15,6,3,0,1,0,1,0,0,0,7.021767744000044,50.96724829900006
2024,7,22,6,3,0,5,2,1,1,0,0,6.920036093000022,50.948443679000036
2024,7,22,6,3,1,5,2,1,1,0,0,6.910132845000021,50.954683964000026
2024,7,7,6,3,3,6,0,1,0,0,0,7.007115838000061,50.88413727000005
2024,7,10,6,3,0,5,0,1,1,0,0,6.953709661000062,50.94255892600006
2024,7,17,5,2,5,3,0,1,0,0,0,7.639218990000074,51.95787217700007
2024,7,16,5,3,5,2,0,1,1,0,0,7.63564804300006,51.91444074200007
2024,7,15,5,3,0,4,0,1,0,1,0,7.565109711000048,51.961102321000055
2024,7,8,5,3,1,1,0,1,0,0,0,7.666544548000047,51.95994663100004
2024,7,11,5,3,5,3,0,1,1,0,0,6.954776775000028,50.972125032000065
2024,7,9,5,3,5,2,0,1,1,0,0,6.891484254000034,50.95600408800004
2024,7,7,5,3,3,6,0,1,0,0,0,6.942852899000059,50.922704972000076
2024,7,17,4,3,0,2,0,1,0,0,0,7.633639462000076,51.965486447000046
2024,7,13,4,3,0,5,0,1,1,0,0,7.635506472000031,51.96604158700006
2024,7,15,4,3,0,5,0,1,1,0,0,7.009679108000057,50.93695211900007
2024,7,8,4,3,0,7,0,1,1,0,0,6.907972903000029,50.938508143000035
2024,7,18,4,3,0,5,0,1,1,0,0,6.958234712000035,50.925916347000054
2024,7,9,3,3,0,6,0,1,0,0,0,7.636034801000051,51.98509696100007
2024,7,8,3,3,5,1,0,1,1,0,0,7.653533134000043,51.93250050700004
2024,7,8,3,3,5,3,0,1,1,0,0,7.594787152000038,51.954819506000035
2024,7,13,3,3,0,5,0,1,1,0,0,7.025115946000028,50.934659099000044
2024,7,19,3,3,1,5,0,1,1,0,0,6.910380757000041,50.917354008000075
2024,7,15,2,3,0,1,0,1,0,0,0,7.633580769000048,51.96019325700007
2024,7,13,2,3,1,5,0,1,1,0,0,7.652650344000051,51.95576459100005
2024,7,12,2,3,0,7,0,1,1,0,0,7.001281170000027,50.95355321400007
2024,7,13,2,3,5,3,0,1,1,0,0,6.943365654000047,50.968808746000036
2024,7,14,2,3,1,5,0,1,0,0,1,7.001844557000027,50.875548664000064
2024,7,9,3,3,0,1,0,1,0,0,0,6.920847370000047,50.91408768500003
2024,7,16,2,3,1,5,0,1,1,0,0,7.814749454000037,51.67762124700005
2024,6,20,1,3,4,6,0,1,0,0,0,7.063051528000074,50.89144883800003
2024,6,1,1,3,6,2,2,1,0,1,0,6.91479337800007,50.95145253900006
2024,6,0,1,3,0,1,2,1,0,0,0,6.969695725000065,50.91868488100005
2024,6,20,7,3,5,7,0,1,1,0,0,7.643699406000053,51.942554664000056
2024,6,16,7,3,0,1,0,1,0,0,0,7.631612638000036,51.96675935500008
2024,6,14,7,2,5,7,0,1,1,0,0,7.700410009000052,51.98877554000006
2024,6,10,7,2,4,6,0,1,0,0,0,7.630018921000044,51.96790245700004
2024,6,1,7,2,0,5,2,1,1,0,0,6.946703091000074,50.95850305000005
2024,6,11,7,3,4,2,0,1,1,0,0,6.836737501000073,50.93885920500003
2024,6,9,7,3,0,1,0,1,0,0,0,6.891268594000053,50.93452389000004
2024,6,10,7,3,5,3,0,1,1,0,0,6.964718335000043,50.903284332000055
2024,7,12,2,3,3,2,0,1,1,0,0,7.604431968000029,51.963164264000056
2024,7,11,4,3,4,6,0,1,0,0,0,7.597090567000066,51.95841502300004
2024,7,14,4,3,0,1,0,1,0,0,0,6.983532694000075,50.97064989900008
2024,7,14,4,3,0,1,0,1,0,0,0,6.905414808000046,50.96793563300008
2024,7,12,4,3,0,1,0,1,0,0,0,6.928193997000051,50.941768714000034
2024,7,19,3,3,0,5,0,1,1,0,0,7.623552164000046,51.95387846300008
2024,7,19,3,3,0,1,0,1,0,0,0,6.836528627000064,50.96128954500006
2024,7,9,3,3,6,4,0,1,0,1,0,6.924308869000072,50.94407129000007
2024,7,1,3,2,0,1,2,1,0,0,0,6.903063215000032,50.956711718000065
2024,7,20,3,3,0,1,0,1,0,0,0,6.937605868000048,50.929334022000035
2024,7,5,2,3,6,6,0,1,0,1,0,7.645365599000058,51.972049266000056
2024,7,18,2,3,5,2,0,1,1,0,0,7.073112391000052,50.97247573900006
2024,7,12,1,3,6,4,0,1,0,1,0,7.700672595000071,51.96342672600008
2024,7,13,1,3,0,5,0,1,0,0,0,7.001444194000044,50.94317674100006
2024,7,14,1,3,0,1,0,1,0,0,0,6.973377635000077,50.978090406000035
2024,7,16,1,3,5,3,0,1,1,0,0,6.958753423000076,50.90611338600007
2024,7,1,1,3,0,1,2,1,0,0,0,6.924402054000041,50.91770285000007
2024,7,13,6,3,1,5,0,1,1,0,0,7.642434756000057,51.96118458800004
2024,7,16,6,2,0,7,0,1,0,0,0,7.055825641000069,50.894564410000044
2024,7,18,6,3,0,1,0,1,0,0,0,6.973199711000063,50.94027847800004
2024,7,0,6,2,0,1,2,1,0,0,0,6.933276584000055,50.94337524500003
2024,7,17,6,3,8,1,0,1,0,0,0,6.988689101000034,50.87001273000004
2024,7,16,5,3,5,3,0,1,1,0,0,7.632102517000021,51.90077000500003
2024,7,10,5,3,1,7,0,1,1,0,0,7.618939375000025,51.94469327200005
2024,7,16,5,3,5,5,0,1,1,0,0,7.079623112000036,50.943601725000065
2024,7,10,5,3,0,3,0,1,1,0,0,6.839037679000057,50.96243694600008
2024,7,8,5,3,0,1,0,1,0,0,0,6.926676809000071,50.942675199000064
2024,7,16,5,3,0,1,0,1,0,0,0,6.922033145000057,50.92237410000007
2024,7,19,4,2,5,3,0,1,1,0,0,7.598764859000028,51.997507419000044
2024,7,12,4,3,5,3,0,1,0,0,0,7.621439751000025,51.958437736000064
2024,7,20,4,3,0,3,0,1,1,0,0,7.066325587000051,50.89712086700007
2024,7,11,4,3,5,7,0,1,1,0,0,6.932621589000064,50.93189488500008
2024,7,16,3,3,5,3,0,1,1,0,0,7.017647004000025,50.95684404200006
2024,7,10,3,3,0,2,0,1,1,0,0,6.902218353000023,50.95201524400005
2024,7,22,2,3,0,1,2,1,0,0,0,7.654293417000076,51.947671058000026
2024,7,9,2,3,5,2,0,1,1,0,0,7.075245313000039,50.89304033500008
2024,7,8,2,3,5,3,0,1,0,0,0,6.922524578000036,50.94075749500007
2024,7,12,2,3,5,2,0,1,0,0,0,6.963138091000076,50.88045128400006
2024,7,8,2,3,0,7,0,1,0,0,0,7.015116959000068,50.885079467000025
2024,7,9,2,3,5,3,0,1,1,0,0,7.79001368400003,51.688940208000076
2024,7,8,2,3,1,5,0,1,1,0,0,7.796967799000072,51.67438867700008
2024,7,14,1,3,8,7,0,1,0,0,0,6.890805723000028,50.95060525000008
2024,7,14,1,3,4,5,0,1,0,0,0,6.907246271000076,50.92277159200006
2024,7,13,7,3,0,7,0,1,1,0,0,7.66384978800005,51.90268638400005
2024,7,20,7,2,8,1,1,1,1,0,0,6.978602192000039,51.00434963200007
2024,7,8,7,3,0,7,0,1,0,0,0,7.005848607000075,50.86512158200003
2024,7,17,7,3,6,4,0,1,0,1,0,6.956777050000028,50.948723648000055
2024,7,22,6,3,0,1,2,1,0,0,0,6.96346641100007,50.96001042200004
2024,7,12,6,3,2,6,0,1,0,0,0,6.948790966000047,50.97330626100006
2024,7,15,6,3,1,5,0,1,1,0,0,6.922014464000029,50.93781092300003
2024,7,17,6,3,3,6,0,1,0,0,0,6.90285435100003,50.956781629000034
2024,7,12,6,3,0,7,0,1,0,0,0,6.863049142000023,50.961982840000076
2024,7,13,6,3,0,5,0,1,0,0,0,6.956240936000029,50.93424919200004
2024,7,16,5,3,5,3,0,1,0,0,0,7.661457308000024,51.911517323000055
2024,7,20,5,3,8,7,0,1,1,0,0,7.628033715000072,51.93796827700004
2024,7,11,5,3,0,7,0,1,0,0,1,6.974436251000043,50.936700124000026
2024,7,7,5,3,5,3,0,1,1,0,0,6.91960008500007,51.03316893400006
2024,7,15,5,3,0,1,0,1,0,0,0,6.919954238000059,50.95775127700006
2024,7,18,5,3,5,3,0,1,0,0,0,6.961374331000059,50.94604740200003
2024,7,14,5,3,0,1,0,1,0,0,0,6.958091886000034,50.93530433400008
2024,7,22,6,3,5,2,2,1,1,0,0,6.923617676000049,50.95258142300003
2024,7,20,4,2,5,3,0,1,1,0,0,7.620494175000033,51.95758723200004
2024,7,18,4,3,0,3,0,1,0,0,0,7.624037827000052,51.96211143900007
2024,7,14,4,3,6,6,0,1,0,1,0,7.628008458000068,51.96099408500004
2024,7,9,4,3,1,2,0,1,1,0,0,7.607863198000075,51.99379508200008
2024,7,8,4,3,1,5,0,1,1,0,0,7.674580199000047,51.96132669200006
2024,7,17,4,3,4,6,0,1,0,0,0,6.906215596000038,50.990699335000045
2024,7,8,4,3,5,3,0,1,1,0,0,6.913024928000027,50.971614497000076
2024,7,12,3,3,4,1,0,1,1,0,0,7.612523142000043,51.95758836200008
2024,7,17,3,3,5,3,0,1,1,0,0,7.632858241000065,51.919445335000034
2024,7,14,3,3,5,3,0,1,1,0,0,7.659008453000069,51.95853125800005
2024,7,8,3,3,8,1,0,1,0,0,0,7.099189484000021,50.872655689000055
2024,7,17,3,2,6,4,0,1,0,1,0,6.965035599000032,50.91176757900007
2024,7,12,3,3,0,1,0,1,0,0,0,6.95735314500007,50.94509863700006
2024,7,16,3,3,5,2,0,1,0,0,0,6.941429607000032,50.90767176000003
2024,7,19,6,3,5,2,0,1,0,0,0,6.956278163000036,50.932789985000056
2024,7,13,2,2,5,3,0,1,1,0,0,6.976349938000055,50.96902327000004
2024,7,16,2,3,5,3,0,1,1,0,0,6.832575023000061,50.95992762100008
2024,7,16,2,3,1,5,0,1,1,0,0,7.008143013000051,50.89190210000004
2024,8,23,7,3,9,7,2,1,0,0,0,7.620119767000062,51.963431537000076
2024,8,18,7,3,0,7,0,1,0,0,0,7.609993135000025,51.93838159000006
2024,8,14,7,3,0,1,0,1,0,0,0,7.636242191000065,51.91324682100003
2024,8,11,7,3,4,7,0,1,0,1,0,7.662983354000062,51.98013735200004
2024,8,6,7,3,5,2,1,1,1,0,0,6.907037746000071,51.02297039200005
2024,8,13,7,3,0,1,0,1,1,0,0,6.832630485000038,50.97079854000003
2024,8,17,7,3,0,1,0,1,0,0,0,6.940965792000043,50.91439429400003
2024,8,11,7,2,0,1,0,1,0,0,0,6.940671331000033,50.90705088200008
2024,8,11,6,3,3,6,0,1,1,0,0,7.670508487000063,51.92599616200005
2024,8,23,6,2,0,1,0,1,0,0,0,7.081102575000045,50.88386608500008
2024,8,18,6,2,0,1,0,1,0,0,0,6.915700879000042,50.99279967200005
2024,8,15,6,3,5,3,0,1,1,0,0,6.972290889000021,50.855111427000054
2024,8,13,6,3,0,1,0,1,0,0,0,6.95531343600004,50.946071164000045
2024,8,15,5,3,5,3,0,1,1,0,0,6.999132864000046,50.939165830000036
2024,8,8,5,3,3,6,0,1,0,0,0,7.029711013000053,50.989527398000064
2024,8,7,5,3,0,2,0,1,0,0,0,6.932998520000069,50.94935183200005
2024,8,9,5,3,5,2,0,1,1,0,0,6.956678063000027,50.932901609000055
2024,8,18,4,3,1,5,0,1,1,0,0,7.617947080000022,51.97165393700004
2024,8,16,4,3,5,3,0,1,1,0,0,7.005473547000065,50.946298521000074
2024,8,19,4,3,0,1,1,1,0,0,0,6.901455120000037,50.92885806100003
2024,8,18,4,3,0,2,0,1,0,0,0,6.961519529000043,50.914623101000075
2024,8,16,3,3,0,3,0,1,1,0,0,7.636430180000048,51.96045443700007
2024,8,9,3,3,5,3,0,1,1,0,0,7.048043474000053,50.91855695600003
2024,8,12,3,3,5,3,0,1,1,0,0,7.057279779000055,50.96751241000004
2024,8,7,3,2,0,1,0,1,0,0,0,6.916192376000026,50.96135534900003
2024,8,15,2,3,0,3,0,1,1,0,0,7.522194158000048,51.92369927400006
2024,8,10,2,3,5,3,0,1,0,0,0,7.625456396000061,51.91018829200004
2024,8,6,2,3,4,6,0,1,0,0,0,7.612241097000037,51.98016110900005
2024,8,13,2,3,3,6,0,1,1,0,0,7.607414384000037,51.94205110100006
2024,8,9,2,3,0,4,0,1,0,1,0,6.932229733000042,50.96908121300004
2024,8,8,2,2,0,5,0,1,1,0,0,6.833531266000023,50.96027620700005
2024,8,17,2,3,5,2,0,1,1,0,0,6.962362572000075,50.914385191000065
2024,8,17,1,3,0,1,0,1,0,0,0,6.951848066000025,50.98475314400008
2024,8,16,7,3,4,6,0,1,0,0,0,6.973117529000035,50.942210689000035
2024,8,16,7,3,1,5,0,1,1,0,0,7.005000813000038,50.955202962000044
2024,8,17,6,3,1,5,0,1,1,0,0,7.622001390000037,51.95893744800003
2024,8,20,6,3,0,1,0,1,0,0,0,6.925489041000048,50.95278611100008
2024,8,21,6,2,6,7,1,1,0,1,0,7.002920299000039,50.879329451000046
2024,8,10,6,3,0,1,0,1,0,0,0,6.93546944600007,50.928094936000036
2024,8,23,6,3,0,1,2,1,0,0,0,7.058078716000068,50.87785222900004
2024,8,11,5,3,0,1,0,1,1,0,0,6.99206552000004,50.89544841400004
2024,8,21,5,3,2,6,2,1,1,1,0,6.952748597000038,50.950131931000044
2024,8,11,5,3,5,2,0,1,1,0,0,6.943728368000052,50.94419293800007
2024,8,7,5,3,0,5,0,1,1,0,0,6.935705662000032,50.942375930000026
2024,8,13,4,2,1,5,0,1,1,0,0,7.619319611000037,51.961642966000056
2024,8,17,4,3,5,3,0,1,1,0,0,6.947721741000066,50.93886630500003
2024,8,9,3,3,0,1,0,1,0,0,0,6.924399373000028,50.91770081400006
2024,8,7,3,3,5,3,0,1,0,0,0,6.962894884000036,50.91808756800003
2024,8,9,2,3,1,6,0,1,1,0,0,6.999910407000073,50.92906575500007
2024,8,20,2,3,9,6,0,1,1,0,0,7.070285932000047,50.96904016700006
2024,8,13,2,3,0,1,0,1,0,0,0,6.922207999000022,50.97314634600008
2024,8,14,2,2,6,4,0,1,0,1,0,6.900747562000049,50.95755850900008
2024,8,17,1,3,0,1,0,1,0,0,0,7.06073030500005,50.94672336200006
2024,8,8,1,3,0,5,0,1,1,0,0,7.068236788000036,50.97215409300003
2024,8,1,1,3,0,1,2,1,0,0,0,7.773747252000021,51.67117083900007
2024,8,14,7,3,5,2,0,1,1,0,0,7.068871399000045,50.89202478200008
2024,8,12,7,3,3,6,0,1,0,0,0,6.888188448000051,50.963466108000034
2024,8,13,7,3,1,5,0,1,1,0,0,6.935486065000021,50.92810448300003
2024,8,16,7,3,5,3,0,1,1,0,0,6.960368552000034,50.918348766000065
2024,8,16,1,2,0,1,0,1,0,0,0,7.77057674200006,51.69430767700004
2024,8,16,6,3,0,5,0,1,1,0,0,7.001600347000021,50.941075848000025
2024,8,22,6,3,0,1,2,1,0,0,0,6.879021426000065,50.931908520000036
2024,8,12,6,2,5,3,0,1,1,0,0,6.932032850000041,50.91986350700006
2024,8,11,6,3,3,5,0,1,0,0,0,6.998041611000076,50.88499449100004
2024,8,16,5,3,5,2,0,1,1,0,0,7.579779150000036,51.967461884000045