UJAHR,UMONAT,USTUNDE,UWOCHENTAG,UKATEGORIE,UART,UTYP1,ULICHTVERH,IstRad,IstPKW,IstFuss,IstKrad,XGCSWGS84,YGCSWGS84
2024,8,14,6,3,3,6,0,1,1,0,0,6.974429607000047,50.97659784900003
2024,8,20,2,3,5,3,0,1,1,0,0,7.684091009000042,51.91456730500005
2024,8,8,5,3,1,5,0,1,1,0,0,6.958143540000037,51.02379104500005
2024,8,15,7,3,0,1,0,1,0,0,0,6.921462580000025,50.97216128800005
2024,8,2,7,3,0,1,2,1,0,0,0,6.928218899000058,50.953871578000076
2024,8,12,7,3,0,1,0,1,0,0,0,6.920390523000037,50.91359771800006
2024,8,15,7,3,5,3,0,1,1,0,0,6.953475954000055,50.948475923000046
2024,8,16,6,3,5,3,0,1,0,0,0,7.671100673000069,51.94378529200003
2024,8,13,6,3,5,7,0,1,0,0,0,7.620551207000062,51.957634324000026
2024,8,7,6,3,0,3,0,1,1,0,0,7.596512261000044,51.93659059100003
2024,8,16,6,3,5,3,0,1,0,0,0,7.033628228000055,50.896433493000075
2024,8,14,6,3,2,2,0,1,1,0,0,6.945098227000074,50.92700333800008
2024,8,21,5,3,0,7,2,1,0,0,0,7.004573959000027,50.97396850300004
2024,8,17,5,2,5,3,0,1,1,0,0,7.00163387300006,50.95603106900006
2024,8,17,5,3,4,6,0,1,0,0,0,6.931076268000027,50.94097221900006
2024,8,16,5,3,3,6,0,1,1,0,0,6.955308628000068,50.90213611300004
2024,8,16,5,3,0,3,0,1,1,0,0,6.960297657000069,50.91091701700003
2024,8,15,5,3,4,6,0,1,0,0,0,6.949746918000073,50.91895805200005
2024,8,8,5,3,3,6,0,1,0,0,0,6.958181416000059,50.91667040300007
2024,8,13,4,3,5,3,0,1,1,0,0,7.610256157000038,51.97251445100005
2024,8,11,4,3,6,7,0,1,0,1,0,7.621407920000024,51.958400737000034
2024,8,7,4,3,5,3,0,1,0,0,0,7.635751550000066,51.937850628000035
2024,8,18,3,3,0,7,0,1,1,0,0,7.674357890000067,51.94914734300005
2024,8,17,3,3,0,2,0,1,0,0,0,7.64851802000004,51.95241727000007
2024,8,11,3,3,5,3,0,1,1,0,0,7.622079777000067,51.947816199000044
2024,8,8,3,3,5,7,0,1,0,0,0,7.621972611000047,51.96824935200004
2024,8,15,3,2,8,6,0,1,0,0,0,7.022421607000069,50.915538119000075
2024,8,18,3,3,5,2,0,1,1,0,0,7.089493262000076,50.97065222400005
2024,8,14,3,3,5,2,0,1,1,0,0,6.850826719000054,50.94805402000003
2024,8,14,3,3,0,2,0,1,1,0,0,6.998959562000039,50.89115080800008
2024,8,19,3,3,0,2,0,1,1,0,0,6.94889073500002,50.93487675500006
2024,8,13,2,3,0,1,0,1,0,0,0,7.604791633000048,51.94250137200004
2024,8,13,2,3,1,5,0,1,1,0,0,7.641024843000025,51.963062523000076
2024,8,10,2,3,1,1,0,1,1,0,0,7.048886320000065,50.949872001000074
2024,8,11,2,3,2,6,0,1,1,0,0,7.004594732000044,50.95091210900006
2024,8,1,2,3,0,1,2,1,0,0,0,7.04077097000004,50.996616782000046
2024,8,16,2,3,1,5,0,1,1,0,0,6.927565069000025,50.92020413300003
2024,8,12,2,3,5,2,0,1,1,0,0,6.924169121000034,50.923129852000045
2024,8,14,1,3,7,1,0,1,0,0,0,6.87656009400007,50.933565851000026
2024,8,18,7,3,5,7,0,1,1,0,0,7.008249758000034,50.966161630000045
2024,8,15,7,3,1,5,0,1,1,0,0,6.99375771900003,50.982934330000035
2024,8,13,7,3,5,2,0,1,1,0,0,7.002432752000061,50.97524092000003
2024,8,10,7,3,0,1,0,1,0,0,0,6.890727839000022,51.02492431600007
2024,8,13,7,3,5,3,0,1,1,0,0,6.847207228000059,50.94042060700008
2024,8,14,7,3,1,5,0,1,1,0,0,7.008704622000039,50.96596577400004
2024,8,10,6,3,0,7,0,1,0,0,0,7.627889656000036,51.96100611500003
2024,8,13,6,3,5,3,0,1,0,0,0,7.619319611000037,51.961642966000056
2024,8,7,6,3,5,3,1,1,1,0,0,7.630612434000057,51.93277769000008
2024,8,15,6,3,4,2,0,1,1,0,0,6.920211678000044,50.953781380000066
2024,8,13,6,3,1,5,0,1,1,0,0,6.88014740400007,50.96681253100007
2024,8,18,6,3,0,7,0,1,1,0,0,6.973668604000068,50.901245404000065
2024,8,14,6,3,1,5,0,1,1,0,0,7.020295782000062,50.89080752600006
2024,8,13,5,3,2,6,0,1,0,0,0,7.64851802000004,51.95241727000007
2024,8,14,5,3,0,7,0,1,0,0,0,7.636196762000054,51.91335863000006
2024,8,21,5,3,0,1,2,1,0,0,0,6.979081823000058,50.94163604000005
2024,8,15,5,3,0,1,0,1,0,0,0,6.979440108000063,50.97301089800004
2024,8,14,5,2,5,3,0,1,1,0,0,6.966763011000069,50.977519725000036
2024,8,14,5,3,1,5,0,1,1,0,0,6.918426343000021,50.944906840000044
2024,8,20,5,3,3,6,1,1,0,0,0,6.944713339000032,50.936840422000046
2024,8,12,4,3,0,7,0,1,0,0,0,7.639250541000024,51.966664224000056
2024,8,9,4,3,5,2,0,1,0,0,0,7.619985692000057,51.952251484000044
2024,8,9,4,3,5,3,0,1,1,0,0,6.891332504000047,51.01287137700007
2024,8,18,4,3,1,6,0,1,1,0,0,6.994712119000042,50.893254306000074
2024,8,9,4,3,5,2,0,1,0,0,0,6.944236303000025,50.94015677500005
2024,8,8,3,3,0,6,0,1,1,0,0,7.633109589000071,51.91897186600005
2024,8,20,3,2,0,1,1,1,0,0,0,6.901874663000058,50.99951854600005
2024,8,18,3,3,5,2,0,1,1,0,0,6.917728614000055,50.949540021000075
2024,8,9,3,3,6,4,0,1,0,1,0,6.953720733000068,50.93335373800005
2024,8,11,3,3,5,2,0,1,0,0,0,6.975842701000033,50.936843245000034
2024,8,11,2,3,0,2,0,1,0,0,1,7.671299237000028,51.95068642000007
2024,8,10,2,3,0,1,0,1,0,0,0,7.01037055200004,50.92571858000008
2024,8,14,2,3,5,3,0,1,0,0,0,6.929894873000023,50.99488245200007
2024,8,17,2,3,0,3,0,1,0,0,0,6.926056191000043,50.953012638000075
2024,8,14,5,3,0,7,0,1,1,0,0,7.631531684000038,51.96272023800003
2024,8,19,1,3,1,5,0,1,1,0,0,7.538349968000034,51.95171764500003
2024,8,13,1,3,1,5,0,1,1,0,0,6.954665056000067,50.94258511100003
2024,8,9,6,3,0,5,0,1,1,0,0,7.669585462000043,51.92713056500003
2024,9,15,7,3,0,1,0,1,0,0,0,6.984586673000024,50.93804504000008
2024,9,10,7,3,2,6,0,1,1,0,0,6.960183614000073,50.976698025000076
2024,9,16,7,3,4,2,0,1,1,0,0,6.925419239000064,50.94617995200008
2024,9,18,7,3,0,7,0,1,0,0,0,6.91798721300006,50.928649551000035
2024,9,10,7,3,4,2,0,1,1,0,0,6.935560924000072,50.94226627100005
2024,9,13,6,3,5,2,0,1,1,0,0,7.599952612000038,51.99683427100007
2024,9,13,6,3,0,5,0,1,1,0,0,7.670954129000052,51.96123516100005
2024,9,13,6,2,0,5,0,1,1,0,0,7.00764367000005,50.939834457000075
2024,9,22,6,2,1,5,2,1,1,0,0,7.019827773000031,50.87033267900006
2024,9,12,5,2,4,6,0,1,1,0,0,7.034917751000023,50.896539423000036
2024,9,14,5,3,0,1,0,1,0,0,0,6.954052231000048,50.96497886700007
2024,9,14,5,3,0,6,0,1,1,0,0,6.937246667000068,50.918759118000025
2024,9,16,5,3,5,2,0,1,1,0,0,6.945525186000054,50.90992509700004
2024,9,12,5,3,4,6,0,1,1,0,0,6.959463266000057,50.922110599000064
2024,9,14,4,3,6,6,0,1,0,1,0,6.92117363400007,50.97805184900005
2024,9,16,4,3,6,4,0,1,0,1,0,6.921746967000047,50.946966125000074
2024,9,16,4,2,0,1,0,1,0,0,0,6.945369117000041,50.904540018000034
2024,9,19,4,3,1,5,1,1,1,0,0,6.938827444000026,50.93932363300007
2024,9,14,4,3,5,3,0,1,1,0,0,6.948511513000028,50.93377286600003
2024,9,12,4,3,0,5,0,1,1,0,0,6.945860430000039,50.94125463700004
2024,9,8,4,3,0,2,0,1,1,0,0,6.961127508000061,50.91586413300007
2024,9,11,3,3,0,1,0,1,0,0,0,6.852653883000073,51.01293639700003
2024,9,13,3,3,5,3,0,1,1,0,0,6.881622594000021,50.94845113500003
2024,9,17,3,2,5,3,0,1,1,0,0,6.939810722000061,50.92184709500003
2024,9,13,3,3,2,6,0,1,1,0,0,7.758472544000028,51.69647337400005
2024,9,13,2,3,4,3,0,1,1,0,0,7.078354952000041,50.98096765100007
2024,9,18,2,3,3,6,0,1,1,0,0,6.957841574000042,50.963720898000076
2024,9,18,6,3,0,1,0,1,0,0,0,6.929518027000029,50.90828875400007
2024,9,13,2,3,5,3,0,1,1,0,0,7.814506735000066,51.68114077400003
2024,9,18,1,2,2,6,0,1,0,0,0,7.040291321000041,50.89540832300003
2024,9,15,1,3,0,3,0,1,0,0,0,6.973153637000053,50.94161222900004
2024,9,10,1,3,0,1,0,1,0,0,0,6.97178870700003,51.00054132400004
2024,9,8,1,3,0,1,0,1,0,0,0,7.067562782000039,50.98663390300004
2024,9,14,1,3,0,6,0,1,0,1,0,6.95225504900003,50.949948902000074
2024,9,14,1,3,6,4,0,1,0,1,0,7.801497034000022,51.68542480200006
2024,9,15,7,3,2,7,0,1,0,0,0,7.061982167000053,50.89695279400007
2024,9,19,7,3,0,1,0,1,0,0,0,6.926081237000062,50.923760188000074
2024,9,18,7,3,5,3,0,1,1,0,0,6.936308542000063,50.92858369700008
2024,9,16,6,3,3,7,0,1,1,0,0,7.613077007000072,51.98370365900007
2024,9,8,6,3,0,3,0,1,1,0,0,7.622056504000057,51.94781627900005
2024,9,0,6,3,0,1,2,1,0,0,0,6.989140102000022,50.96804537200006
2024,9,14,6,3,5,2,0,1,0,0,0,6.893704139000022,50.96078415100004
2024,9,12,6,3,0,3,0,1,0,0,0,6.940389306000043,50.936780888000044
2024,9,18,5,3,4,6,0,1,0,0,0,7.060512995000067,50.88977841900004
2024,9,16,5,3,0,3,0,1,1,0,0,7.041454862000023,50.941217348000066
2024,9,13,5,3,5,3,0,1,0,0,0,7.053326926000068,50.887409525000066
2024,9,11,5,3,3,5,0,1,1,0,0,7.055598428000053,50.97175656700006
2024,9,16,5,3,0,3,0,1,1,0,0,6.906689665000044,50.991026343000044
2024,9,7,5,3,6,7,0,1,0,1,0,6.903524417000028,50.96019670800007
2024,9,18,5,3,5,3,0,1,1,0,0,6.957654839000043,50.87348982100008
2024,9,19,5,3,1,6,0,1,1,0,0,7.003559705000043,50.89211162700008
2024,9,12,4,3,5,3,0,1,1,0,0,7.629289381000035,51.95025430000004
2024,9,21,4,3,0,1,2,1,0,0,0,7.633639462000076,51.965486447000046
2024,9,20,4,2,0,1,2,1,1,0,0,7.623698927000021,51.91098779600003
2024,9,19,4,3,5,3,0,1,1,0,0,7.628835708000054,51.95916118400004
2024,9,7,4,3,0,5,0,1,1,0,0,7.010852305000071,50.963854336000054
2024,9,7,4,3,0,7,0,1,1,0,0,6.914661083000055,50.951525212000035
2024,9,17,4,3,0,6,0,1,0,0,0,6.919592329000068,50.91274164200007
2024,9,16,4,3,5,5,0,1,1,0,0,6.946435928000028,50.937873180000054
2024,9,14,3,3,3,1,0,1,0,0,0,7.56155463500005,51.95991588900006
2024,9,14,7,3,0,1,0,1,0,0,0,6.940726239000071,50.93113108600005
2024,9,9,5,3,5,3,0,1,1,0,0,6.969177522000052,50.968807886000036
2024,9,19,3,3,5,2,1,1,1,0,0,6.981495002000031,50.94991246400008
2024,9,9,3,2,5,3,0,1,0,0,0,7.006897783000056,50.98496714000004
2024,9,18,3,3,5,2,0,1,1,0,0,6.920912466000061,50.911046973000055
2024,9,12,3,3,5,3,0,1,1,0,0,7.82532324500005,51.68316299800006
2024,9,9,2,3,0,1,0,1,0,0,0,7.03032913100003,50.94390236800007
2024,9,12,2,3,5,3,0,1,1,0,0,6.832427829000039,50.95988143300008
2024,9,16,2,3,1,7,0,1,1,0,0,7.809112044000074,51.67891036100008
2024,9,10,1,3,5,3,0,1,1,0,0,7.611814449000065,51.93091973500003
2024,9,11,1,3,2,6,0,1,0,0,0,7.635251642000071,51.93921872900006
2024,9,15,1,3,1,7,0,1,1,0,0,6.884739326000044,51.000186631000076
2024,9,20,1,3,4,6,2,1,0,0,0,6.945632242000045,50.910318622000034
2024,9,11,1,3,2,6,0,1,0,0,0,6.964957627000047,50.94844810200004
2024,9,9,1,3,4,2,0,1,1,0,0,6.952074191000065,50.922890540000026
2024,8,0,7,3,4,6,2,1,0,0,0,7.633639462000076,51.965486447000046
2024,9,22,7,3,1,1,2,1,1,0,0,7.633985789000064,51.94998251800007
2024,9,0,7,3,9,1,2,1,0,0,0,7.600477091000073,51.92844719400006
2024,9,18,6,3,3,2,0,1,0,0,0,7.633639462000076,51.965486447000046
2024,9,9,6,3,1,5,0,1,1,0,0,6.911981261000051,50.95326332900004
2024,9,17,6,3,0,1,0,1,0,0,0,6.928084693000073,50.91291925100006
2024,9,18,6,3,5,2,2,1,1,0,0,7.885861317000035,51.68604625800003
2024,9,5,5,3,5,3,2,1,1,0,0,6.961189241000056,50.98629973200008
2024,9,9,5,3,4,6,0,1,0,0,0,6.940396480000061,50.95836882400005
2024,9,7,5,3,0,2,0,1,1,0,0,6.89844105100002,50.94321871200003
2024,9,19,6,3,5,3,0,1,1,0,0,6.902502129000027,50.91862110200003
2024,9,13,5,3,0,1,0,1,0,0,0,7.829522681000071,51.672256004000076
2024,9,22,4,2,4,2,2,1,0,0,0,7.633639462000076,51.965486447000046
2024,9,13,4,3,1,7,0,1,0,0,0,7.636405602000025,51.955916967000064
2024,9,15,4,3,5,3,0,1,1,0,0,6.919607916000075,50.95722364400007
2024,9,18,4,2,0,3,1,1,1,0,0,6.940389306000043,50.936780888000044
2024,9,8,3,3,5,3,0,1,1,0,0,7.646862684000041,51.946096225000076
2024,9,20,3,2,5,3,2,1,1,0,0,6.995246000000066,50.93931065700008
2024,9,15,3,3,0,3,0,1,1,0,0,6.956801920000032,50.97415440800006
2024,9,17,3,3,1,5,0,1,1,0,0,6.915419296000039,50.95103487700004
2024,9,10,3,3,0,1,0,1,0,0,0,6.913991547000023,50.92014767400008
2024,9,9,3,3,0,1,0,1,0,0,0,6.93473896200004,50.92768584500004
2024,9,21,3,3,5,7,2,1,1,0,0,6.933588535000069,50.93248139200006
2024,9,17,2,3,5,2,0,1,1,0,0,7.573440042000072,51.92407527200004
2024,9,8,2,3,5,2,0,1,0,0,0,7.646274357000038,51.92825942300004
2024,9,7,2,3,0,6,0,1,0,0,0,7.616120283000043,51.93664184700003
2024,9,8,2,3,1,3,0,1,0,0,0,7.641772553000067,51.96312566000006
2024,9,18,2,3,3,2,0,1,1,0,0,6.994752565000056,50.94319546500003
2024,9,8,2,3,2,3,0,1,1,0,0,7.066393504000075,50.89695087300004
2024,9,18,2,3,5,2,0,1,1,0,0,7.010068244000024,50.95224994000006
2024,9,9,2,2,4,3,0,1,1,0,0,6.836737501000073,50.93885920500003
2024,9,8,2,3,0,1,0,1,0,0,0,7.807360593000055,51.67431127800006
2024,9,8,1,3,1,5,0,1,1,0,0,7.67024391800004,51.92819542900003
2024,9,12,1,3,5,3,0,1,1,0,0,7.030158660000041,50.993477289000054
2024,9,11,1,3,8,7,0,1,1,0,0,6.939860229000033,50.93372687200008
2024,9,18,7,2,0,6,0,1,0,0,0,7.643200066000077,51.92758512900008
2024,9,14,7,3,2,7,0,1,1,0,0,6.994862569000077,50.940481902000045
2024,9,16,7,3,2,6,0,1,1,0,0,6.928752045000067,50.92461188800007
2024,9,13,7,3,0,1,0,1,1,0,0,6.935480397000049,50.92810122600008
2024,9,0,7,3,0,1,2,1,0,0,0,6.960322142000052,50.93596402000003
2024,9,16,6,3,5,3,0,1,1,0,0,7.541597256000045,51.95461893600003
2024,9,7,6,3,3,3,0,1,1,0,0,7.613345319000075,51.99337083100005
2024,9,6,6,3,0,7,2,1,0,0,0,7.632361876000061,51.968293896000034
2024,9,14,6,3,5,2,0,1,0,0,0,7.078659953000056,50.871314099000074
2024,9,15,6,3,5,2,0,1,1,0,0,6.970537999000044,50.97454876300003
2024,9,7,6,3,0,1,0,1,0,0,0,6.947914981000054,50.91920991600006
2024,9,8,2,3,2,6,0,1,1,0,0,7.066487622000068,50.89704762300005
2024,9,11,7,2,0,5,0,1,1,0,0,7.012853570000061,50.954354755000054
2024,9,16,5,3,5,2,0,1,1,0,0,7.633923141000025,51.949765263000074
2024,9,15,5,3,1,5,0,1,1,0,0,7.006889123000065,50.96173403900008
2024,9,18,5,3,1,5,0,1,1,0,0,6.959726569000054,50.97384189500008
2024,9,6,5,2,5,3,2,1,1,0,0,6.958309614000029,51.027530822000074
2024,9,17,5,3,0,1,0,1,0,0,0,6.925685724000061,50.95724754400004
2024,9,15,5,3,2,6,0,1,1,0,0,6.934949724000035,50.915617791000045
2024,9,2,4,3,1,5,2,1,1,0,0,7.614448362000076,51.95358784800004
2024,9,8,4,2,5,3,0,1,0,0,0,7.630558198000074,51.95788919800003
2024,9,6,4,3,5,3,2,1,1,0,0,7.592817661000026,51.96947272800003
2024,9,17,4,3,5,3,0,1,1,0,0,6.91009791700003,50.96343182600003
2024,9,16,4,3,0,1,0,1,0,0,0,6.906592717000024,50.921204913000054
2024,9,11,4,3,7,1,0,1,0,0,0,7.013621571000044,50.89133619200004
2024,9,16,4,3,5,3,0,1,1,0,0,6.942007912000065,50.94283286600006
2024,9,17,4,3,0,7,0,1,1,0,0,6.996294405000071,50.96003488100007
2024,9,12,4,3,0,6,0,1,0,0,0,6.948348445000022,50.94625625800006
2024,9,19,4,3,5,3,0,1,0,0,0,7.813502699000026,51.68154760300007
2024,9,14,3,3,0,5,0,1,1,0,0,7.642824402000031,51.95547165100004
2024,9,12,3,3,5,2,0,1,1,0,0,7.069166812000049,50.89158069500007
2024,9,13,3,2,7,5,0,1,0,0,0,7.011299869000027,50.97386212400005
2024,9,17,3,2,1,5,0,1,1,0,0,6.946628529000066,50.93502444400008
2024,9,9,3,3,5,2,0,1,1,0,0,6.934481241000071,50.93402728600006
2024,9,18,2,2,5,3,0,1,0,0,0,7.625958978000028,51.97161851100003
2024,9,15,2,3,6,7,0,1,0,1,0,6.970023016000027,50.93539488500005
2024,9,19,2,3,0,5,0,1,1,0,0,6.946464475000028,50.971209299000066
2024,9,17,2,3,5,3,0,1,1,0,0,6.994685588000038,50.89329823400004
2024,9,15,2,3,5,3,0,1,0,0,0,6.970473506000076,50.907038982000074
2024,9,15,2,3,0,1,0,1,0,0,0,6.934973671000023,50.92781033400007
2024,9,9,2,3,5,3,0,1,1,0,0,7.021656189000055,50.87691108100006
2024,9,15,1,3,5,3,0,1,1,0,0,6.923306529000058,50.972342241000035
2024,9,15,1,3,3,6,0,1,1,0,0,7.633570847000044,51.96020201700003
2024,9,1,1,3,6,4,2,1,0,1,0,6.956258771000023,50.93279609800004
2024,9,15,7,2,6,4,0,1,0,1,0,6.969554201000051,50.94307830400004
2024,10,9,5,3,1,5,0,1,1,0,0,7.81702292500006,51.68031929400007
2024,10,18,4,3,5,6,2,1,1,0,0,7.601901762000068,51.97327417300005
2024,10,12,4,3,0,6,0,1,0,1,0,7.671007050000071,51.94753161700004
2024,10,10,3,3,0,3,0,1,1,0,0,7.64644121300006,51.96571110100007
2024,10,14,3,2,0,1,0,1,0,0,0,7.032105338000065,50.98372750500005
2024,10,10,3,3,0,5,0,1,1,0,0,7.008681115000059,50.97927907500008
2024,10,8,2,2,0,7,0,1,0,0,0,7.702463217000059,51.98771104900004
2024,10,10,2,2,6,6,0,1,0,1,0,6.990989612000021,50.95565924700003
2024,10,9,2,3,3,2,0,1,1,0,0,6.946433988000024,50.92885467900004
2024,10,12,1,3,0,4,0,1,0,1,0,7.007215554000027,50.850630616000046
2024,10,17,7,3,0,7,0,1,1,0,0,6.96137040900004,50.94114349700004
2024,10,17,6,3,6,7,0,1,0,1,0,7.66009572400003,51.892015694000065
2024,10,17,6,3,1,1,0,1,1,0,0,7.620152148000045,51.93734880200003
2024,10,15,6,3,5,2,0,1,1,0,0,7.651686996000024,51.968165584000076
2024,10,16,6,3,0,5,0,1,1,0,0,6.920804120000071,50.95356122900006
2024,10,14,6,3,0,7,0,1,1,0,0,6.917779797000037,50.94959722400006
2024,10,20,6,3,0,5,1,1,1,0,0,6.956279322000057,50.92539631400007
2024,10,11,5,3,0,1,0,1,0,0,0,7.075358441000049,50.983042081000065
2024,10,18,5,3,5,3,1,1,1,0,0,6.96352564700004,50.97981807900004
2024,10,8,5,3,1,5,1,1,1,0,0,6.941326018000041,50.91148772000008
2024,10,8,4,3,0,5,0,1,1,0,0,7.095101594000027,50.96544704100006
2024,10,15,4,3,5,3,1,1,0,0,0,6.91069896700003,50.98610386800004
2024,10,12,4,3,4,2,0,1,1,0,0,6.927600462000044,50.953629414000034
2024,10,17,4,3,5,3,1,1,1,0,0,6.919566430000032,50.926045901000066
2024,10,20,4,3,0,5,2,1,1,0,0,6.933475330000022,50.93241272800003
2024,10,9,3,3,0,1,0,1,0,0,0,7.033295844000065,50.96144493300005
2024,10,7,3,3,5,3,0,1,1,0,0,7.008729114000062,50.95192352600003
2024,10,17,3,2,5,2,0,1,1,0,0,6.978466424000032,50.96954556900005
2024,10,7,3,2,0,7,0,1,0,0,0,6.986288240000022,50.969567469000026
2024,10,8,3,2,5,3,0,1,0,0,0,6.942069981000031,50.95904011300007
2024,10,6,3,2,7,6,2,1,0,0,0,6.898875978000035,50.95829141100006
2024,10,16,3,3,5,3,0,1,1,0,0,6.961702823000053,50.94191400300008
2024,10,8,3,3,3,2,0,1,0,0,0,6.936281520000023,50.92858206600005
2024,10,7,2,3,0,3,0,1,1,0,0,7.548976807000031,51.949773479000044
2024,10,8,2,3,2,6,0,1,1,0,0,7.005751911000061,50.95999483800006
2024,10,11,2,3,1,6,0,1,1,0,0,6.90887456300004,50.94234378400006
2024,10,17,3,3,0,7,0,1,0,0,0,7.578901613000028,51.93062048300004
2024,10,6,7,3,6,6,1,1,0,1,0,7.625712086000021,51.962082930000065
2024,10,19,6,3,9,7,1,1,0,0,0,7.608702699000048,51.88329606000008
2024,10,11,6,3,5,3,0,1,1,0,0,7.007095948000028,50.869317763000026
2024,10,16,5,3,6,1,0,1,0,1,0,7.018037930000048,50.897028542000044
2024,10,19,5,3,0,1,2,1,0,0,0,6.941983513000025,50.938306641000054
2024,10,17,4,3,3,2,0,1,0,0,0,7.623347281000065,51.96376964800004
2024,10,12,4,3,0,1,0,1,0,0,0,7.644039168000063,51.899347789000046
2024,10,7,4,2,3,6,0,1,1,0,0,7.06032054800005,50.928040132000035
2024,10,19,4,3,3,5,2,1,1,0,0,6.949952193000058,50.96012492300008
2024,10,12,4,3,1,1,0,1,1,0,0,6.967649057000074,50.98389142700006
2024,10,18,4,3,2,6,1,1,1,0,0,6.922952554000062,50.94722449100004
2024,10,17,4,3,5,3,0,1,0,0,0,6.935919498000032,50.95690520000005
2024,10,10,4,3,5,2,0,1,0,0,1,6.892690633000029,50.96115221200006
2024,10,19,4,3,1,6,1,1,1,0,0,6.944748567000033,50.93523066900008
2024,10,18,3,3,0,1,1,1,0,0,0,7.041143345000023,50.99943087500003
2024,10,8,3,3,5,3,0,1,1,0,0,6.958593006000058,50.96445901200008
2024,10,10,3,3,5,2,0,1,0,0,0,6.92315338800006,50.95270370500003
2024,10,12,3,3,0,7,0,1,0,0,0,6.928704047000053,50.912063663000026
2024,10,14,6,3,4,2,0,1,1,0,0,6.967834236000044,50.90987071300003
2024,9,19,2,3,4,2,2,1,1,0,0,7.06928810900007,50.97346216400007
2024,9,11,2,3,0,3,0,1,0,0,0,7.022724740000058,50.87180817600006
2024,9,7,2,3,1,5,0,1,1,0,0,6.920316256000035,50.92627650000003
2024,9,16,1,3,6,7,0,1,0,1,0,6.940210600000057,50.946529303000034
2024,11,14,2,3,1,5,0,1,1,0,0,7.100263607000045,50.87645205500007
2024,11,15,2,3,0,6,0,1,0,1,0,7.025247317000037,50.958190767000076
2024,11,8,2,3,0,6,0,1,1,0,0,7.051043321000066,50.96498556100005
2024,11,15,2,3,6,4,0,1,0,1,0,6.914813763000041,50.95145743000006
2024,11,14,2,3,5,2,0,1,1,0,0,6.863126778000037,50.94053237900005
2024,11,8,2,3,5,2,0,1,1,0,0,6.940066748000049,50.91118801700003
2024,11,15,1,3,0,6,0,1,0,1,0,6.998225292000029,51.013329372000044
2024,11,14,1,3,5,2,0,1,0,0,0,6.884578314000066,50.91965399700007
2024,11,12,7,3,6,4,0,1,0,1,0,6.917398025000068,50.94975377500003
2024,11,21,6,3,0,1,2,1,0,0,0,6.923012335000067,50.92272244900005
2024,10,16,5,3,5,3,1,1,0,0,0,6.973186269000053,50.94082726500005
2024,10,22,5,3,0,1,2,1,0,0,0,6.901187579000066,50.93002829800008
2024,10,10,5,3,0,1,0,1,0,0,0,6.993288304000032,50.891872929000044
2024,10,9,4,3,0,1,0,1,0,0,0,6.923752418000049,50.92298309700004
2024,10,16,3,3,5,3,0,1,0,0,0,7.630173935000073,51.96866190600008
2024,10,11,3,3,5,3,0,1,1,0,0,7.636777159000076,51.927236192000066
2024,10,7,3,3,5,2,0,1,0,0,0,6.973451802000056,50.96863311700008
2024,10,7,3,2,1,7,0,1,1,0,0,7.595335861000024,51.96122330700007
2024,10,20,3,3,5,3,2,1,0,0,0,7.868874421000044,51.68897941400007
2024,10,14,2,3,0,2,0,1,1,0,0,7.635430506000034,51.971148292000066
2024,10,7,2,3,5,3,0,1,1,0,0,7.611047048000046,51.93822744100004
2024,10,20,2,3,0,7,2,1,1,0,0,7.001291713000057,50.95271212200004
2024,10,15,2,2,0,5,0,1,1,0,0,6.860970596000072,50.933611444000064
2024,10,8,2,3,5,2,0,1,1,0,0,6.91271757100003,50.952783089000036
2024,10,12,2,3,5,3,0,1,1,0,0,6.936348701000043,50.928606924000064
2024,10,2,1,3,0,1,2,1,0,0,0,6.997085730000038,50.88886928200003
2024,10,14,2,3,5,2,0,1,1,0,0,6.923792171000059,50.94429816300004
2024,10,17,7,3,5,3,0,1,1,0,0,6.936362608000024,50.96004250400006
2024,10,21,7,3,1,5,2,1,1,0,0,6.904248845000041,50.95149644900005
2024,10,16,7,3,0,3,0,1,1,0,0,6.994658686000037,50.893226930000026
2024,10,15,7,3,3,2,0,1,0,0,0,6.944671300000039,50.91561093300004
2024,10,13,7,2,0,1,0,1,0,0,0,6.900454938000053,50.91721376100003
2024,10,21,6,3,5,3,2,1,1,0,0,7.59574626400007,52.00004454200007
2024,10,14,6,3,0,1,0,1,0,0,0,6.988708291000023,50.98834450600003
2024,10,21,6,3,3,6,2,1,1,0,0,6.896817107000061,50.93448680300003
2024,10,8,6,3,0,6,0,1,1,0,0,6.962008777000051,50.89741692500007
2024,10,10,6,3,0,1,0,1,0,0,0,6.974086660000069,50.900598623000064
2024,10,7,6,3,5,3,0,1,1,0,0,6.958710866000047,50.91027833800007
2024,10,18,6,3,5,3,0,1,1,0,0,7.834875124000064,51.68574758800003
2024,10,11,5,2,5,2,0,1,1,0,0,7.53870153400004,51.94797136100004
2024,10,7,5,3,3,6,1,1,1,0,0,6.939722701000051,50.91777392300003